filepath,speaker_id,sentence_id,dialect_id
datasets\TIMIT\TRAIN\DR1\FDAW0\SA1.WAV,fdaw0,sa1,dr1
datasets\TIMIT\TRAIN\DR1\FDAW0\SA2.WAV,fdaw0,sa2,dr1
datasets\TIMIT\TRAIN\DR1\FDAW0\SI1271.WAV,fdaw0,si1271,dr1
datasets\TIMIT\TRAIN\DR1\FDAW0\SI1406.WAV,fdaw0,si1406,dr1
datasets\TIMIT\TRAIN\DR1\FDAW0\SI2036.WAV,fdaw0,si2036,dr1
datasets\TIMIT\TRAIN\DR1\FDAW0\SX146.WAV,fdaw0,sx146,dr1
datasets\TIMIT\TRAIN\DR1\FDAW0\SX236.WAV,fdaw0,sx236,dr1
datasets\TIMIT\TRAIN\DR1\FDAW0\SX326.WAV,fdaw0,sx326,dr1
datasets\TIMIT\TRAIN\DR1\FDAW0\SX416.WAV,fdaw0,sx416,dr1
datasets\TIMIT\TRAIN\DR1\FDAW0\SX56.WAV,fdaw0,sx56,dr1
datasets\TIMIT\TRAIN\DR1\FDML0\SA1.WAV,fdml0,sa1,dr1
datasets\TIMIT\TRAIN\DR1\FDML0\SA2.WAV,fdml0,sa2,dr1
datasets\TIMIT\TRAIN\DR1\FDML0\SI1149.WAV,fdml0,si1149,dr1
datasets\TIMIT\TRAIN\DR1\FDML0\SI1779.WAV,fdml0,si1779,dr1
datasets\TIMIT\TRAIN\DR1\FDML0\SI2075.WAV,fdml0,si2075,dr1
datasets\TIMIT\TRAIN\DR1\FDML0\SX159.WAV,fdml0,sx159,dr1
datasets\TIMIT\TRAIN\DR1\FDML0\SX249.WAV,fdml0,sx249,dr1
datasets\TIMIT\TRAIN\DR1\FDML0\SX339.WAV,fdml0,sx339,dr1
datasets\TIMIT\TRAIN\DR1\FDML0\SX429.WAV,fdml0,sx429,dr1
datasets\TIMIT\TRAIN\DR1\FDML0\SX69.WAV,fdml0,sx69,dr1
datasets\TIMIT\TRAIN\DR1\FECD0\SA1.WAV,fecd0,sa1,dr1
datasets\TIMIT\TRAIN\DR1\FECD0\SA2.WAV,fecd0,sa2,dr1
datasets\TIMIT\TRAIN\DR1\FECD0\SI1418.WAV,fecd0,si1418,dr1
datasets\TIMIT\TRAIN\DR1\FECD0\SI2048.WAV,fecd0,si2048,dr1
datasets\TIMIT\TRAIN\DR1\FECD0\SI788.WAV,fecd0,si788,dr1
datasets\TIMIT\TRAIN\DR1\FECD0\SX158.WAV,fecd0,sx158,dr1
datasets\TIMIT\TRAIN\DR1\FECD0\SX248.WAV,fecd0,sx248,dr1
datasets\TIMIT\TRAIN\DR1\FECD0\SX338.WAV,fecd0,sx338,dr1
datasets\TIMIT\TRAIN\DR1\FECD0\SX428.WAV,fecd0,sx428,dr1
datasets\TIMIT\TRAIN\DR1\FECD0\SX68.WAV,fecd0,sx68,dr1
datasets\TIMIT\TRAIN\DR1\FETB0\SA1.WAV,fetb0,sa1,dr1
datasets\TIMIT\TRAIN\DR1\FETB0\SA2.WAV,fetb0,sa2,dr1
datasets\TIMIT\TRAIN\DR1\FETB0\SI1148.WAV,fetb0,si1148,dr1
datasets\TIMIT\TRAIN\DR1\FETB0\SI1778.WAV,fetb0,si1778,dr1
datasets\TIMIT\TRAIN\DR1\FETB0\SI518.WAV,fetb0,si518,dr1
datasets\TIMIT\TRAIN\DR1\FETB0\SX158.WAV,fetb0,sx158,dr1
datasets\TIMIT\TRAIN\DR1\FETB0\SX248.WAV,fetb0,sx248,dr1
datasets\TIMIT\TRAIN\DR1\FETB0\SX338.WAV,fetb0,sx338,dr1
datasets\TIMIT\TRAIN\DR1\FETB0\SX428.WAV,fetb0,sx428,dr1
datasets\TIMIT\TRAIN\DR1\FETB0\SX68.WAV,fetb0,sx68,dr1
datasets\TIMIT\TRAIN\DR1\FJSP0\SA1.WAV,fjsp0,sa1,dr1
datasets\TIMIT\TRAIN\DR1\FJSP0\SA2.WAV,fjsp0,sa2,dr1
datasets\TIMIT\TRAIN\DR1\FJSP0\SI1434.WAV,fjsp0,si1434,dr1
datasets\TIMIT\TRAIN\DR1\FJSP0\SI1763.WAV,fjsp0,si1763,dr1
datasets\TIMIT\TRAIN\DR1\FJSP0\SI804.WAV,fjsp0,si804,dr1
datasets\TIMIT\TRAIN\DR1\FJSP0\SX174.WAV,fjsp0,sx174,dr1
datasets\TIMIT\TRAIN\DR1\FJSP0\SX264.WAV,fjsp0,sx264,dr1
datasets\TIMIT\TRAIN\DR1\FJSP0\SX354.WAV,fjsp0,sx354,dr1
datasets\TIMIT\TRAIN\DR1\FJSP0\SX444.WAV,fjsp0,sx444,dr1
datasets\TIMIT\TRAIN\DR1\FJSP0\SX84.WAV,fjsp0,sx84,dr1
datasets\TIMIT\TRAIN\DR1\FKFB0\SA1.WAV,fkfb0,sa1,dr1
datasets\TIMIT\TRAIN\DR1\FKFB0\SA2.WAV,fkfb0,sa2,dr1
datasets\TIMIT\TRAIN\DR1\FKFB0\SI1608.WAV,fkfb0,si1608,dr1
datasets\TIMIT\TRAIN\DR1\FKFB0\SI2238.WAV,fkfb0,si2238,dr1
datasets\TIMIT\TRAIN\DR1\FKFB0\SI978.WAV,fkfb0,si978,dr1
datasets\TIMIT\TRAIN\DR1\FKFB0\SX168.WAV,fkfb0,sx168,dr1
datasets\TIMIT\TRAIN\DR1\FKFB0\SX258.WAV,fkfb0,sx258,dr1
datasets\TIMIT\TRAIN\DR1\FKFB0\SX348.WAV,fkfb0,sx348,dr1
datasets\TIMIT\TRAIN\DR1\FKFB0\SX438.WAV,fkfb0,sx438,dr1
datasets\TIMIT\TRAIN\DR1\FKFB0\SX78.WAV,fkfb0,sx78,dr1
datasets\TIMIT\TRAIN\DR1\FMEM0\SA1.WAV,fmem0,sa1,dr1
datasets\TIMIT\TRAIN\DR1\FMEM0\SA2.WAV,fmem0,sa2,dr1
datasets\TIMIT\TRAIN\DR1\FMEM0\SI1377.WAV,fmem0,si1377,dr1
datasets\TIMIT\TRAIN\DR1\FMEM0\SI2007.WAV,fmem0,si2007,dr1
datasets\TIMIT\TRAIN\DR1\FMEM0\SI747.WAV,fmem0,si747,dr1
datasets\TIMIT\TRAIN\DR1\FMEM0\SX117.WAV,fmem0,sx117,dr1
datasets\TIMIT\TRAIN\DR1\FMEM0\SX207.WAV,fmem0,sx207,dr1
datasets\TIMIT\TRAIN\DR1\FMEM0\SX297.WAV,fmem0,sx297,dr1
datasets\TIMIT\TRAIN\DR1\FMEM0\SX333.WAV,fmem0,sx333,dr1
datasets\TIMIT\TRAIN\DR1\FMEM0\SX387.WAV,fmem0,sx387,dr1
datasets\TIMIT\TRAIN\DR1\FSAH0\SA1.WAV,fsah0,sa1,dr1
datasets\TIMIT\TRAIN\DR1\FSAH0\SA2.WAV,fsah0,sa2,dr1
datasets\TIMIT\TRAIN\DR1\FSAH0\SI1244.WAV,fsah0,si1244,dr1
datasets\TIMIT\TRAIN\DR1\FSAH0\SI1874.WAV,fsah0,si1874,dr1
datasets\TIMIT\TRAIN\DR1\FSAH0\SI614.WAV,fsah0,si614,dr1
datasets\TIMIT\TRAIN\DR1\FSAH0\SX164.WAV,fsah0,sx164,dr1
datasets\TIMIT\TRAIN\DR1\FSAH0\SX327.WAV,fsah0,sx327,dr1
datasets\TIMIT\TRAIN\DR1\FSAH0\SX344.WAV,fsah0,sx344,dr1
datasets\TIMIT\TRAIN\DR1\FSAH0\SX434.WAV,fsah0,sx434,dr1
datasets\TIMIT\TRAIN\DR1\FSAH0\SX74.WAV,fsah0,sx74,dr1
datasets\TIMIT\TRAIN\DR1\FSMA0\SA1.WAV,fsma0,sa1,dr1
datasets\TIMIT\TRAIN\DR1\FSMA0\SA2.WAV,fsma0,sa2,dr1
datasets\TIMIT\TRAIN\DR1\FSMA0\SI1621.WAV,fsma0,si1621,dr1
datasets\TIMIT\TRAIN\DR1\FSMA0\SI2251.WAV,fsma0,si2251,dr1
datasets\TIMIT\TRAIN\DR1\FSMA0\SI991.WAV,fsma0,si991,dr1
datasets\TIMIT\TRAIN\DR1\FSMA0\SX181.WAV,fsma0,sx181,dr1
datasets\TIMIT\TRAIN\DR1\FSMA0\SX271.WAV,fsma0,sx271,dr1
datasets\TIMIT\TRAIN\DR1\FSMA0\SX361.WAV,fsma0,sx361,dr1
datasets\TIMIT\TRAIN\DR1\FSMA0\SX451.WAV,fsma0,sx451,dr1
datasets\TIMIT\TRAIN\DR1\FSMA0\SX91.WAV,fsma0,sx91,dr1
datasets\TIMIT\TRAIN\DR1\FVFB0\SA1.WAV,fvfb0,sa1,dr1
datasets\TIMIT\TRAIN\DR1\FVFB0\SA2.WAV,fvfb0,sa2,dr1
datasets\TIMIT\TRAIN\DR1\FVFB0\SI1032.WAV,fvfb0,si1032,dr1
datasets\TIMIT\TRAIN\DR1\FVFB0\SI1510.WAV,fvfb0,si1510,dr1
datasets\TIMIT\TRAIN\DR1\FVFB0\SI2292.WAV,fvfb0,si2292,dr1
datasets\TIMIT\TRAIN\DR1\FVFB0\SX132.WAV,fvfb0,sx132,dr1
datasets\TIMIT\TRAIN\DR1\FVFB0\SX222.WAV,fvfb0,sx222,dr1
datasets\TIMIT\TRAIN\DR1\FVFB0\SX312.WAV,fvfb0,sx312,dr1
datasets\TIMIT\TRAIN\DR1\FVFB0\SX402.WAV,fvfb0,sx402,dr1
datasets\TIMIT\TRAIN\DR1\FVFB0\SX42.WAV,fvfb0,sx42,dr1
datasets\TIMIT\TRAIN\DR1\FVMH0\SA1.WAV,fvmh0,sa1,dr1
datasets\TIMIT\TRAIN\DR1\FVMH0\SA2.WAV,fvmh0,sa2,dr1
datasets\TIMIT\TRAIN\DR1\FVMH0\SI1466.WAV,fvmh0,si1466,dr1
datasets\TIMIT\TRAIN\DR1\FVMH0\SI2096.WAV,fvmh0,si2096,dr1
datasets\TIMIT\TRAIN\DR1\FVMH0\SI836.WAV,fvmh0,si836,dr1
datasets\TIMIT\TRAIN\DR1\FVMH0\SX116.WAV,fvmh0,sx116,dr1
datasets\TIMIT\TRAIN\DR1\FVMH0\SX206.WAV,fvmh0,sx206,dr1
datasets\TIMIT\TRAIN\DR1\FVMH0\SX26.WAV,fvmh0,sx26,dr1
datasets\TIMIT\TRAIN\DR1\FVMH0\SX296.WAV,fvmh0,sx296,dr1
datasets\TIMIT\TRAIN\DR1\FVMH0\SX386.WAV,fvmh0,sx386,dr1
datasets\TIMIT\TRAIN\DR1\MCPM0\SA1.WAV,mcpm0,sa1,dr1
datasets\TIMIT\TRAIN\DR1\MCPM0\SA2.WAV,mcpm0,sa2,dr1
datasets\TIMIT\TRAIN\DR1\MCPM0\SI1194.WAV,mcpm0,si1194,dr1
datasets\TIMIT\TRAIN\DR1\MCPM0\SI1824.WAV,mcpm0,si1824,dr1
datasets\TIMIT\TRAIN\DR1\MCPM0\SI564.WAV,mcpm0,si564,dr1
datasets\TIMIT\TRAIN\DR1\MCPM0\SX114.WAV,mcpm0,sx114,dr1
datasets\TIMIT\TRAIN\DR1\MCPM0\SX204.WAV,mcpm0,sx204,dr1
datasets\TIMIT\TRAIN\DR1\MCPM0\SX24.WAV,mcpm0,sx24,dr1
datasets\TIMIT\TRAIN\DR1\MCPM0\SX294.WAV,mcpm0,sx294,dr1
datasets\TIMIT\TRAIN\DR1\MCPM0\SX384.WAV,mcpm0,sx384,dr1
datasets\TIMIT\TRAIN\DR1\MDPK0\SA1.WAV,mdpk0,sa1,dr1
datasets\TIMIT\TRAIN\DR1\MDPK0\SA2.WAV,mdpk0,sa2,dr1
datasets\TIMIT\TRAIN\DR1\MDPK0\SI1053.WAV,mdpk0,si1053,dr1
datasets\TIMIT\TRAIN\DR1\MDPK0\SI1683.WAV,mdpk0,si1683,dr1
datasets\TIMIT\TRAIN\DR1\MDPK0\SI552.WAV,mdpk0,si552,dr1
datasets\TIMIT\TRAIN\DR1\MDPK0\SX153.WAV,mdpk0,sx153,dr1
datasets\TIMIT\TRAIN\DR1\MDPK0\SX243.WAV,mdpk0,sx243,dr1
datasets\TIMIT\TRAIN\DR1\MDPK0\SX333.WAV,mdpk0,sx333,dr1
datasets\TIMIT\TRAIN\DR1\MDPK0\SX423.WAV,mdpk0,sx423,dr1
datasets\TIMIT\TRAIN\DR1\MDPK0\SX63.WAV,mdpk0,sx63,dr1
datasets\TIMIT\TRAIN\DR1\MEDR0\SA1.WAV,medr0,sa1,dr1
datasets\TIMIT\TRAIN\DR1\MEDR0\SA2.WAV,medr0,sa2,dr1
datasets\TIMIT\TRAIN\DR1\MEDR0\SI1374.WAV,medr0,si1374,dr1
datasets\TIMIT\TRAIN\DR1\MEDR0\SI2004.WAV,medr0,si2004,dr1
datasets\TIMIT\TRAIN\DR1\MEDR0\SI744.WAV,medr0,si744,dr1
datasets\TIMIT\TRAIN\DR1\MEDR0\SX114.WAV,medr0,sx114,dr1
datasets\TIMIT\TRAIN\DR1\MEDR0\SX204.WAV,medr0,sx204,dr1
datasets\TIMIT\TRAIN\DR1\MEDR0\SX24.WAV,medr0,sx24,dr1
datasets\TIMIT\TRAIN\DR1\MEDR0\SX294.WAV,medr0,sx294,dr1
datasets\TIMIT\TRAIN\DR1\MEDR0\SX384.WAV,medr0,sx384,dr1
datasets\TIMIT\TRAIN\DR1\MJWT0\SA1.WAV,mjwt0,sa1,dr1
datasets\TIMIT\TRAIN\DR1\MJWT0\SA2.WAV,mjwt0,sa2,dr1
datasets\TIMIT\TRAIN\DR1\MJWT0\SI1291.WAV,mjwt0,si1291,dr1
datasets\TIMIT\TRAIN\DR1\MJWT0\SI1381.WAV,mjwt0,si1381,dr1
datasets\TIMIT\TRAIN\DR1\MJWT0\SI751.WAV,mjwt0,si751,dr1
datasets\TIMIT\TRAIN\DR1\MJWT0\SX121.WAV,mjwt0,sx121,dr1
datasets\TIMIT\TRAIN\DR1\MJWT0\SX211.WAV,mjwt0,sx211,dr1
datasets\TIMIT\TRAIN\DR1\MJWT0\SX301.WAV,mjwt0,sx301,dr1
datasets\TIMIT\TRAIN\DR1\MJWT0\SX31.WAV,mjwt0,sx31,dr1
datasets\TIMIT\TRAIN\DR1\MJWT0\SX391.WAV,mjwt0,sx391,dr1
datasets\TIMIT\TRAIN\DR1\MKLS0\SA1.WAV,mkls0,sa1,dr1
datasets\TIMIT\TRAIN\DR1\MKLS0\SA2.WAV,mkls0,sa2,dr1
datasets\TIMIT\TRAIN\DR1\MKLS0\SI1437.WAV,mkls0,si1437,dr1
datasets\TIMIT\TRAIN\DR1\MKLS0\SI1533.WAV,mkls0,si1533,dr1
datasets\TIMIT\TRAIN\DR1\MKLS0\SI2067.WAV,mkls0,si2067,dr1
datasets\TIMIT\TRAIN\DR1\MKLS0\SX177.WAV,mkls0,sx177,dr1
datasets\TIMIT\TRAIN\DR1\MKLS0\SX267.WAV,mkls0,sx267,dr1
datasets\TIMIT\TRAIN\DR1\MKLS0\SX357.WAV,mkls0,sx357,dr1
datasets\TIMIT\TRAIN\DR1\MKLS0\SX447.WAV,mkls0,sx447,dr1
datasets\TIMIT\TRAIN\DR1\MKLS0\SX87.WAV,mkls0,sx87,dr1
datasets\TIMIT\TRAIN\DR1\MKLW0\SA1.WAV,mklw0,sa1,dr1
datasets\TIMIT\TRAIN\DR1\MKLW0\SA2.WAV,mklw0,sa2,dr1
datasets\TIMIT\TRAIN\DR1\MKLW0\SI1571.WAV,mklw0,si1571,dr1
datasets\TIMIT\TRAIN\DR1\MKLW0\SI1844.WAV,mklw0,si1844,dr1
datasets\TIMIT\TRAIN\DR1\MKLW0\SI2201.WAV,mklw0,si2201,dr1
datasets\TIMIT\TRAIN\DR1\MKLW0\SX131.WAV,mklw0,sx131,dr1
datasets\TIMIT\TRAIN\DR1\MKLW0\SX221.WAV,mklw0,sx221,dr1
datasets\TIMIT\TRAIN\DR1\MKLW0\SX311.WAV,mklw0,sx311,dr1
datasets\TIMIT\TRAIN\DR1\MKLW0\SX401.WAV,mklw0,sx401,dr1
datasets\TIMIT\TRAIN\DR1\MKLW0\SX41.WAV,mklw0,sx41,dr1
datasets\TIMIT\TRAIN\DR1\MMGG0\SA1.WAV,mmgg0,sa1,dr1
datasets\TIMIT\TRAIN\DR1\MMGG0\SA2.WAV,mmgg0,sa2,dr1
datasets\TIMIT\TRAIN\DR1\MMGG0\SI1079.WAV,mmgg0,si1079,dr1
datasets\TIMIT\TRAIN\DR1\MMGG0\SI1709.WAV,mmgg0,si1709,dr1
datasets\TIMIT\TRAIN\DR1\MMGG0\SI2339.WAV,mmgg0,si2339,dr1
datasets\TIMIT\TRAIN\DR1\MMGG0\SX179.WAV,mmgg0,sx179,dr1
datasets\TIMIT\TRAIN\DR1\MMGG0\SX269.WAV,mmgg0,sx269,dr1
datasets\TIMIT\TRAIN\DR1\MMGG0\SX359.WAV,mmgg0,sx359,dr1
datasets\TIMIT\TRAIN\DR1\MMGG0\SX449.WAV,mmgg0,sx449,dr1
datasets\TIMIT\TRAIN\DR1\MMGG0\SX89.WAV,mmgg0,sx89,dr1
datasets\TIMIT\TRAIN\DR1\MMRP0\SA1.WAV,mmrp0,sa1,dr1
datasets\TIMIT\TRAIN\DR1\MMRP0\SA2.WAV,mmrp0,sa2,dr1
datasets\TIMIT\TRAIN\DR1\MMRP0\SI2034.WAV,mmrp0,si2034,dr1
datasets\TIMIT\TRAIN\DR1\MMRP0\SI717.WAV,mmrp0,si717,dr1
datasets\TIMIT\TRAIN\DR1\MMRP0\SI774.WAV,mmrp0,si774,dr1
datasets\TIMIT\TRAIN\DR1\MMRP0\SX144.WAV,mmrp0,sx144,dr1
datasets\TIMIT\TRAIN\DR1\MMRP0\SX234.WAV,mmrp0,sx234,dr1
datasets\TIMIT\TRAIN\DR1\MMRP0\SX324.WAV,mmrp0,sx324,dr1
datasets\TIMIT\TRAIN\DR1\MMRP0\SX414.WAV,mmrp0,sx414,dr1
datasets\TIMIT\TRAIN\DR1\MMRP0\SX54.WAV,mmrp0,sx54,dr1
datasets\TIMIT\TRAIN\DR1\MPGH0\SA1.WAV,mpgh0,sa1,dr1
datasets\TIMIT\TRAIN\DR1\MPGH0\SA2.WAV,mpgh0,sa2,dr1
datasets\TIMIT\TRAIN\DR1\MPGH0\SI1554.WAV,mpgh0,si1554,dr1
datasets\TIMIT\TRAIN\DR1\MPGH0\SI675.WAV,mpgh0,si675,dr1
datasets\TIMIT\TRAIN\DR1\MPGH0\SI924.WAV,mpgh0,si924,dr1
datasets\TIMIT\TRAIN\DR1\MPGH0\SX114.WAV,mpgh0,sx114,dr1
datasets\TIMIT\TRAIN\DR1\MPGH0\SX204.WAV,mpgh0,sx204,dr1
datasets\TIMIT\TRAIN\DR1\MPGH0\SX24.WAV,mpgh0,sx24,dr1
datasets\TIMIT\TRAIN\DR1\MPGH0\SX294.WAV,mpgh0,sx294,dr1
datasets\TIMIT\TRAIN\DR1\MPGH0\SX384.WAV,mpgh0,sx384,dr1
datasets\TIMIT\TRAIN\DR1\MPGR0\SA1.WAV,mpgr0,sa1,dr1
datasets\TIMIT\TRAIN\DR1\MPGR0\SA2.WAV,mpgr0,sa2,dr1
datasets\TIMIT\TRAIN\DR1\MPGR0\SI1410.WAV,mpgr0,si1410,dr1
datasets\TIMIT\TRAIN\DR1\MPGR0\SI2040.WAV,mpgr0,si2040,dr1
datasets\TIMIT\TRAIN\DR1\MPGR0\SI780.WAV,mpgr0,si780,dr1
datasets\TIMIT\TRAIN\DR1\MPGR0\SX150.WAV,mpgr0,sx150,dr1
datasets\TIMIT\TRAIN\DR1\MPGR0\SX240.WAV,mpgr0,sx240,dr1
datasets\TIMIT\TRAIN\DR1\MPGR0\SX330.WAV,mpgr0,sx330,dr1
datasets\TIMIT\TRAIN\DR1\MPGR0\SX420.WAV,mpgr0,sx420,dr1
datasets\TIMIT\TRAIN\DR1\MPGR0\SX60.WAV,mpgr0,sx60,dr1
datasets\TIMIT\TRAIN\DR1\MPSW0\SA1.WAV,mpsw0,sa1,dr1
datasets\TIMIT\TRAIN\DR1\MPSW0\SA2.WAV,mpsw0,sa2,dr1
datasets\TIMIT\TRAIN\DR1\MPSW0\SI1067.WAV,mpsw0,si1067,dr1
datasets\TIMIT\TRAIN\DR1\MPSW0\SI1697.WAV,mpsw0,si1697,dr1
datasets\TIMIT\TRAIN\DR1\MPSW0\SI2327.WAV,mpsw0,si2327,dr1
datasets\TIMIT\TRAIN\DR1\MPSW0\SX167.WAV,mpsw0,sx167,dr1
datasets\TIMIT\TRAIN\DR1\MPSW0\SX24.WAV,mpsw0,sx24,dr1
datasets\TIMIT\TRAIN\DR1\MPSW0\SX257.WAV,mpsw0,sx257,dr1
datasets\TIMIT\TRAIN\DR1\MPSW0\SX437.WAV,mpsw0,sx437,dr1
datasets\TIMIT\TRAIN\DR1\MPSW0\SX77.WAV,mpsw0,sx77,dr1
datasets\TIMIT\TRAIN\DR1\MRAI0\SA1.WAV,mrai0,sa1,dr1
datasets\TIMIT\TRAIN\DR1\MRAI0\SA2.WAV,mrai0,sa2,dr1
datasets\TIMIT\TRAIN\DR1\MRAI0\SI1954.WAV,mrai0,si1954,dr1
datasets\TIMIT\TRAIN\DR1\MRAI0\SI2052.WAV,mrai0,si2052,dr1
datasets\TIMIT\TRAIN\DR1\MRAI0\SI792.WAV,mrai0,si792,dr1
datasets\TIMIT\TRAIN\DR1\MRAI0\SX162.WAV,mrai0,sx162,dr1
datasets\TIMIT\TRAIN\DR1\MRAI0\SX252.WAV,mrai0,sx252,dr1
datasets\TIMIT\TRAIN\DR1\MRAI0\SX342.WAV,mrai0,sx342,dr1
datasets\TIMIT\TRAIN\DR1\MRAI0\SX432.WAV,mrai0,sx432,dr1
datasets\TIMIT\TRAIN\DR1\MRAI0\SX72.WAV,mrai0,sx72,dr1
datasets\TIMIT\TRAIN\DR1\MRCG0\SA1.WAV,mrcg0,sa1,dr1
datasets\TIMIT\TRAIN\DR1\MRCG0\SA2.WAV,mrcg0,sa2,dr1
datasets\TIMIT\TRAIN\DR1\MRCG0\SI1428.WAV,mrcg0,si1428,dr1
datasets\TIMIT\TRAIN\DR1\MRCG0\SI2058.WAV,mrcg0,si2058,dr1
datasets\TIMIT\TRAIN\DR1\MRCG0\SI798.WAV,mrcg0,si798,dr1
datasets\TIMIT\TRAIN\DR1\MRCG0\SX168.WAV,mrcg0,sx168,dr1
datasets\TIMIT\TRAIN\DR1\MRCG0\SX258.WAV,mrcg0,sx258,dr1
datasets\TIMIT\TRAIN\DR1\MRCG0\SX348.WAV,mrcg0,sx348,dr1
datasets\TIMIT\TRAIN\DR1\MRCG0\SX438.WAV,mrcg0,sx438,dr1
datasets\TIMIT\TRAIN\DR1\MRCG0\SX78.WAV,mrcg0,sx78,dr1
datasets\TIMIT\TRAIN\DR1\MRSO0\SA1.WAV,mrso0,sa1,dr1
datasets\TIMIT\TRAIN\DR1\MRSO0\SA2.WAV,mrso0,sa2,dr1
datasets\TIMIT\TRAIN\DR1\MRSO0\SI1206.WAV,mrso0,si1206,dr1
datasets\TIMIT\TRAIN\DR1\MRSO0\SI1659.WAV,mrso0,si1659,dr1
datasets\TIMIT\TRAIN\DR1\MRSO0\SI2289.WAV,mrso0,si2289,dr1
datasets\TIMIT\TRAIN\DR1\MRSO0\SX129.WAV,mrso0,sx129,dr1
datasets\TIMIT\TRAIN\DR1\MRSO0\SX219.WAV,mrso0,sx219,dr1
datasets\TIMIT\TRAIN\DR1\MRSO0\SX309.WAV,mrso0,sx309,dr1
datasets\TIMIT\TRAIN\DR1\MRSO0\SX39.WAV,mrso0,sx39,dr1
datasets\TIMIT\TRAIN\DR1\MRSO0\SX399.WAV,mrso0,sx399,dr1
datasets\TIMIT\TRAIN\DR1\MRWS0\SA1.WAV,mrws0,sa1,dr1
datasets\TIMIT\TRAIN\DR1\MRWS0\SA2.WAV,mrws0,sa2,dr1
datasets\TIMIT\TRAIN\DR1\MRWS0\SI1102.WAV,mrws0,si1102,dr1
datasets\TIMIT\TRAIN\DR1\MRWS0\SI1732.WAV,mrws0,si1732,dr1
datasets\TIMIT\TRAIN\DR1\MRWS0\SI472.WAV,mrws0,si472,dr1
datasets\TIMIT\TRAIN\DR1\MRWS0\SX112.WAV,mrws0,sx112,dr1
datasets\TIMIT\TRAIN\DR1\MRWS0\SX202.WAV,mrws0,sx202,dr1
datasets\TIMIT\TRAIN\DR1\MRWS0\SX22.WAV,mrws0,sx22,dr1
datasets\TIMIT\TRAIN\DR1\MRWS0\SX292.WAV,mrws0,sx292,dr1
datasets\TIMIT\TRAIN\DR1\MRWS0\SX382.WAV,mrws0,sx382,dr1
datasets\TIMIT\TRAIN\DR1\MTPF0\SA1.WAV,mtpf0,sa1,dr1
datasets\TIMIT\TRAIN\DR1\MTPF0\SA2.WAV,mtpf0,sa2,dr1
datasets\TIMIT\TRAIN\DR1\MTPF0\SI1235.WAV,mtpf0,si1235,dr1
datasets\TIMIT\TRAIN\DR1\MTPF0\SI1865.WAV,mtpf0,si1865,dr1
datasets\TIMIT\TRAIN\DR1\MTPF0\SI605.WAV,mtpf0,si605,dr1
datasets\TIMIT\TRAIN\DR1\MTPF0\SX155.WAV,mtpf0,sx155,dr1
datasets\TIMIT\TRAIN\DR1\MTPF0\SX245.WAV,mtpf0,sx245,dr1
datasets\TIMIT\TRAIN\DR1\MTPF0\SX335.WAV,mtpf0,sx335,dr1
datasets\TIMIT\TRAIN\DR1\MTPF0\SX425.WAV,mtpf0,sx425,dr1
datasets\TIMIT\TRAIN\DR1\MTPF0\SX65.WAV,mtpf0,sx65,dr1
datasets\TIMIT\TRAIN\DR1\MTRR0\SA1.WAV,mtrr0,sa1,dr1
datasets\TIMIT\TRAIN\DR1\MTRR0\SA2.WAV,mtrr0,sa2,dr1
datasets\TIMIT\TRAIN\DR1\MTRR0\SI1548.WAV,mtrr0,si1548,dr1
datasets\TIMIT\TRAIN\DR1\MTRR0\SI2178.WAV,mtrr0,si2178,dr1
datasets\TIMIT\TRAIN\DR1\MTRR0\SI918.WAV,mtrr0,si918,dr1
datasets\TIMIT\TRAIN\DR1\MTRR0\SX108.WAV,mtrr0,sx108,dr1
datasets\TIMIT\TRAIN\DR1\MTRR0\SX18.WAV,mtrr0,sx18,dr1
datasets\TIMIT\TRAIN\DR1\MTRR0\SX198.WAV,mtrr0,sx198,dr1
datasets\TIMIT\TRAIN\DR1\MTRR0\SX288.WAV,mtrr0,sx288,dr1
datasets\TIMIT\TRAIN\DR1\MTRR0\SX378.WAV,mtrr0,sx378,dr1
datasets\TIMIT\TRAIN\DR1\MWAD0\SA1.WAV,mwad0,sa1,dr1
datasets\TIMIT\TRAIN\DR1\MWAD0\SA2.WAV,mwad0,sa2,dr1
datasets\TIMIT\TRAIN\DR1\MWAD0\SI1062.WAV,mwad0,si1062,dr1
datasets\TIMIT\TRAIN\DR1\MWAD0\SI1749.WAV,mwad0,si1749,dr1
datasets\TIMIT\TRAIN\DR1\MWAD0\SI2322.WAV,mwad0,si2322,dr1
datasets\TIMIT\TRAIN\DR1\MWAD0\SX162.WAV,mwad0,sx162,dr1
datasets\TIMIT\TRAIN\DR1\MWAD0\SX252.WAV,mwad0,sx252,dr1
datasets\TIMIT\TRAIN\DR1\MWAD0\SX342.WAV,mwad0,sx342,dr1
datasets\TIMIT\TRAIN\DR1\MWAD0\SX432.WAV,mwad0,sx432,dr1
datasets\TIMIT\TRAIN\DR1\MWAD0\SX72.WAV,mwad0,sx72,dr1
datasets\TIMIT\TRAIN\DR1\MWAR0\SA1.WAV,mwar0,sa1,dr1
datasets\TIMIT\TRAIN\DR1\MWAR0\SA2.WAV,mwar0,sa2,dr1
datasets\TIMIT\TRAIN\DR1\MWAR0\SI1045.WAV,mwar0,si1045,dr1
datasets\TIMIT\TRAIN\DR1\MWAR0\SI1675.WAV,mwar0,si1675,dr1
datasets\TIMIT\TRAIN\DR1\MWAR0\SI2305.WAV,mwar0,si2305,dr1
datasets\TIMIT\TRAIN\DR1\MWAR0\SX145.WAV,mwar0,sx145,dr1
datasets\TIMIT\TRAIN\DR1\MWAR0\SX235.WAV,mwar0,sx235,dr1
datasets\TIMIT\TRAIN\DR1\MWAR0\SX325.WAV,mwar0,sx325,dr1
datasets\TIMIT\TRAIN\DR1\MWAR0\SX415.WAV,mwar0,sx415,dr1
datasets\TIMIT\TRAIN\DR1\MWAR0\SX55.WAV,mwar0,sx55,dr1
datasets\TIMIT\TRAIN\DR2\FAEM0\SA1.WAV,faem0,sa1,dr2
datasets\TIMIT\TRAIN\DR2\FAEM0\SA2.WAV,faem0,sa2,dr2
datasets\TIMIT\TRAIN\DR2\FAEM0\SI1392.WAV,faem0,si1392,dr2
datasets\TIMIT\TRAIN\DR2\FAEM0\SI2022.WAV,faem0,si2022,dr2
datasets\TIMIT\TRAIN\DR2\FAEM0\SI762.WAV,faem0,si762,dr2
datasets\TIMIT\TRAIN\DR2\FAEM0\SX132.WAV,faem0,sx132,dr2
datasets\TIMIT\TRAIN\DR2\FAEM0\SX222.WAV,faem0,sx222,dr2
datasets\TIMIT\TRAIN\DR2\FAEM0\SX312.WAV,faem0,sx312,dr2
datasets\TIMIT\TRAIN\DR2\FAEM0\SX402.WAV,faem0,sx402,dr2
datasets\TIMIT\TRAIN\DR2\FAEM0\SX42.WAV,faem0,sx42,dr2
datasets\TIMIT\TRAIN\DR2\FCAJ0\SA1.WAV,fcaj0,sa1,dr2
datasets\TIMIT\TRAIN\DR2\FCAJ0\SA2.WAV,fcaj0,sa2,dr2
datasets\TIMIT\TRAIN\DR2\FCAJ0\SI1479.WAV,fcaj0,si1479,dr2
datasets\TIMIT\TRAIN\DR2\FCAJ0\SI1804.WAV,fcaj0,si1804,dr2
datasets\TIMIT\TRAIN\DR2\FCAJ0\SI849.WAV,fcaj0,si849,dr2
datasets\TIMIT\TRAIN\DR2\FCAJ0\SX129.WAV,fcaj0,sx129,dr2
datasets\TIMIT\TRAIN\DR2\FCAJ0\SX219.WAV,fcaj0,sx219,dr2
datasets\TIMIT\TRAIN\DR2\FCAJ0\SX309.WAV,fcaj0,sx309,dr2
datasets\TIMIT\TRAIN\DR2\FCAJ0\SX39.WAV,fcaj0,sx39,dr2
datasets\TIMIT\TRAIN\DR2\FCAJ0\SX399.WAV,fcaj0,sx399,dr2
datasets\TIMIT\TRAIN\DR2\FCMM0\SA1.WAV,fcmm0,sa1,dr2
datasets\TIMIT\TRAIN\DR2\FCMM0\SA2.WAV,fcmm0,sa2,dr2
datasets\TIMIT\TRAIN\DR2\FCMM0\SI1083.WAV,fcmm0,si1083,dr2
datasets\TIMIT\TRAIN\DR2\FCMM0\SI1957.WAV,fcmm0,si1957,dr2
datasets\TIMIT\TRAIN\DR2\FCMM0\SI453.WAV,fcmm0,si453,dr2
datasets\TIMIT\TRAIN\DR2\FCMM0\SX183.WAV,fcmm0,sx183,dr2
datasets\TIMIT\TRAIN\DR2\FCMM0\SX273.WAV,fcmm0,sx273,dr2
datasets\TIMIT\TRAIN\DR2\FCMM0\SX363.WAV,fcmm0,sx363,dr2
datasets\TIMIT\TRAIN\DR2\FCMM0\SX420.WAV,fcmm0,sx420,dr2
datasets\TIMIT\TRAIN\DR2\FCMM0\SX93.WAV,fcmm0,sx93,dr2
datasets\TIMIT\TRAIN\DR2\FCYL0\SA1.WAV,fcyl0,sa1,dr2
datasets\TIMIT\TRAIN\DR2\FCYL0\SA2.WAV,fcyl0,sa2,dr2
datasets\TIMIT\TRAIN\DR2\FCYL0\SI1297.WAV,fcyl0,si1297,dr2
datasets\TIMIT\TRAIN\DR2\FCYL0\SI1927.WAV,fcyl0,si1927,dr2
datasets\TIMIT\TRAIN\DR2\FCYL0\SI667.WAV,fcyl0,si667,dr2
datasets\TIMIT\TRAIN\DR2\FCYL0\SX127.WAV,fcyl0,sx127,dr2
datasets\TIMIT\TRAIN\DR2\FCYL0\SX217.WAV,fcyl0,sx217,dr2
datasets\TIMIT\TRAIN\DR2\FCYL0\SX349.WAV,fcyl0,sx349,dr2
datasets\TIMIT\TRAIN\DR2\FCYL0\SX37.WAV,fcyl0,sx37,dr2
datasets\TIMIT\TRAIN\DR2\FCYL0\SX397.WAV,fcyl0,sx397,dr2
datasets\TIMIT\TRAIN\DR2\FDAS1\SA1.WAV,fdas1,sa1,dr2
datasets\TIMIT\TRAIN\DR2\FDAS1\SA2.WAV,fdas1,sa2,dr2
datasets\TIMIT\TRAIN\DR2\FDAS1\SI1461.WAV,fdas1,si1461,dr2
datasets\TIMIT\TRAIN\DR2\FDAS1\SI2091.WAV,fdas1,si2091,dr2
datasets\TIMIT\TRAIN\DR2\FDAS1\SI831.WAV,fdas1,si831,dr2
datasets\TIMIT\TRAIN\DR2\FDAS1\SX111.WAV,fdas1,sx111,dr2
datasets\TIMIT\TRAIN\DR2\FDAS1\SX201.WAV,fdas1,sx201,dr2
datasets\TIMIT\TRAIN\DR2\FDAS1\SX21.WAV,fdas1,sx21,dr2
datasets\TIMIT\TRAIN\DR2\FDAS1\SX291.WAV,fdas1,sx291,dr2
datasets\TIMIT\TRAIN\DR2\FDAS1\SX381.WAV,fdas1,sx381,dr2
datasets\TIMIT\TRAIN\DR2\FDNC0\SA1.WAV,fdnc0,sa1,dr2
datasets\TIMIT\TRAIN\DR2\FDNC0\SA2.WAV,fdnc0,sa2,dr2
datasets\TIMIT\TRAIN\DR2\FDNC0\SI1278.WAV,fdnc0,si1278,dr2
datasets\TIMIT\TRAIN\DR2\FDNC0\SI1908.WAV,fdnc0,si1908,dr2
datasets\TIMIT\TRAIN\DR2\FDNC0\SI2287.WAV,fdnc0,si2287,dr2
datasets\TIMIT\TRAIN\DR2\FDNC0\SX108.WAV,fdnc0,sx108,dr2
datasets\TIMIT\TRAIN\DR2\FDNC0\SX18.WAV,fdnc0,sx18,dr2
datasets\TIMIT\TRAIN\DR2\FDNC0\SX198.WAV,fdnc0,sx198,dr2
datasets\TIMIT\TRAIN\DR2\FDNC0\SX288.WAV,fdnc0,sx288,dr2
datasets\TIMIT\TRAIN\DR2\FDNC0\SX378.WAV,fdnc0,sx378,dr2
datasets\TIMIT\TRAIN\DR2\FDXW0\SA1.WAV,fdxw0,sa1,dr2
datasets\TIMIT\TRAIN\DR2\FDXW0\SA2.WAV,fdxw0,sa2,dr2
datasets\TIMIT\TRAIN\DR2\FDXW0\SI1511.WAV,fdxw0,si1511,dr2
datasets\TIMIT\TRAIN\DR2\FDXW0\SI2141.WAV,fdxw0,si2141,dr2
datasets\TIMIT\TRAIN\DR2\FDXW0\SI881.WAV,fdxw0,si881,dr2
datasets\TIMIT\TRAIN\DR2\FDXW0\SX161.WAV,fdxw0,sx161,dr2
datasets\TIMIT\TRAIN\DR2\FDXW0\SX251.WAV,fdxw0,sx251,dr2
datasets\TIMIT\TRAIN\DR2\FDXW0\SX341.WAV,fdxw0,sx341,dr2
datasets\TIMIT\TRAIN\DR2\FDXW0\SX431.WAV,fdxw0,sx431,dr2
datasets\TIMIT\TRAIN\DR2\FDXW0\SX71.WAV,fdxw0,sx71,dr2
datasets\TIMIT\TRAIN\DR2\FEAC0\SA1.WAV,feac0,sa1,dr2
datasets\TIMIT\TRAIN\DR2\FEAC0\SA2.WAV,feac0,sa2,dr2
datasets\TIMIT\TRAIN\DR2\FEAC0\SI1245.WAV,feac0,si1245,dr2
datasets\TIMIT\TRAIN\DR2\FEAC0\SI1875.WAV,feac0,si1875,dr2
datasets\TIMIT\TRAIN\DR2\FEAC0\SI615.WAV,feac0,si615,dr2
datasets\TIMIT\TRAIN\DR2\FEAC0\SX165.WAV,feac0,sx165,dr2
datasets\TIMIT\TRAIN\DR2\FEAC0\SX255.WAV,feac0,sx255,dr2
datasets\TIMIT\TRAIN\DR2\FEAC0\SX345.WAV,feac0,sx345,dr2
datasets\TIMIT\TRAIN\DR2\FEAC0\SX435.WAV,feac0,sx435,dr2
datasets\TIMIT\TRAIN\DR2\FEAC0\SX75.WAV,feac0,sx75,dr2
datasets\TIMIT\TRAIN\DR2\FHLM0\SA1.WAV,fhlm0,sa1,dr2
datasets\TIMIT\TRAIN\DR2\FHLM0\SA2.WAV,fhlm0,sa2,dr2
datasets\TIMIT\TRAIN\DR2\FHLM0\SI1560.WAV,fhlm0,si1560,dr2
datasets\TIMIT\TRAIN\DR2\FHLM0\SI2190.WAV,fhlm0,si2190,dr2
datasets\TIMIT\TRAIN\DR2\FHLM0\SI930.WAV,fhlm0,si930,dr2
datasets\TIMIT\TRAIN\DR2\FHLM0\SX120.WAV,fhlm0,sx120,dr2
datasets\TIMIT\TRAIN\DR2\FHLM0\SX210.WAV,fhlm0,sx210,dr2
datasets\TIMIT\TRAIN\DR2\FHLM0\SX300.WAV,fhlm0,sx300,dr2
datasets\TIMIT\TRAIN\DR2\FHLM0\SX349.WAV,fhlm0,sx349,dr2
datasets\TIMIT\TRAIN\DR2\FHLM0\SX390.WAV,fhlm0,sx390,dr2
datasets\TIMIT\TRAIN\DR2\FJKL0\SA1.WAV,fjkl0,sa1,dr2
datasets\TIMIT\TRAIN\DR2\FJKL0\SA2.WAV,fjkl0,sa2,dr2
datasets\TIMIT\TRAIN\DR2\FJKL0\SI1562.WAV,fjkl0,si1562,dr2
datasets\TIMIT\TRAIN\DR2\FJKL0\SI2192.WAV,fjkl0,si2192,dr2
datasets\TIMIT\TRAIN\DR2\FJKL0\SI932.WAV,fjkl0,si932,dr2
datasets\TIMIT\TRAIN\DR2\FJKL0\SX122.WAV,fjkl0,sx122,dr2
datasets\TIMIT\TRAIN\DR2\FJKL0\SX212.WAV,fjkl0,sx212,dr2
datasets\TIMIT\TRAIN\DR2\FJKL0\SX302.WAV,fjkl0,sx302,dr2
datasets\TIMIT\TRAIN\DR2\FJKL0\SX32.WAV,fjkl0,sx32,dr2
datasets\TIMIT\TRAIN\DR2\FJKL0\SX392.WAV,fjkl0,sx392,dr2
datasets\TIMIT\TRAIN\DR2\FKAA0\SA1.WAV,fkaa0,sa1,dr2
datasets\TIMIT\TRAIN\DR2\FKAA0\SA2.WAV,fkaa0,sa2,dr2
datasets\TIMIT\TRAIN\DR2\FKAA0\SI1208.WAV,fkaa0,si1208,dr2
datasets\TIMIT\TRAIN\DR2\FKAA0\SI1838.WAV,fkaa0,si1838,dr2
datasets\TIMIT\TRAIN\DR2\FKAA0\SI578.WAV,fkaa0,si578,dr2
datasets\TIMIT\TRAIN\DR2\FKAA0\SX128.WAV,fkaa0,sx128,dr2
datasets\TIMIT\TRAIN\DR2\FKAA0\SX218.WAV,fkaa0,sx218,dr2
datasets\TIMIT\TRAIN\DR2\FKAA0\SX308.WAV,fkaa0,sx308,dr2
datasets\TIMIT\TRAIN\DR2\FKAA0\SX38.WAV,fkaa0,sx38,dr2
datasets\TIMIT\TRAIN\DR2\FKAA0\SX398.WAV,fkaa0,sx398,dr2
datasets\TIMIT\TRAIN\DR2\FLMA0\SA1.WAV,flma0,sa1,dr2
datasets\TIMIT\TRAIN\DR2\FLMA0\SA2.WAV,flma0,sa2,dr2
datasets\TIMIT\TRAIN\DR2\FLMA0\SI1243.WAV,flma0,si1243,dr2
datasets\TIMIT\TRAIN\DR2\FLMA0\SI1873.WAV,flma0,si1873,dr2
datasets\TIMIT\TRAIN\DR2\FLMA0\SI613.WAV,flma0,si613,dr2
datasets\TIMIT\TRAIN\DR2\FLMA0\SX163.WAV,flma0,sx163,dr2
datasets\TIMIT\TRAIN\DR2\FLMA0\SX253.WAV,flma0,sx253,dr2
datasets\TIMIT\TRAIN\DR2\FLMA0\SX343.WAV,flma0,sx343,dr2
datasets\TIMIT\TRAIN\DR2\FLMA0\SX433.WAV,flma0,sx433,dr2
datasets\TIMIT\TRAIN\DR2\FLMA0\SX73.WAV,flma0,sx73,dr2
datasets\TIMIT\TRAIN\DR2\FLMC0\SA1.WAV,flmc0,sa1,dr2
datasets\TIMIT\TRAIN\DR2\FLMC0\SA2.WAV,flmc0,sa2,dr2
datasets\TIMIT\TRAIN\DR2\FLMC0\SI1372.WAV,flmc0,si1372,dr2
datasets\TIMIT\TRAIN\DR2\FLMC0\SI2002.WAV,flmc0,si2002,dr2
datasets\TIMIT\TRAIN\DR2\FLMC0\SI742.WAV,flmc0,si742,dr2
datasets\TIMIT\TRAIN\DR2\FLMC0\SX112.WAV,flmc0,sx112,dr2
datasets\TIMIT\TRAIN\DR2\FLMC0\SX22.WAV,flmc0,sx22,dr2
datasets\TIMIT\TRAIN\DR2\FLMC0\SX292.WAV,flmc0,sx292,dr2
datasets\TIMIT\TRAIN\DR2\FLMC0\SX336.WAV,flmc0,sx336,dr2
datasets\TIMIT\TRAIN\DR2\FLMC0\SX382.WAV,flmc0,sx382,dr2
datasets\TIMIT\TRAIN\DR2\FMJB0\SA1.WAV,fmjb0,sa1,dr2
datasets\TIMIT\TRAIN\DR2\FMJB0\SA2.WAV,fmjb0,sa2,dr2
datasets\TIMIT\TRAIN\DR2\FMJB0\SI1177.WAV,fmjb0,si1177,dr2
datasets\TIMIT\TRAIN\DR2\FMJB0\SI1807.WAV,fmjb0,si1807,dr2
datasets\TIMIT\TRAIN\DR2\FMJB0\SI547.WAV,fmjb0,si547,dr2
datasets\TIMIT\TRAIN\DR2\FMJB0\SX187.WAV,fmjb0,sx187,dr2
datasets\TIMIT\TRAIN\DR2\FMJB0\SX277.WAV,fmjb0,sx277,dr2
datasets\TIMIT\TRAIN\DR2\FMJB0\SX367.WAV,fmjb0,sx367,dr2
datasets\TIMIT\TRAIN\DR2\FMJB0\SX7.WAV,fmjb0,sx7,dr2
datasets\TIMIT\TRAIN\DR2\FMJB0\SX97.WAV,fmjb0,sx97,dr2
datasets\TIMIT\TRAIN\DR2\FMKF0\SA1.WAV,fmkf0,sa1,dr2
datasets\TIMIT\TRAIN\DR2\FMKF0\SA2.WAV,fmkf0,sa2,dr2
datasets\TIMIT\TRAIN\DR2\FMKF0\SI1018.WAV,fmkf0,si1018,dr2
datasets\TIMIT\TRAIN\DR2\FMKF0\SI1536.WAV,fmkf0,si1536,dr2
datasets\TIMIT\TRAIN\DR2\FMKF0\SI906.WAV,fmkf0,si906,dr2
datasets\TIMIT\TRAIN\DR2\FMKF0\SX186.WAV,fmkf0,sx186,dr2
datasets\TIMIT\TRAIN\DR2\FMKF0\SX276.WAV,fmkf0,sx276,dr2
datasets\TIMIT\TRAIN\DR2\FMKF0\SX366.WAV,fmkf0,sx366,dr2
datasets\TIMIT\TRAIN\DR2\FMKF0\SX6.WAV,fmkf0,sx6,dr2
datasets\TIMIT\TRAIN\DR2\FMKF0\SX96.WAV,fmkf0,sx96,dr2
datasets\TIMIT\TRAIN\DR2\FMMH0\SA1.WAV,fmmh0,sa1,dr2
datasets\TIMIT\TRAIN\DR2\FMMH0\SA2.WAV,fmmh0,sa2,dr2
datasets\TIMIT\TRAIN\DR2\FMMH0\SI1537.WAV,fmmh0,si1537,dr2
datasets\TIMIT\TRAIN\DR2\FMMH0\SI2167.WAV,fmmh0,si2167,dr2
datasets\TIMIT\TRAIN\DR2\FMMH0\SI907.WAV,fmmh0,si907,dr2
datasets\TIMIT\TRAIN\DR2\FMMH0\SX187.WAV,fmmh0,sx187,dr2
datasets\TIMIT\TRAIN\DR2\FMMH0\SX367.WAV,fmmh0,sx367,dr2
datasets\TIMIT\TRAIN\DR2\FMMH0\SX420.WAV,fmmh0,sx420,dr2
datasets\TIMIT\TRAIN\DR2\FMMH0\SX7.WAV,fmmh0,sx7,dr2
datasets\TIMIT\TRAIN\DR2\FMMH0\SX97.WAV,fmmh0,sx97,dr2
datasets\TIMIT\TRAIN\DR2\FRLL0\SA1.WAV,frll0,sa1,dr2
datasets\TIMIT\TRAIN\DR2\FRLL0\SA2.WAV,frll0,sa2,dr2
datasets\TIMIT\TRAIN\DR2\FRLL0\SI1514.WAV,frll0,si1514,dr2
datasets\TIMIT\TRAIN\DR2\FRLL0\SI805.WAV,frll0,si805,dr2
datasets\TIMIT\TRAIN\DR2\FRLL0\SI884.WAV,frll0,si884,dr2
datasets\TIMIT\TRAIN\DR2\FRLL0\SX164.WAV,frll0,sx164,dr2
datasets\TIMIT\TRAIN\DR2\FRLL0\SX254.WAV,frll0,sx254,dr2
datasets\TIMIT\TRAIN\DR2\FRLL0\SX344.WAV,frll0,sx344,dr2
datasets\TIMIT\TRAIN\DR2\FRLL0\SX434.WAV,frll0,sx434,dr2
datasets\TIMIT\TRAIN\DR2\FRLL0\SX74.WAV,frll0,sx74,dr2
datasets\TIMIT\TRAIN\DR2\FSCN0\SA1.WAV,fscn0,sa1,dr2
datasets\TIMIT\TRAIN\DR2\FSCN0\SA2.WAV,fscn0,sa2,dr2
datasets\TIMIT\TRAIN\DR2\FSCN0\SI1886.WAV,fscn0,si1886,dr2
datasets\TIMIT\TRAIN\DR2\FSCN0\SI626.WAV,fscn0,si626,dr2
datasets\TIMIT\TRAIN\DR2\FSCN0\SI705.WAV,fscn0,si705,dr2
datasets\TIMIT\TRAIN\DR2\FSCN0\SX176.WAV,fscn0,sx176,dr2
datasets\TIMIT\TRAIN\DR2\FSCN0\SX266.WAV,fscn0,sx266,dr2
datasets\TIMIT\TRAIN\DR2\FSCN0\SX356.WAV,fscn0,sx356,dr2
datasets\TIMIT\TRAIN\DR2\FSCN0\SX446.WAV,fscn0,sx446,dr2
datasets\TIMIT\TRAIN\DR2\FSCN0\SX86.WAV,fscn0,sx86,dr2
datasets\TIMIT\TRAIN\DR2\FSKL0\SA1.WAV,fskl0,sa1,dr2
datasets\TIMIT\TRAIN\DR2\FSKL0\SA2.WAV,fskl0,sa2,dr2
datasets\TIMIT\TRAIN\DR2\FSKL0\SI1529.WAV,fskl0,si1529,dr2
datasets\TIMIT\TRAIN\DR2\FSKL0\SI2159.WAV,fskl0,si2159,dr2
datasets\TIMIT\TRAIN\DR2\FSKL0\SI899.WAV,fskl0,si899,dr2
datasets\TIMIT\TRAIN\DR2\FSKL0\SX179.WAV,fskl0,sx179,dr2
datasets\TIMIT\TRAIN\DR2\FSKL0\SX269.WAV,fskl0,sx269,dr2
datasets\TIMIT\TRAIN\DR2\FSKL0\SX359.WAV,fskl0,sx359,dr2
datasets\TIMIT\TRAIN\DR2\FSKL0\SX449.WAV,fskl0,sx449,dr2
datasets\TIMIT\TRAIN\DR2\FSKL0\SX89.WAV,fskl0,sx89,dr2
datasets\TIMIT\TRAIN\DR2\FSRH0\SA1.WAV,fsrh0,sa1,dr2
datasets\TIMIT\TRAIN\DR2\FSRH0\SA2.WAV,fsrh0,sa2,dr2
datasets\TIMIT\TRAIN\DR2\FSRH0\SI1719.WAV,fsrh0,si1719,dr2
datasets\TIMIT\TRAIN\DR2\FSRH0\SI1931.WAV,fsrh0,si1931,dr2
datasets\TIMIT\TRAIN\DR2\FSRH0\SI671.WAV,fsrh0,si671,dr2
datasets\TIMIT\TRAIN\DR2\FSRH0\SX131.WAV,fsrh0,sx131,dr2
datasets\TIMIT\TRAIN\DR2\FSRH0\SX221.WAV,fsrh0,sx221,dr2
datasets\TIMIT\TRAIN\DR2\FSRH0\SX311.WAV,fsrh0,sx311,dr2
datasets\TIMIT\TRAIN\DR2\FSRH0\SX401.WAV,fsrh0,sx401,dr2
datasets\TIMIT\TRAIN\DR2\FSRH0\SX41.WAV,fsrh0,sx41,dr2
datasets\TIMIT\TRAIN\DR2\FTMG0\SA1.WAV,ftmg0,sa1,dr2
datasets\TIMIT\TRAIN\DR2\FTMG0\SA2.WAV,ftmg0,sa2,dr2
datasets\TIMIT\TRAIN\DR2\FTMG0\SI1532.WAV,ftmg0,si1532,dr2
datasets\TIMIT\TRAIN\DR2\FTMG0\SI2162.WAV,ftmg0,si2162,dr2
datasets\TIMIT\TRAIN\DR2\FTMG0\SI902.WAV,ftmg0,si902,dr2
datasets\TIMIT\TRAIN\DR2\FTMG0\SX182.WAV,ftmg0,sx182,dr2
datasets\TIMIT\TRAIN\DR2\FTMG0\SX272.WAV,ftmg0,sx272,dr2
datasets\TIMIT\TRAIN\DR2\FTMG0\SX362.WAV,ftmg0,sx362,dr2
datasets\TIMIT\TRAIN\DR2\FTMG0\SX452.WAV,ftmg0,sx452,dr2
datasets\TIMIT\TRAIN\DR2\FTMG0\SX92.WAV,ftmg0,sx92,dr2
datasets\TIMIT\TRAIN\DR2\MARC0\SA1.WAV,marc0,sa1,dr2
datasets\TIMIT\TRAIN\DR2\MARC0\SA2.WAV,marc0,sa2,dr2
datasets\TIMIT\TRAIN\DR2\MARC0\SI1188.WAV,marc0,si1188,dr2
datasets\TIMIT\TRAIN\DR2\MARC0\SI1818.WAV,marc0,si1818,dr2
datasets\TIMIT\TRAIN\DR2\MARC0\SI558.WAV,marc0,si558,dr2
datasets\TIMIT\TRAIN\DR2\MARC0\SX108.WAV,marc0,sx108,dr2
datasets\TIMIT\TRAIN\DR2\MARC0\SX18.WAV,marc0,sx18,dr2
datasets\TIMIT\TRAIN\DR2\MARC0\SX198.WAV,marc0,sx198,dr2
datasets\TIMIT\TRAIN\DR2\MARC0\SX288.WAV,marc0,sx288,dr2
datasets\TIMIT\TRAIN\DR2\MARC0\SX378.WAV,marc0,sx378,dr2
datasets\TIMIT\TRAIN\DR2\MBJV0\SA1.WAV,mbjv0,sa1,dr2
datasets\TIMIT\TRAIN\DR2\MBJV0\SA2.WAV,mbjv0,sa2,dr2
datasets\TIMIT\TRAIN\DR2\MBJV0\SI1247.WAV,mbjv0,si1247,dr2
datasets\TIMIT\TRAIN\DR2\MBJV0\SI1877.WAV,mbjv0,si1877,dr2
datasets\TIMIT\TRAIN\DR2\MBJV0\SI617.WAV,mbjv0,si617,dr2
datasets\TIMIT\TRAIN\DR2\MBJV0\SX167.WAV,mbjv0,sx167,dr2
datasets\TIMIT\TRAIN\DR2\MBJV0\SX257.WAV,mbjv0,sx257,dr2
datasets\TIMIT\TRAIN\DR2\MBJV0\SX347.WAV,mbjv0,sx347,dr2
datasets\TIMIT\TRAIN\DR2\MBJV0\SX437.WAV,mbjv0,sx437,dr2
datasets\TIMIT\TRAIN\DR2\MBJV0\SX77.WAV,mbjv0,sx77,dr2
datasets\TIMIT\TRAIN\DR2\MCEW0\SA1.WAV,mcew0,sa1,dr2
datasets\TIMIT\TRAIN\DR2\MCEW0\SA2.WAV,mcew0,sa2,dr2
datasets\TIMIT\TRAIN\DR2\MCEW0\SI1442.WAV,mcew0,si1442,dr2
datasets\TIMIT\TRAIN\DR2\MCEW0\SI2072.WAV,mcew0,si2072,dr2
datasets\TIMIT\TRAIN\DR2\MCEW0\SI812.WAV,mcew0,si812,dr2
datasets\TIMIT\TRAIN\DR2\MCEW0\SX182.WAV,mcew0,sx182,dr2
datasets\TIMIT\TRAIN\DR2\MCEW0\SX272.WAV,mcew0,sx272,dr2
datasets\TIMIT\TRAIN\DR2\MCEW0\SX362.WAV,mcew0,sx362,dr2
datasets\TIMIT\TRAIN\DR2\MCEW0\SX452.WAV,mcew0,sx452,dr2
datasets\TIMIT\TRAIN\DR2\MCEW0\SX92.WAV,mcew0,sx92,dr2
datasets\TIMIT\TRAIN\DR2\MCTM0\SA1.WAV,mctm0,sa1,dr2
datasets\TIMIT\TRAIN\DR2\MCTM0\SA2.WAV,mctm0,sa2,dr2
datasets\TIMIT\TRAIN\DR2\MCTM0\SI1350.WAV,mctm0,si1350,dr2
datasets\TIMIT\TRAIN\DR2\MCTM0\SI1980.WAV,mctm0,si1980,dr2
datasets\TIMIT\TRAIN\DR2\MCTM0\SI720.WAV,mctm0,si720,dr2
datasets\TIMIT\TRAIN\DR2\MCTM0\SX180.WAV,mctm0,sx180,dr2
datasets\TIMIT\TRAIN\DR2\MCTM0\SX270.WAV,mctm0,sx270,dr2
datasets\TIMIT\TRAIN\DR2\MCTM0\SX360.WAV,mctm0,sx360,dr2
datasets\TIMIT\TRAIN\DR2\MCTM0\SX450.WAV,mctm0,sx450,dr2
datasets\TIMIT\TRAIN\DR2\MCTM0\SX90.WAV,mctm0,sx90,dr2
datasets\TIMIT\TRAIN\DR2\MDBP0\SA1.WAV,mdbp0,sa1,dr2
datasets\TIMIT\TRAIN\DR2\MDBP0\SA2.WAV,mdbp0,sa2,dr2
datasets\TIMIT\TRAIN\DR2\MDBP0\SI1158.WAV,mdbp0,si1158,dr2
datasets\TIMIT\TRAIN\DR2\MDBP0\SI1788.WAV,mdbp0,si1788,dr2
datasets\TIMIT\TRAIN\DR2\MDBP0\SI528.WAV,mdbp0,si528,dr2
datasets\TIMIT\TRAIN\DR2\MDBP0\SX168.WAV,mdbp0,sx168,dr2
datasets\TIMIT\TRAIN\DR2\MDBP0\SX258.WAV,mdbp0,sx258,dr2
datasets\TIMIT\TRAIN\DR2\MDBP0\SX348.WAV,mdbp0,sx348,dr2
datasets\TIMIT\TRAIN\DR2\MDBP0\SX438.WAV,mdbp0,sx438,dr2
datasets\TIMIT\TRAIN\DR2\MDBP0\SX78.WAV,mdbp0,sx78,dr2
datasets\TIMIT\TRAIN\DR2\MDEM0\SA1.WAV,mdem0,sa1,dr2
datasets\TIMIT\TRAIN\DR2\MDEM0\SA2.WAV,mdem0,sa2,dr2
datasets\TIMIT\TRAIN\DR2\MDEM0\SI1868.WAV,mdem0,si1868,dr2
datasets\TIMIT\TRAIN\DR2\MDEM0\SI608.WAV,mdem0,si608,dr2
datasets\TIMIT\TRAIN\DR2\MDEM0\SI800.WAV,mdem0,si800,dr2
datasets\TIMIT\TRAIN\DR2\MDEM0\SX158.WAV,mdem0,sx158,dr2
datasets\TIMIT\TRAIN\DR2\MDEM0\SX248.WAV,mdem0,sx248,dr2
datasets\TIMIT\TRAIN\DR2\MDEM0\SX338.WAV,mdem0,sx338,dr2
datasets\TIMIT\TRAIN\DR2\MDEM0\SX428.WAV,mdem0,sx428,dr2
datasets\TIMIT\TRAIN\DR2\MDEM0\SX68.WAV,mdem0,sx68,dr2
datasets\TIMIT\TRAIN\DR2\MDLB0\SA1.WAV,mdlb0,sa1,dr2
datasets\TIMIT\TRAIN\DR2\MDLB0\SA2.WAV,mdlb0,sa2,dr2
datasets\TIMIT\TRAIN\DR2\MDLB0\SI1306.WAV,mdlb0,si1306,dr2
datasets\TIMIT\TRAIN\DR2\MDLB0\SI1936.WAV,mdlb0,si1936,dr2
datasets\TIMIT\TRAIN\DR2\MDLB0\SI676.WAV,mdlb0,si676,dr2
datasets\TIMIT\TRAIN\DR2\MDLB0\SX136.WAV,mdlb0,sx136,dr2
datasets\TIMIT\TRAIN\DR2\MDLB0\SX226.WAV,mdlb0,sx226,dr2
datasets\TIMIT\TRAIN\DR2\MDLB0\SX316.WAV,mdlb0,sx316,dr2
datasets\TIMIT\TRAIN\DR2\MDLB0\SX406.WAV,mdlb0,sx406,dr2
datasets\TIMIT\TRAIN\DR2\MDLB0\SX46.WAV,mdlb0,sx46,dr2
datasets\TIMIT\TRAIN\DR2\MDLC2\SA1.WAV,mdlc2,sa1,dr2
datasets\TIMIT\TRAIN\DR2\MDLC2\SA2.WAV,mdlc2,sa2,dr2
datasets\TIMIT\TRAIN\DR2\MDLC2\SI1614.WAV,mdlc2,si1614,dr2
datasets\TIMIT\TRAIN\DR2\MDLC2\SI2244.WAV,mdlc2,si2244,dr2
datasets\TIMIT\TRAIN\DR2\MDLC2\SI984.WAV,mdlc2,si984,dr2
datasets\TIMIT\TRAIN\DR2\MDLC2\SX174.WAV,mdlc2,sx174,dr2
datasets\TIMIT\TRAIN\DR2\MDLC2\SX264.WAV,mdlc2,sx264,dr2
datasets\TIMIT\TRAIN\DR2\MDLC2\SX354.WAV,mdlc2,sx354,dr2
datasets\TIMIT\TRAIN\DR2\MDLC2\SX444.WAV,mdlc2,sx444,dr2
datasets\TIMIT\TRAIN\DR2\MDLC2\SX84.WAV,mdlc2,sx84,dr2
datasets\TIMIT\TRAIN\DR2\MDMT0\SA1.WAV,mdmt0,sa1,dr2
datasets\TIMIT\TRAIN\DR2\MDMT0\SA2.WAV,mdmt0,sa2,dr2
datasets\TIMIT\TRAIN\DR2\MDMT0\SI1832.WAV,mdmt0,si1832,dr2
datasets\TIMIT\TRAIN\DR2\MDMT0\SI2341.WAV,mdmt0,si2341,dr2
datasets\TIMIT\TRAIN\DR2\MDMT0\SI572.WAV,mdmt0,si572,dr2
datasets\TIMIT\TRAIN\DR2\MDMT0\SX122.WAV,mdmt0,sx122,dr2
datasets\TIMIT\TRAIN\DR2\MDMT0\SX212.WAV,mdmt0,sx212,dr2
datasets\TIMIT\TRAIN\DR2\MDMT0\SX302.WAV,mdmt0,sx302,dr2
datasets\TIMIT\TRAIN\DR2\MDMT0\SX32.WAV,mdmt0,sx32,dr2
datasets\TIMIT\TRAIN\DR2\MDMT0\SX392.WAV,mdmt0,sx392,dr2
datasets\TIMIT\TRAIN\DR2\MDSS0\SA1.WAV,mdss0,sa1,dr2
datasets\TIMIT\TRAIN\DR2\MDSS0\SA2.WAV,mdss0,sa2,dr2
datasets\TIMIT\TRAIN\DR2\MDSS0\SI1881.WAV,mdss0,si1881,dr2
datasets\TIMIT\TRAIN\DR2\MDSS0\SI2087.WAV,mdss0,si2087,dr2
datasets\TIMIT\TRAIN\DR2\MDSS0\SI621.WAV,mdss0,si621,dr2
datasets\TIMIT\TRAIN\DR2\MDSS0\SX171.WAV,mdss0,sx171,dr2
datasets\TIMIT\TRAIN\DR2\MDSS0\SX261.WAV,mdss0,sx261,dr2
datasets\TIMIT\TRAIN\DR2\MDSS0\SX351.WAV,mdss0,sx351,dr2
datasets\TIMIT\TRAIN\DR2\MDSS0\SX441.WAV,mdss0,sx441,dr2
datasets\TIMIT\TRAIN\DR2\MDSS0\SX81.WAV,mdss0,sx81,dr2
datasets\TIMIT\TRAIN\DR2\MHRM0\SA1.WAV,mhrm0,sa1,dr2
datasets\TIMIT\TRAIN\DR2\MHRM0\SA2.WAV,mhrm0,sa2,dr2
datasets\TIMIT\TRAIN\DR2\MHRM0\SI1475.WAV,mhrm0,si1475,dr2
datasets\TIMIT\TRAIN\DR2\MHRM0\SI2218.WAV,mhrm0,si2218,dr2
datasets\TIMIT\TRAIN\DR2\MHRM0\SI958.WAV,mhrm0,si958,dr2
datasets\TIMIT\TRAIN\DR2\MHRM0\SX148.WAV,mhrm0,sx148,dr2
datasets\TIMIT\TRAIN\DR2\MHRM0\SX238.WAV,mhrm0,sx238,dr2
datasets\TIMIT\TRAIN\DR2\MHRM0\SX328.WAV,mhrm0,sx328,dr2
datasets\TIMIT\TRAIN\DR2\MHRM0\SX418.WAV,mhrm0,sx418,dr2
datasets\TIMIT\TRAIN\DR2\MHRM0\SX58.WAV,mhrm0,sx58,dr2
datasets\TIMIT\TRAIN\DR2\MJMA0\SA1.WAV,mjma0,sa1,dr2
datasets\TIMIT\TRAIN\DR2\MJMA0\SA2.WAV,mjma0,sa2,dr2
datasets\TIMIT\TRAIN\DR2\MJMA0\SI1495.WAV,mjma0,si1495,dr2
datasets\TIMIT\TRAIN\DR2\MJMA0\SI2125.WAV,mjma0,si2125,dr2
datasets\TIMIT\TRAIN\DR2\MJMA0\SI865.WAV,mjma0,si865,dr2
datasets\TIMIT\TRAIN\DR2\MJMA0\SX145.WAV,mjma0,sx145,dr2
datasets\TIMIT\TRAIN\DR2\MJMA0\SX235.WAV,mjma0,sx235,dr2
datasets\TIMIT\TRAIN\DR2\MJMA0\SX325.WAV,mjma0,sx325,dr2
datasets\TIMIT\TRAIN\DR2\MJMA0\SX415.WAV,mjma0,sx415,dr2
datasets\TIMIT\TRAIN\DR2\MJMA0\SX55.WAV,mjma0,sx55,dr2
datasets\TIMIT\TRAIN\DR2\MJMD0\SA1.WAV,mjmd0,sa1,dr2
datasets\TIMIT\TRAIN\DR2\MJMD0\SA2.WAV,mjmd0,sa2,dr2
datasets\TIMIT\TRAIN\DR2\MJMD0\SI1028.WAV,mjmd0,si1028,dr2
datasets\TIMIT\TRAIN\DR2\MJMD0\SI1658.WAV,mjmd0,si1658,dr2
datasets\TIMIT\TRAIN\DR2\MJMD0\SI2288.WAV,mjmd0,si2288,dr2
datasets\TIMIT\TRAIN\DR2\MJMD0\SX128.WAV,mjmd0,sx128,dr2
datasets\TIMIT\TRAIN\DR2\MJMD0\SX218.WAV,mjmd0,sx218,dr2
datasets\TIMIT\TRAIN\DR2\MJMD0\SX308.WAV,mjmd0,sx308,dr2
datasets\TIMIT\TRAIN\DR2\MJMD0\SX38.WAV,mjmd0,sx38,dr2
datasets\TIMIT\TRAIN\DR2\MJMD0\SX398.WAV,mjmd0,sx398,dr2
datasets\TIMIT\TRAIN\DR2\MJRP0\SA1.WAV,mjrp0,sa1,dr2
datasets\TIMIT\TRAIN\DR2\MJRP0\SA2.WAV,mjrp0,sa2,dr2
datasets\TIMIT\TRAIN\DR2\MJRP0\SI1835.WAV,mjrp0,si1835,dr2
datasets\TIMIT\TRAIN\DR2\MJRP0\SI1845.WAV,mjrp0,si1845,dr2
datasets\TIMIT\TRAIN\DR2\MJRP0\SI585.WAV,mjrp0,si585,dr2
datasets\TIMIT\TRAIN\DR2\MJRP0\SX135.WAV,mjrp0,sx135,dr2
datasets\TIMIT\TRAIN\DR2\MJRP0\SX225.WAV,mjrp0,sx225,dr2
datasets\TIMIT\TRAIN\DR2\MJRP0\SX315.WAV,mjrp0,sx315,dr2
datasets\TIMIT\TRAIN\DR2\MJRP0\SX405.WAV,mjrp0,sx405,dr2
datasets\TIMIT\TRAIN\DR2\MJRP0\SX45.WAV,mjrp0,sx45,dr2
datasets\TIMIT\TRAIN\DR2\MKAH0\SA1.WAV,mkah0,sa1,dr2
datasets\TIMIT\TRAIN\DR2\MKAH0\SA2.WAV,mkah0,sa2,dr2
datasets\TIMIT\TRAIN\DR2\MKAH0\SI1528.WAV,mkah0,si1528,dr2
datasets\TIMIT\TRAIN\DR2\MKAH0\SI2158.WAV,mkah0,si2158,dr2
datasets\TIMIT\TRAIN\DR2\MKAH0\SI898.WAV,mkah0,si898,dr2
datasets\TIMIT\TRAIN\DR2\MKAH0\SX178.WAV,mkah0,sx178,dr2
datasets\TIMIT\TRAIN\DR2\MKAH0\SX268.WAV,mkah0,sx268,dr2
datasets\TIMIT\TRAIN\DR2\MKAH0\SX358.WAV,mkah0,sx358,dr2
datasets\TIMIT\TRAIN\DR2\MKAH0\SX448.WAV,mkah0,sx448,dr2
datasets\TIMIT\TRAIN\DR2\MKAH0\SX88.WAV,mkah0,sx88,dr2
datasets\TIMIT\TRAIN\DR2\MKAJ0\SA1.WAV,mkaj0,sa1,dr2
datasets\TIMIT\TRAIN\DR2\MKAJ0\SA2.WAV,mkaj0,sa2,dr2
datasets\TIMIT\TRAIN\DR2\MKAJ0\SI1414.WAV,mkaj0,si1414,dr2
datasets\TIMIT\TRAIN\DR2\MKAJ0\SI2044.WAV,mkaj0,si2044,dr2
datasets\TIMIT\TRAIN\DR2\MKAJ0\SI784.WAV,mkaj0,si784,dr2
datasets\TIMIT\TRAIN\DR2\MKAJ0\SX154.WAV,mkaj0,sx154,dr2
datasets\TIMIT\TRAIN\DR2\MKAJ0\SX244.WAV,mkaj0,sx244,dr2
datasets\TIMIT\TRAIN\DR2\MKAJ0\SX334.WAV,mkaj0,sx334,dr2
datasets\TIMIT\TRAIN\DR2\MKAJ0\SX424.WAV,mkaj0,sx424,dr2
datasets\TIMIT\TRAIN\DR2\MKAJ0\SX64.WAV,mkaj0,sx64,dr2
datasets\TIMIT\TRAIN\DR2\MKDT0\SA1.WAV,mkdt0,sa1,dr2
datasets\TIMIT\TRAIN\DR2\MKDT0\SA2.WAV,mkdt0,sa2,dr2
datasets\TIMIT\TRAIN\DR2\MKDT0\SI2153.WAV,mkdt0,si2153,dr2
datasets\TIMIT\TRAIN\DR2\MKDT0\SI814.WAV,mkdt0,si814,dr2
datasets\TIMIT\TRAIN\DR2\MKDT0\SI893.WAV,mkdt0,si893,dr2
datasets\TIMIT\TRAIN\DR2\MKDT0\SX173.WAV,mkdt0,sx173,dr2
datasets\TIMIT\TRAIN\DR2\MKDT0\SX263.WAV,mkdt0,sx263,dr2
datasets\TIMIT\TRAIN\DR2\MKDT0\SX353.WAV,mkdt0,sx353,dr2
datasets\TIMIT\TRAIN\DR2\MKDT0\SX443.WAV,mkdt0,sx443,dr2
datasets\TIMIT\TRAIN\DR2\MKDT0\SX83.WAV,mkdt0,sx83,dr2
datasets\TIMIT\TRAIN\DR2\MKJO0\SA1.WAV,mkjo0,sa1,dr2
datasets\TIMIT\TRAIN\DR2\MKJO0\SA2.WAV,mkjo0,sa2,dr2
datasets\TIMIT\TRAIN\DR2\MKJO0\SI1517.WAV,mkjo0,si1517,dr2
datasets\TIMIT\TRAIN\DR2\MKJO0\SI2147.WAV,mkjo0,si2147,dr2
datasets\TIMIT\TRAIN\DR2\MKJO0\SI887.WAV,mkjo0,si887,dr2
datasets\TIMIT\TRAIN\DR2\MKJO0\SX167.WAV,mkjo0,sx167,dr2
datasets\TIMIT\TRAIN\DR2\MKJO0\SX257.WAV,mkjo0,sx257,dr2
datasets\TIMIT\TRAIN\DR2\MKJO0\SX424.WAV,mkjo0,sx424,dr2
datasets\TIMIT\TRAIN\DR2\MKJO0\SX437.WAV,mkjo0,sx437,dr2
datasets\TIMIT\TRAIN\DR2\MKJO0\SX77.WAV,mkjo0,sx77,dr2
datasets\TIMIT\TRAIN\DR2\MMAA0\SA1.WAV,mmaa0,sa1,dr2
datasets\TIMIT\TRAIN\DR2\MMAA0\SA2.WAV,mmaa0,sa2,dr2
datasets\TIMIT\TRAIN\DR2\MMAA0\SI1588.WAV,mmaa0,si1588,dr2
datasets\TIMIT\TRAIN\DR2\MMAA0\SI2105.WAV,mmaa0,si2105,dr2
datasets\TIMIT\TRAIN\DR2\MMAA0\SI845.WAV,mmaa0,si845,dr2
datasets\TIMIT\TRAIN\DR2\MMAA0\SX125.WAV,mmaa0,sx125,dr2
datasets\TIMIT\TRAIN\DR2\MMAA0\SX215.WAV,mmaa0,sx215,dr2
datasets\TIMIT\TRAIN\DR2\MMAA0\SX305.WAV,mmaa0,sx305,dr2
datasets\TIMIT\TRAIN\DR2\MMAA0\SX35.WAV,mmaa0,sx35,dr2
datasets\TIMIT\TRAIN\DR2\MMAA0\SX395.WAV,mmaa0,sx395,dr2
datasets\TIMIT\TRAIN\DR2\MMAG0\SA1.WAV,mmag0,sa1,dr2
datasets\TIMIT\TRAIN\DR2\MMAG0\SA2.WAV,mmag0,sa2,dr2
datasets\TIMIT\TRAIN\DR2\MMAG0\SI1126.WAV,mmag0,si1126,dr2
datasets\TIMIT\TRAIN\DR2\MMAG0\SI1756.WAV,mmag0,si1756,dr2
datasets\TIMIT\TRAIN\DR2\MMAG0\SI496.WAV,mmag0,si496,dr2
datasets\TIMIT\TRAIN\DR2\MMAG0\SX136.WAV,mmag0,sx136,dr2
datasets\TIMIT\TRAIN\DR2\MMAG0\SX226.WAV,mmag0,sx226,dr2
datasets\TIMIT\TRAIN\DR2\MMAG0\SX316.WAV,mmag0,sx316,dr2
datasets\TIMIT\TRAIN\DR2\MMAG0\SX406.WAV,mmag0,sx406,dr2
datasets\TIMIT\TRAIN\DR2\MMAG0\SX46.WAV,mmag0,sx46,dr2
datasets\TIMIT\TRAIN\DR2\MMGK0\SA1.WAV,mmgk0,sa1,dr2
datasets\TIMIT\TRAIN\DR2\MMGK0\SA2.WAV,mmgk0,sa2,dr2
datasets\TIMIT\TRAIN\DR2\MMGK0\SI1322.WAV,mmgk0,si1322,dr2
datasets\TIMIT\TRAIN\DR2\MMGK0\SI1952.WAV,mmgk0,si1952,dr2
datasets\TIMIT\TRAIN\DR2\MMGK0\SI692.WAV,mmgk0,si692,dr2
datasets\TIMIT\TRAIN\DR2\MMGK0\SX152.WAV,mmgk0,sx152,dr2
datasets\TIMIT\TRAIN\DR2\MMGK0\SX242.WAV,mmgk0,sx242,dr2
datasets\TIMIT\TRAIN\DR2\MMGK0\SX332.WAV,mmgk0,sx332,dr2
datasets\TIMIT\TRAIN\DR2\MMGK0\SX422.WAV,mmgk0,sx422,dr2
datasets\TIMIT\TRAIN\DR2\MMGK0\SX62.WAV,mmgk0,sx62,dr2
datasets\TIMIT\TRAIN\DR2\MMXS0\SA1.WAV,mmxs0,sa1,dr2
datasets\TIMIT\TRAIN\DR2\MMXS0\SA2.WAV,mmxs0,sa2,dr2
datasets\TIMIT\TRAIN\DR2\MMXS0\SI2136.WAV,mmxs0,si2136,dr2
datasets\TIMIT\TRAIN\DR2\MMXS0\SI629.WAV,mmxs0,si629,dr2
datasets\TIMIT\TRAIN\DR2\MMXS0\SI876.WAV,mmxs0,si876,dr2
datasets\TIMIT\TRAIN\DR2\MMXS0\SX156.WAV,mmxs0,sx156,dr2
datasets\TIMIT\TRAIN\DR2\MMXS0\SX246.WAV,mmxs0,sx246,dr2
datasets\TIMIT\TRAIN\DR2\MMXS0\SX336.WAV,mmxs0,sx336,dr2
datasets\TIMIT\TRAIN\DR2\MMXS0\SX426.WAV,mmxs0,sx426,dr2
datasets\TIMIT\TRAIN\DR2\MMXS0\SX66.WAV,mmxs0,sx66,dr2
datasets\TIMIT\TRAIN\DR2\MPRB0\SA1.WAV,mprb0,sa1,dr2
datasets\TIMIT\TRAIN\DR2\MPRB0\SA2.WAV,mprb0,sa2,dr2
datasets\TIMIT\TRAIN\DR2\MPRB0\SI1205.WAV,mprb0,si1205,dr2
datasets\TIMIT\TRAIN\DR2\MPRB0\SI1215.WAV,mprb0,si1215,dr2
datasets\TIMIT\TRAIN\DR2\MPRB0\SI575.WAV,mprb0,si575,dr2
datasets\TIMIT\TRAIN\DR2\MPRB0\SX125.WAV,mprb0,sx125,dr2
datasets\TIMIT\TRAIN\DR2\MPRB0\SX215.WAV,mprb0,sx215,dr2
datasets\TIMIT\TRAIN\DR2\MPRB0\SX305.WAV,mprb0,sx305,dr2
datasets\TIMIT\TRAIN\DR2\MPRB0\SX35.WAV,mprb0,sx35,dr2
datasets\TIMIT\TRAIN\DR2\MPRB0\SX395.WAV,mprb0,sx395,dr2
datasets\TIMIT\TRAIN\DR2\MRAB0\SA1.WAV,mrab0,sa1,dr2
datasets\TIMIT\TRAIN\DR2\MRAB0\SA2.WAV,mrab0,sa2,dr2
datasets\TIMIT\TRAIN\DR2\MRAB0\SI1224.WAV,mrab0,si1224,dr2
datasets\TIMIT\TRAIN\DR2\MRAB0\SI1854.WAV,mrab0,si1854,dr2
datasets\TIMIT\TRAIN\DR2\MRAB0\SI594.WAV,mrab0,si594,dr2
datasets\TIMIT\TRAIN\DR2\MRAB0\SX144.WAV,mrab0,sx144,dr2
datasets\TIMIT\TRAIN\DR2\MRAB0\SX234.WAV,mrab0,sx234,dr2
datasets\TIMIT\TRAIN\DR2\MRAB0\SX324.WAV,mrab0,sx324,dr2
datasets\TIMIT\TRAIN\DR2\MRAB0\SX414.WAV,mrab0,sx414,dr2
datasets\TIMIT\TRAIN\DR2\MRAB0\SX54.WAV,mrab0,sx54,dr2
datasets\TIMIT\TRAIN\DR2\MRCW0\SA1.WAV,mrcw0,sa1,dr2
datasets\TIMIT\TRAIN\DR2\MRCW0\SA2.WAV,mrcw0,sa2,dr2
datasets\TIMIT\TRAIN\DR2\MRCW0\SI1371.WAV,mrcw0,si1371,dr2
datasets\TIMIT\TRAIN\DR2\MRCW0\SI2001.WAV,mrcw0,si2001,dr2
datasets\TIMIT\TRAIN\DR2\MRCW0\SI741.WAV,mrcw0,si741,dr2
datasets\TIMIT\TRAIN\DR2\MRCW0\SX111.WAV,mrcw0,sx111,dr2
datasets\TIMIT\TRAIN\DR2\MRCW0\SX201.WAV,mrcw0,sx201,dr2
datasets\TIMIT\TRAIN\DR2\MRCW0\SX21.WAV,mrcw0,sx21,dr2
datasets\TIMIT\TRAIN\DR2\MRCW0\SX291.WAV,mrcw0,sx291,dr2
datasets\TIMIT\TRAIN\DR2\MRCW0\SX381.WAV,mrcw0,sx381,dr2
datasets\TIMIT\TRAIN\DR2\MRFK0\SA1.WAV,mrfk0,sa1,dr2
datasets\TIMIT\TRAIN\DR2\MRFK0\SA2.WAV,mrfk0,sa2,dr2
datasets\TIMIT\TRAIN\DR2\MRFK0\SI1076.WAV,mrfk0,si1076,dr2
datasets\TIMIT\TRAIN\DR2\MRFK0\SI1706.WAV,mrfk0,si1706,dr2
datasets\TIMIT\TRAIN\DR2\MRFK0\SI2336.WAV,mrfk0,si2336,dr2
datasets\TIMIT\TRAIN\DR2\MRFK0\SX176.WAV,mrfk0,sx176,dr2
datasets\TIMIT\TRAIN\DR2\MRFK0\SX266.WAV,mrfk0,sx266,dr2
datasets\TIMIT\TRAIN\DR2\MRFK0\SX356.WAV,mrfk0,sx356,dr2
datasets\TIMIT\TRAIN\DR2\MRFK0\SX446.WAV,mrfk0,sx446,dr2
datasets\TIMIT\TRAIN\DR2\MRFK0\SX86.WAV,mrfk0,sx86,dr2
datasets\TIMIT\TRAIN\DR2\MRGS0\SA1.WAV,mrgs0,sa1,dr2
datasets\TIMIT\TRAIN\DR2\MRGS0\SA2.WAV,mrgs0,sa2,dr2
datasets\TIMIT\TRAIN\DR2\MRGS0\SI1356.WAV,mrgs0,si1356,dr2
datasets\TIMIT\TRAIN\DR2\MRGS0\SI1986.WAV,mrgs0,si1986,dr2
datasets\TIMIT\TRAIN\DR2\MRGS0\SI726.WAV,mrgs0,si726,dr2
datasets\TIMIT\TRAIN\DR2\MRGS0\SX186.WAV,mrgs0,sx186,dr2
datasets\TIMIT\TRAIN\DR2\MRGS0\SX276.WAV,mrgs0,sx276,dr2
datasets\TIMIT\TRAIN\DR2\MRGS0\SX366.WAV,mrgs0,sx366,dr2
datasets\TIMIT\TRAIN\DR2\MRGS0\SX6.WAV,mrgs0,sx6,dr2
datasets\TIMIT\TRAIN\DR2\MRGS0\SX96.WAV,mrgs0,sx96,dr2
datasets\TIMIT\TRAIN\DR2\MRHL0\SA1.WAV,mrhl0,sa1,dr2
datasets\TIMIT\TRAIN\DR2\MRHL0\SA2.WAV,mrhl0,sa2,dr2
datasets\TIMIT\TRAIN\DR2\MRHL0\SI1515.WAV,mrhl0,si1515,dr2
datasets\TIMIT\TRAIN\DR2\MRHL0\SI2145.WAV,mrhl0,si2145,dr2
datasets\TIMIT\TRAIN\DR2\MRHL0\SI885.WAV,mrhl0,si885,dr2
datasets\TIMIT\TRAIN\DR2\MRHL0\SX165.WAV,mrhl0,sx165,dr2
datasets\TIMIT\TRAIN\DR2\MRHL0\SX255.WAV,mrhl0,sx255,dr2
datasets\TIMIT\TRAIN\DR2\MRHL0\SX345.WAV,mrhl0,sx345,dr2
datasets\TIMIT\TRAIN\DR2\MRHL0\SX435.WAV,mrhl0,sx435,dr2
datasets\TIMIT\TRAIN\DR2\MRHL0\SX75.WAV,mrhl0,sx75,dr2
datasets\TIMIT\TRAIN\DR2\MRJH0\SA1.WAV,mrjh0,sa1,dr2
datasets\TIMIT\TRAIN\DR2\MRJH0\SA2.WAV,mrjh0,sa2,dr2
datasets\TIMIT\TRAIN\DR2\MRJH0\SI1519.WAV,mrjh0,si1519,dr2
datasets\TIMIT\TRAIN\DR2\MRJH0\SI889.WAV,mrjh0,si889,dr2
datasets\TIMIT\TRAIN\DR2\MRJH0\SI914.WAV,mrjh0,si914,dr2
datasets\TIMIT\TRAIN\DR2\MRJH0\SX169.WAV,mrjh0,sx169,dr2
datasets\TIMIT\TRAIN\DR2\MRJH0\SX259.WAV,mrjh0,sx259,dr2
datasets\TIMIT\TRAIN\DR2\MRJH0\SX307.WAV,mrjh0,sx307,dr2
datasets\TIMIT\TRAIN\DR2\MRJH0\SX439.WAV,mrjh0,sx439,dr2
datasets\TIMIT\TRAIN\DR2\MRJH0\SX79.WAV,mrjh0,sx79,dr2
datasets\TIMIT\TRAIN\DR2\MRJM0\SA1.WAV,mrjm0,sa1,dr2
datasets\TIMIT\TRAIN\DR2\MRJM0\SA2.WAV,mrjm0,sa2,dr2
datasets\TIMIT\TRAIN\DR2\MRJM0\SI1095.WAV,mrjm0,si1095,dr2
datasets\TIMIT\TRAIN\DR2\MRJM0\SI1228.WAV,mrjm0,si1228,dr2
datasets\TIMIT\TRAIN\DR2\MRJM0\SI1858.WAV,mrjm0,si1858,dr2
datasets\TIMIT\TRAIN\DR2\MRJM0\SX148.WAV,mrjm0,sx148,dr2
datasets\TIMIT\TRAIN\DR2\MRJM0\SX238.WAV,mrjm0,sx238,dr2
datasets\TIMIT\TRAIN\DR2\MRJM0\SX328.WAV,mrjm0,sx328,dr2
datasets\TIMIT\TRAIN\DR2\MRJM0\SX418.WAV,mrjm0,sx418,dr2
datasets\TIMIT\TRAIN\DR2\MRJM0\SX58.WAV,mrjm0,sx58,dr2
datasets\TIMIT\TRAIN\DR2\MRJM1\SA1.WAV,mrjm1,sa1,dr2
datasets\TIMIT\TRAIN\DR2\MRJM1\SA2.WAV,mrjm1,sa2,dr2
datasets\TIMIT\TRAIN\DR2\MRJM1\SI1298.WAV,mrjm1,si1298,dr2
datasets\TIMIT\TRAIN\DR2\MRJM1\SI1928.WAV,mrjm1,si1928,dr2
datasets\TIMIT\TRAIN\DR2\MRJM1\SI668.WAV,mrjm1,si668,dr2
datasets\TIMIT\TRAIN\DR2\MRJM1\SX128.WAV,mrjm1,sx128,dr2
datasets\TIMIT\TRAIN\DR2\MRJM1\SX218.WAV,mrjm1,sx218,dr2
datasets\TIMIT\TRAIN\DR2\MRJM1\SX308.WAV,mrjm1,sx308,dr2
datasets\TIMIT\TRAIN\DR2\MRJM1\SX38.WAV,mrjm1,sx38,dr2
datasets\TIMIT\TRAIN\DR2\MRJM1\SX398.WAV,mrjm1,sx398,dr2
datasets\TIMIT\TRAIN\DR2\MRJT0\SA1.WAV,mrjt0,sa1,dr2
datasets\TIMIT\TRAIN\DR2\MRJT0\SA2.WAV,mrjt0,sa2,dr2
datasets\TIMIT\TRAIN\DR2\MRJT0\SI1498.WAV,mrjt0,si1498,dr2
datasets\TIMIT\TRAIN\DR2\MRJT0\SI1805.WAV,mrjt0,si1805,dr2
datasets\TIMIT\TRAIN\DR2\MRJT0\SI868.WAV,mrjt0,si868,dr2
datasets\TIMIT\TRAIN\DR2\MRJT0\SX148.WAV,mrjt0,sx148,dr2
datasets\TIMIT\TRAIN\DR2\MRJT0\SX238.WAV,mrjt0,sx238,dr2
datasets\TIMIT\TRAIN\DR2\MRJT0\SX328.WAV,mrjt0,sx328,dr2
datasets\TIMIT\TRAIN\DR2\MRJT0\SX418.WAV,mrjt0,sx418,dr2
datasets\TIMIT\TRAIN\DR2\MRJT0\SX58.WAV,mrjt0,sx58,dr2
datasets\TIMIT\TRAIN\DR2\MRLJ0\SA1.WAV,mrlj0,sa1,dr2
datasets\TIMIT\TRAIN\DR2\MRLJ0\SA2.WAV,mrlj0,sa2,dr2
datasets\TIMIT\TRAIN\DR2\MRLJ0\SI1420.WAV,mrlj0,si1420,dr2
datasets\TIMIT\TRAIN\DR2\MRLJ0\SI2050.WAV,mrlj0,si2050,dr2
datasets\TIMIT\TRAIN\DR2\MRLJ0\SI790.WAV,mrlj0,si790,dr2
datasets\TIMIT\TRAIN\DR2\MRLJ0\SX160.WAV,mrlj0,sx160,dr2
datasets\TIMIT\TRAIN\DR2\MRLJ0\SX250.WAV,mrlj0,sx250,dr2
datasets\TIMIT\TRAIN\DR2\MRLJ0\SX340.WAV,mrlj0,sx340,dr2
datasets\TIMIT\TRAIN\DR2\MRLJ0\SX430.WAV,mrlj0,sx430,dr2
datasets\TIMIT\TRAIN\DR2\MRLJ0\SX70.WAV,mrlj0,sx70,dr2
datasets\TIMIT\TRAIN\DR2\MRLR0\SA1.WAV,mrlr0,sa1,dr2
datasets\TIMIT\TRAIN\DR2\MRLR0\SA2.WAV,mrlr0,sa2,dr2
datasets\TIMIT\TRAIN\DR2\MRLR0\SI1196.WAV,mrlr0,si1196,dr2
datasets\TIMIT\TRAIN\DR2\MRLR0\SI1826.WAV,mrlr0,si1826,dr2
datasets\TIMIT\TRAIN\DR2\MRLR0\SI566.WAV,mrlr0,si566,dr2
datasets\TIMIT\TRAIN\DR2\MRLR0\SX116.WAV,mrlr0,sx116,dr2
datasets\TIMIT\TRAIN\DR2\MRLR0\SX206.WAV,mrlr0,sx206,dr2
datasets\TIMIT\TRAIN\DR2\MRLR0\SX26.WAV,mrlr0,sx26,dr2
datasets\TIMIT\TRAIN\DR2\MRLR0\SX296.WAV,mrlr0,sx296,dr2
datasets\TIMIT\TRAIN\DR2\MRLR0\SX386.WAV,mrlr0,sx386,dr2
datasets\TIMIT\TRAIN\DR2\MRMS0\SA1.WAV,mrms0,sa1,dr2
datasets\TIMIT\TRAIN\DR2\MRMS0\SA2.WAV,mrms0,sa2,dr2
datasets\TIMIT\TRAIN\DR2\MRMS0\SI1113.WAV,mrms0,si1113,dr2
datasets\TIMIT\TRAIN\DR2\MRMS0\SI2057.WAV,mrms0,si2057,dr2
datasets\TIMIT\TRAIN\DR2\MRMS0\SI2100.WAV,mrms0,si2100,dr2
datasets\TIMIT\TRAIN\DR2\MRMS0\SX120.WAV,mrms0,sx120,dr2
datasets\TIMIT\TRAIN\DR2\MRMS0\SX210.WAV,mrms0,sx210,dr2
datasets\TIMIT\TRAIN\DR2\MRMS0\SX30.WAV,mrms0,sx30,dr2
datasets\TIMIT\TRAIN\DR2\MRMS0\SX300.WAV,mrms0,sx300,dr2
datasets\TIMIT\TRAIN\DR2\MRMS0\SX390.WAV,mrms0,sx390,dr2
datasets\TIMIT\TRAIN\DR2\MSAT0\SA1.WAV,msat0,sa1,dr2
datasets\TIMIT\TRAIN\DR2\MSAT0\SA2.WAV,msat0,sa2,dr2
datasets\TIMIT\TRAIN\DR2\MSAT0\SI1526.WAV,msat0,si1526,dr2
datasets\TIMIT\TRAIN\DR2\MSAT0\SI2156.WAV,msat0,si2156,dr2
datasets\TIMIT\TRAIN\DR2\MSAT0\SI896.WAV,msat0,si896,dr2
datasets\TIMIT\TRAIN\DR2\MSAT0\SX176.WAV,msat0,sx176,dr2
datasets\TIMIT\TRAIN\DR2\MSAT0\SX266.WAV,msat0,sx266,dr2
datasets\TIMIT\TRAIN\DR2\MSAT0\SX356.WAV,msat0,sx356,dr2
datasets\TIMIT\TRAIN\DR2\MSAT0\SX446.WAV,msat0,sx446,dr2
datasets\TIMIT\TRAIN\DR2\MSAT0\SX86.WAV,msat0,sx86,dr2
datasets\TIMIT\TRAIN\DR2\MTAT1\SA1.WAV,mtat1,sa1,dr2
datasets\TIMIT\TRAIN\DR2\MTAT1\SA2.WAV,mtat1,sa2,dr2
datasets\TIMIT\TRAIN\DR2\MTAT1\SI1409.WAV,mtat1,si1409,dr2
datasets\TIMIT\TRAIN\DR2\MTAT1\SI1627.WAV,mtat1,si1627,dr2
datasets\TIMIT\TRAIN\DR2\MTAT1\SI779.WAV,mtat1,si779,dr2
datasets\TIMIT\TRAIN\DR2\MTAT1\SX149.WAV,mtat1,sx149,dr2
datasets\TIMIT\TRAIN\DR2\MTAT1\SX239.WAV,mtat1,sx239,dr2
datasets\TIMIT\TRAIN\DR2\MTAT1\SX329.WAV,mtat1,sx329,dr2
datasets\TIMIT\TRAIN\DR2\MTAT1\SX419.WAV,mtat1,sx419,dr2
datasets\TIMIT\TRAIN\DR2\MTAT1\SX59.WAV,mtat1,sx59,dr2
datasets\TIMIT\TRAIN\DR2\MTBC0\SA1.WAV,mtbc0,sa1,dr2
datasets\TIMIT\TRAIN\DR2\MTBC0\SA2.WAV,mtbc0,sa2,dr2
datasets\TIMIT\TRAIN\DR2\MTBC0\SI1173.WAV,mtbc0,si1173,dr2
datasets\TIMIT\TRAIN\DR2\MTBC0\SI1803.WAV,mtbc0,si1803,dr2
datasets\TIMIT\TRAIN\DR2\MTBC0\SI543.WAV,mtbc0,si543,dr2
datasets\TIMIT\TRAIN\DR2\MTBC0\SX183.WAV,mtbc0,sx183,dr2
datasets\TIMIT\TRAIN\DR2\MTBC0\SX273.WAV,mtbc0,sx273,dr2
datasets\TIMIT\TRAIN\DR2\MTBC0\SX347.WAV,mtbc0,sx347,dr2
datasets\TIMIT\TRAIN\DR2\MTBC0\SX363.WAV,mtbc0,sx363,dr2
datasets\TIMIT\TRAIN\DR2\MTBC0\SX93.WAV,mtbc0,sx93,dr2
datasets\TIMIT\TRAIN\DR2\MTDB0\SA1.WAV,mtdb0,sa1,dr2
datasets\TIMIT\TRAIN\DR2\MTDB0\SA2.WAV,mtdb0,sa2,dr2
datasets\TIMIT\TRAIN\DR2\MTDB0\SI1401.WAV,mtdb0,si1401,dr2
datasets\TIMIT\TRAIN\DR2\MTDB0\SI2031.WAV,mtdb0,si2031,dr2
datasets\TIMIT\TRAIN\DR2\MTDB0\SI771.WAV,mtdb0,si771,dr2
datasets\TIMIT\TRAIN\DR2\MTDB0\SX141.WAV,mtdb0,sx141,dr2
datasets\TIMIT\TRAIN\DR2\MTDB0\SX231.WAV,mtdb0,sx231,dr2
datasets\TIMIT\TRAIN\DR2\MTDB0\SX321.WAV,mtdb0,sx321,dr2
datasets\TIMIT\TRAIN\DR2\MTDB0\SX411.WAV,mtdb0,sx411,dr2
datasets\TIMIT\TRAIN\DR2\MTDB0\SX51.WAV,mtdb0,sx51,dr2
datasets\TIMIT\TRAIN\DR2\MTJG0\SA1.WAV,mtjg0,sa1,dr2
datasets\TIMIT\TRAIN\DR2\MTJG0\SA2.WAV,mtjg0,sa2,dr2
datasets\TIMIT\TRAIN\DR2\MTJG0\SI1520.WAV,mtjg0,si1520,dr2
datasets\TIMIT\TRAIN\DR2\MTJG0\SI2157.WAV,mtjg0,si2157,dr2
datasets\TIMIT\TRAIN\DR2\MTJG0\SI890.WAV,mtjg0,si890,dr2
datasets\TIMIT\TRAIN\DR2\MTJG0\SX170.WAV,mtjg0,sx170,dr2
datasets\TIMIT\TRAIN\DR2\MTJG0\SX260.WAV,mtjg0,sx260,dr2
datasets\TIMIT\TRAIN\DR2\MTJG0\SX350.WAV,mtjg0,sx350,dr2
datasets\TIMIT\TRAIN\DR2\MTJG0\SX440.WAV,mtjg0,sx440,dr2
datasets\TIMIT\TRAIN\DR2\MTJG0\SX80.WAV,mtjg0,sx80,dr2
datasets\TIMIT\TRAIN\DR2\MWSB0\SA1.WAV,mwsb0,sa1,dr2
datasets\TIMIT\TRAIN\DR2\MWSB0\SA2.WAV,mwsb0,sa2,dr2
datasets\TIMIT\TRAIN\DR2\MWSB0\SI1626.WAV,mwsb0,si1626,dr2
datasets\TIMIT\TRAIN\DR2\MWSB0\SI2256.WAV,mwsb0,si2256,dr2
datasets\TIMIT\TRAIN\DR2\MWSB0\SI996.WAV,mwsb0,si996,dr2
datasets\TIMIT\TRAIN\DR2\MWSB0\SX186.WAV,mwsb0,sx186,dr2
datasets\TIMIT\TRAIN\DR2\MWSB0\SX276.WAV,mwsb0,sx276,dr2
datasets\TIMIT\TRAIN\DR2\MWSB0\SX366.WAV,mwsb0,sx366,dr2
datasets\TIMIT\TRAIN\DR2\MWSB0\SX6.WAV,mwsb0,sx6,dr2
datasets\TIMIT\TRAIN\DR2\MWSB0\SX96.WAV,mwsb0,sx96,dr2
datasets\TIMIT\TRAIN\DR2\MZMB0\SA1.WAV,mzmb0,sa1,dr2
datasets\TIMIT\TRAIN\DR2\MZMB0\SA2.WAV,mzmb0,sa2,dr2
datasets\TIMIT\TRAIN\DR2\MZMB0\SI1166.WAV,mzmb0,si1166,dr2
datasets\TIMIT\TRAIN\DR2\MZMB0\SI1796.WAV,mzmb0,si1796,dr2
datasets\TIMIT\TRAIN\DR2\MZMB0\SI536.WAV,mzmb0,si536,dr2
datasets\TIMIT\TRAIN\DR2\MZMB0\SX176.WAV,mzmb0,sx176,dr2
datasets\TIMIT\TRAIN\DR2\MZMB0\SX266.WAV,mzmb0,sx266,dr2
datasets\TIMIT\TRAIN\DR2\MZMB0\SX356.WAV,mzmb0,sx356,dr2
datasets\TIMIT\TRAIN\DR2\MZMB0\SX446.WAV,mzmb0,sx446,dr2
datasets\TIMIT\TRAIN\DR2\MZMB0\SX86.WAV,mzmb0,sx86,dr2
datasets\TIMIT\TRAIN\DR3\FALK0\SA1.WAV,falk0,sa1,dr3
datasets\TIMIT\TRAIN\DR3\FALK0\SA2.WAV,falk0,sa2,dr3
datasets\TIMIT\TRAIN\DR3\FALK0\SI1086.WAV,falk0,si1086,dr3
datasets\TIMIT\TRAIN\DR3\FALK0\SI456.WAV,falk0,si456,dr3
datasets\TIMIT\TRAIN\DR3\FALK0\SI658.WAV,falk0,si658,dr3
datasets\TIMIT\TRAIN\DR3\FALK0\SX186.WAV,falk0,sx186,dr3
datasets\TIMIT\TRAIN\DR3\FALK0\SX276.WAV,falk0,sx276,dr3
datasets\TIMIT\TRAIN\DR3\FALK0\SX366.WAV,falk0,sx366,dr3
datasets\TIMIT\TRAIN\DR3\FALK0\SX6.WAV,falk0,sx6,dr3
datasets\TIMIT\TRAIN\DR3\FALK0\SX96.WAV,falk0,sx96,dr3
datasets\TIMIT\TRAIN\DR3\FCKE0\SA1.WAV,fcke0,sa1,dr3
datasets\TIMIT\TRAIN\DR3\FCKE0\SA2.WAV,fcke0,sa2,dr3
datasets\TIMIT\TRAIN\DR3\FCKE0\SI1111.WAV,fcke0,si1111,dr3
datasets\TIMIT\TRAIN\DR3\FCKE0\SI1741.WAV,fcke0,si1741,dr3
datasets\TIMIT\TRAIN\DR3\FCKE0\SI481.WAV,fcke0,si481,dr3
datasets\TIMIT\TRAIN\DR3\FCKE0\SX121.WAV,fcke0,sx121,dr3
datasets\TIMIT\TRAIN\DR3\FCKE0\SX211.WAV,fcke0,sx211,dr3
datasets\TIMIT\TRAIN\DR3\FCKE0\SX301.WAV,fcke0,sx301,dr3
datasets\TIMIT\TRAIN\DR3\FCKE0\SX31.WAV,fcke0,sx31,dr3
datasets\TIMIT\TRAIN\DR3\FCKE0\SX391.WAV,fcke0,sx391,dr3
datasets\TIMIT\TRAIN\DR3\FCMG0\SA1.WAV,fcmg0,sa1,dr3
datasets\TIMIT\TRAIN\DR3\FCMG0\SA2.WAV,fcmg0,sa2,dr3
datasets\TIMIT\TRAIN\DR3\FCMG0\SI1142.WAV,fcmg0,si1142,dr3
datasets\TIMIT\TRAIN\DR3\FCMG0\SI1242.WAV,fcmg0,si1242,dr3
datasets\TIMIT\TRAIN\DR3\FCMG0\SI1872.WAV,fcmg0,si1872,dr3
datasets\TIMIT\TRAIN\DR3\FCMG0\SX162.WAV,fcmg0,sx162,dr3
datasets\TIMIT\TRAIN\DR3\FCMG0\SX252.WAV,fcmg0,sx252,dr3
datasets\TIMIT\TRAIN\DR3\FCMG0\SX342.WAV,fcmg0,sx342,dr3
datasets\TIMIT\TRAIN\DR3\FCMG0\SX432.WAV,fcmg0,sx432,dr3
datasets\TIMIT\TRAIN\DR3\FCMG0\SX72.WAV,fcmg0,sx72,dr3
datasets\TIMIT\TRAIN\DR3\FDFB0\SA1.WAV,fdfb0,sa1,dr3
datasets\TIMIT\TRAIN\DR3\FDFB0\SA2.WAV,fdfb0,sa2,dr3
datasets\TIMIT\TRAIN\DR3\FDFB0\SI1318.WAV,fdfb0,si1318,dr3
datasets\TIMIT\TRAIN\DR3\FDFB0\SI1948.WAV,fdfb0,si1948,dr3
datasets\TIMIT\TRAIN\DR3\FDFB0\SI2010.WAV,fdfb0,si2010,dr3
datasets\TIMIT\TRAIN\DR3\FDFB0\SX148.WAV,fdfb0,sx148,dr3
datasets\TIMIT\TRAIN\DR3\FDFB0\SX238.WAV,fdfb0,sx238,dr3
datasets\TIMIT\TRAIN\DR3\FDFB0\SX328.WAV,fdfb0,sx328,dr3
datasets\TIMIT\TRAIN\DR3\FDFB0\SX418.WAV,fdfb0,sx418,dr3
datasets\TIMIT\TRAIN\DR3\FDFB0\SX58.WAV,fdfb0,sx58,dr3
datasets\TIMIT\TRAIN\DR3\FDJH0\SA1.WAV,fdjh0,sa1,dr3
datasets\TIMIT\TRAIN\DR3\FDJH0\SA2.WAV,fdjh0,sa2,dr3
datasets\TIMIT\TRAIN\DR3\FDJH0\SI1565.WAV,fdjh0,si1565,dr3
datasets\TIMIT\TRAIN\DR3\FDJH0\SI2195.WAV,fdjh0,si2195,dr3
datasets\TIMIT\TRAIN\DR3\FDJH0\SI935.WAV,fdjh0,si935,dr3
datasets\TIMIT\TRAIN\DR3\FDJH0\SX125.WAV,fdjh0,sx125,dr3
datasets\TIMIT\TRAIN\DR3\FDJH0\SX215.WAV,fdjh0,sx215,dr3
datasets\TIMIT\TRAIN\DR3\FDJH0\SX305.WAV,fdjh0,sx305,dr3
datasets\TIMIT\TRAIN\DR3\FDJH0\SX35.WAV,fdjh0,sx35,dr3
datasets\TIMIT\TRAIN\DR3\FDJH0\SX395.WAV,fdjh0,sx395,dr3
datasets\TIMIT\TRAIN\DR3\FEME0\SA1.WAV,feme0,sa1,dr3
datasets\TIMIT\TRAIN\DR3\FEME0\SA2.WAV,feme0,sa2,dr3
datasets\TIMIT\TRAIN\DR3\FEME0\SI1505.WAV,feme0,si1505,dr3
datasets\TIMIT\TRAIN\DR3\FEME0\SI2135.WAV,feme0,si2135,dr3
datasets\TIMIT\TRAIN\DR3\FEME0\SI875.WAV,feme0,si875,dr3
datasets\TIMIT\TRAIN\DR3\FEME0\SX155.WAV,feme0,sx155,dr3
datasets\TIMIT\TRAIN\DR3\FEME0\SX245.WAV,feme0,sx245,dr3
datasets\TIMIT\TRAIN\DR3\FEME0\SX335.WAV,feme0,sx335,dr3
datasets\TIMIT\TRAIN\DR3\FEME0\SX425.WAV,feme0,sx425,dr3
datasets\TIMIT\TRAIN\DR3\FEME0\SX65.WAV,feme0,sx65,dr3
datasets\TIMIT\TRAIN\DR3\FGCS0\SA1.WAV,fgcs0,sa1,dr3
datasets\TIMIT\TRAIN\DR3\FGCS0\SA2.WAV,fgcs0,sa2,dr3
datasets\TIMIT\TRAIN\DR3\FGCS0\SI1486.WAV,fgcs0,si1486,dr3
datasets\TIMIT\TRAIN\DR3\FGCS0\SI2116.WAV,fgcs0,si2116,dr3
datasets\TIMIT\TRAIN\DR3\FGCS0\SI856.WAV,fgcs0,si856,dr3
datasets\TIMIT\TRAIN\DR3\FGCS0\SX136.WAV,fgcs0,sx136,dr3
datasets\TIMIT\TRAIN\DR3\FGCS0\SX226.WAV,fgcs0,sx226,dr3
datasets\TIMIT\TRAIN\DR3\FGCS0\SX316.WAV,fgcs0,sx316,dr3
datasets\TIMIT\TRAIN\DR3\FGCS0\SX406.WAV,fgcs0,sx406,dr3
datasets\TIMIT\TRAIN\DR3\FGCS0\SX46.WAV,fgcs0,sx46,dr3
datasets\TIMIT\TRAIN\DR3\FGRW0\SA1.WAV,fgrw0,sa1,dr3
datasets\TIMIT\TRAIN\DR3\FGRW0\SA2.WAV,fgrw0,sa2,dr3
datasets\TIMIT\TRAIN\DR3\FGRW0\SI1152.WAV,fgrw0,si1152,dr3
datasets\TIMIT\TRAIN\DR3\FGRW0\SI1782.WAV,fgrw0,si1782,dr3
datasets\TIMIT\TRAIN\DR3\FGRW0\SI1990.WAV,fgrw0,si1990,dr3
datasets\TIMIT\TRAIN\DR3\FGRW0\SX162.WAV,fgrw0,sx162,dr3
datasets\TIMIT\TRAIN\DR3\FGRW0\SX252.WAV,fgrw0,sx252,dr3
datasets\TIMIT\TRAIN\DR3\FGRW0\SX342.WAV,fgrw0,sx342,dr3
datasets\TIMIT\TRAIN\DR3\FGRW0\SX432.WAV,fgrw0,sx432,dr3
datasets\TIMIT\TRAIN\DR3\FGRW0\SX72.WAV,fgrw0,sx72,dr3
datasets\TIMIT\TRAIN\DR3\FJLG0\SA1.WAV,fjlg0,sa1,dr3
datasets\TIMIT\TRAIN\DR3\FJLG0\SA2.WAV,fjlg0,sa2,dr3
datasets\TIMIT\TRAIN\DR3\FJLG0\SI1506.WAV,fjlg0,si1506,dr3
datasets\TIMIT\TRAIN\DR3\FJLG0\SI1889.WAV,fjlg0,si1889,dr3
datasets\TIMIT\TRAIN\DR3\FJLG0\SI2306.WAV,fjlg0,si2306,dr3
datasets\TIMIT\TRAIN\DR3\FJLG0\SX179.WAV,fjlg0,sx179,dr3
datasets\TIMIT\TRAIN\DR3\FJLG0\SX269.WAV,fjlg0,sx269,dr3
datasets\TIMIT\TRAIN\DR3\FJLG0\SX359.WAV,fjlg0,sx359,dr3
datasets\TIMIT\TRAIN\DR3\FJLG0\SX449.WAV,fjlg0,sx449,dr3
datasets\TIMIT\TRAIN\DR3\FJLG0\SX89.WAV,fjlg0,sx89,dr3
datasets\TIMIT\TRAIN\DR3\FJLR0\SA1.WAV,fjlr0,sa1,dr3
datasets\TIMIT\TRAIN\DR3\FJLR0\SA2.WAV,fjlr0,sa2,dr3
datasets\TIMIT\TRAIN\DR3\FJLR0\SI1231.WAV,fjlr0,si1231,dr3
datasets\TIMIT\TRAIN\DR3\FJLR0\SI1861.WAV,fjlr0,si1861,dr3
datasets\TIMIT\TRAIN\DR3\FJLR0\SI601.WAV,fjlr0,si601,dr3
datasets\TIMIT\TRAIN\DR3\FJLR0\SX151.WAV,fjlr0,sx151,dr3
datasets\TIMIT\TRAIN\DR3\FJLR0\SX241.WAV,fjlr0,sx241,dr3
datasets\TIMIT\TRAIN\DR3\FJLR0\SX331.WAV,fjlr0,sx331,dr3
datasets\TIMIT\TRAIN\DR3\FJLR0\SX421.WAV,fjlr0,sx421,dr3
datasets\TIMIT\TRAIN\DR3\FJLR0\SX61.WAV,fjlr0,sx61,dr3
datasets\TIMIT\TRAIN\DR3\FLJD0\SA1.WAV,fljd0,sa1,dr3
datasets\TIMIT\TRAIN\DR3\FLJD0\SA2.WAV,fljd0,sa2,dr3
datasets\TIMIT\TRAIN\DR3\FLJD0\SI1516.WAV,fljd0,si1516,dr3
datasets\TIMIT\TRAIN\DR3\FLJD0\SI2146.WAV,fljd0,si2146,dr3
datasets\TIMIT\TRAIN\DR3\FLJD0\SI886.WAV,fljd0,si886,dr3
datasets\TIMIT\TRAIN\DR3\FLJD0\SX166.WAV,fljd0,sx166,dr3
datasets\TIMIT\TRAIN\DR3\FLJD0\SX256.WAV,fljd0,sx256,dr3
datasets\TIMIT\TRAIN\DR3\FLJD0\SX346.WAV,fljd0,sx346,dr3
datasets\TIMIT\TRAIN\DR3\FLJD0\SX436.WAV,fljd0,sx436,dr3
datasets\TIMIT\TRAIN\DR3\FLJD0\SX76.WAV,fljd0,sx76,dr3
datasets\TIMIT\TRAIN\DR3\FMJF0\SA1.WAV,fmjf0,sa1,dr3
datasets\TIMIT\TRAIN\DR3\FMJF0\SA2.WAV,fmjf0,sa2,dr3
datasets\TIMIT\TRAIN\DR3\FMJF0\SI1254.WAV,fmjf0,si1254,dr3
datasets\TIMIT\TRAIN\DR3\FMJF0\SI1884.WAV,fmjf0,si1884,dr3
datasets\TIMIT\TRAIN\DR3\FMJF0\SI624.WAV,fmjf0,si624,dr3
datasets\TIMIT\TRAIN\DR3\FMJF0\SX174.WAV,fmjf0,sx174,dr3
datasets\TIMIT\TRAIN\DR3\FMJF0\SX264.WAV,fmjf0,sx264,dr3
datasets\TIMIT\TRAIN\DR3\FMJF0\SX354.WAV,fmjf0,sx354,dr3
datasets\TIMIT\TRAIN\DR3\FMJF0\SX444.WAV,fmjf0,sx444,dr3
datasets\TIMIT\TRAIN\DR3\FMJF0\SX84.WAV,fmjf0,sx84,dr3
datasets\TIMIT\TRAIN\DR3\FNTB0\SA1.WAV,fntb0,sa1,dr3
datasets\TIMIT\TRAIN\DR3\FNTB0\SA2.WAV,fntb0,sa2,dr3
datasets\TIMIT\TRAIN\DR3\FNTB0\SI1203.WAV,fntb0,si1203,dr3
datasets\TIMIT\TRAIN\DR3\FNTB0\SI573.WAV,fntb0,si573,dr3
datasets\TIMIT\TRAIN\DR3\FNTB0\SI679.WAV,fntb0,si679,dr3
datasets\TIMIT\TRAIN\DR3\FNTB0\SX123.WAV,fntb0,sx123,dr3
datasets\TIMIT\TRAIN\DR3\FNTB0\SX213.WAV,fntb0,sx213,dr3
datasets\TIMIT\TRAIN\DR3\FNTB0\SX303.WAV,fntb0,sx303,dr3
datasets\TIMIT\TRAIN\DR3\FNTB0\SX33.WAV,fntb0,sx33,dr3
datasets\TIMIT\TRAIN\DR3\FNTB0\SX393.WAV,fntb0,sx393,dr3
datasets\TIMIT\TRAIN\DR3\FPAZ0\SA1.WAV,fpaz0,sa1,dr3
datasets\TIMIT\TRAIN\DR3\FPAZ0\SA2.WAV,fpaz0,sa2,dr3
datasets\TIMIT\TRAIN\DR3\FPAZ0\SI1593.WAV,fpaz0,si1593,dr3
datasets\TIMIT\TRAIN\DR3\FPAZ0\SI2223.WAV,fpaz0,si2223,dr3
datasets\TIMIT\TRAIN\DR3\FPAZ0\SI963.WAV,fpaz0,si963,dr3
datasets\TIMIT\TRAIN\DR3\FPAZ0\SX153.WAV,fpaz0,sx153,dr3
datasets\TIMIT\TRAIN\DR3\FPAZ0\SX243.WAV,fpaz0,sx243,dr3
datasets\TIMIT\TRAIN\DR3\FPAZ0\SX27.WAV,fpaz0,sx27,dr3
datasets\TIMIT\TRAIN\DR3\FPAZ0\SX423.WAV,fpaz0,sx423,dr3
datasets\TIMIT\TRAIN\DR3\FPAZ0\SX63.WAV,fpaz0,sx63,dr3
datasets\TIMIT\TRAIN\DR3\FSJS0\SA1.WAV,fsjs0,sa1,dr3
datasets\TIMIT\TRAIN\DR3\FSJS0\SA2.WAV,fsjs0,sa2,dr3
datasets\TIMIT\TRAIN\DR3\FSJS0\SI1171.WAV,fsjs0,si1171,dr3
datasets\TIMIT\TRAIN\DR3\FSJS0\SI1801.WAV,fsjs0,si1801,dr3
datasets\TIMIT\TRAIN\DR3\FSJS0\SI541.WAV,fsjs0,si541,dr3
datasets\TIMIT\TRAIN\DR3\FSJS0\SX181.WAV,fsjs0,sx181,dr3
datasets\TIMIT\TRAIN\DR3\FSJS0\SX271.WAV,fsjs0,sx271,dr3
datasets\TIMIT\TRAIN\DR3\FSJS0\SX361.WAV,fsjs0,sx361,dr3
datasets\TIMIT\TRAIN\DR3\FSJS0\SX451.WAV,fsjs0,sx451,dr3
datasets\TIMIT\TRAIN\DR3\FSJS0\SX91.WAV,fsjs0,sx91,dr3
datasets\TIMIT\TRAIN\DR3\FSLS0\SA1.WAV,fsls0,sa1,dr3
datasets\TIMIT\TRAIN\DR3\FSLS0\SA2.WAV,fsls0,sa2,dr3
datasets\TIMIT\TRAIN\DR3\FSLS0\SI1056.WAV,fsls0,si1056,dr3
datasets\TIMIT\TRAIN\DR3\FSLS0\SI1686.WAV,fsls0,si1686,dr3
datasets\TIMIT\TRAIN\DR3\FSLS0\SI2316.WAV,fsls0,si2316,dr3
datasets\TIMIT\TRAIN\DR3\FSLS0\SX156.WAV,fsls0,sx156,dr3
datasets\TIMIT\TRAIN\DR3\FSLS0\SX202.WAV,fsls0,sx202,dr3
datasets\TIMIT\TRAIN\DR3\FSLS0\SX246.WAV,fsls0,sx246,dr3
datasets\TIMIT\TRAIN\DR3\FSLS0\SX426.WAV,fsls0,sx426,dr3
datasets\TIMIT\TRAIN\DR3\FSLS0\SX66.WAV,fsls0,sx66,dr3
datasets\TIMIT\TRAIN\DR3\MADC0\SA1.WAV,madc0,sa1,dr3
datasets\TIMIT\TRAIN\DR3\MADC0\SA2.WAV,madc0,sa2,dr3
datasets\TIMIT\TRAIN\DR3\MADC0\SI1367.WAV,madc0,si1367,dr3
datasets\TIMIT\TRAIN\DR3\MADC0\SI1997.WAV,madc0,si1997,dr3
datasets\TIMIT\TRAIN\DR3\MADC0\SI737.WAV,madc0,si737,dr3
datasets\TIMIT\TRAIN\DR3\MADC0\SX107.WAV,madc0,sx107,dr3
datasets\TIMIT\TRAIN\DR3\MADC0\SX17.WAV,madc0,sx17,dr3
datasets\TIMIT\TRAIN\DR3\MADC0\SX197.WAV,madc0,sx197,dr3
datasets\TIMIT\TRAIN\DR3\MADC0\SX287.WAV,madc0,sx287,dr3
datasets\TIMIT\TRAIN\DR3\MADC0\SX377.WAV,madc0,sx377,dr3
datasets\TIMIT\TRAIN\DR3\MAKB0\SA1.WAV,makb0,sa1,dr3
datasets\TIMIT\TRAIN\DR3\MAKB0\SA2.WAV,makb0,sa2,dr3
datasets\TIMIT\TRAIN\DR3\MAKB0\SI1016.WAV,makb0,si1016,dr3
datasets\TIMIT\TRAIN\DR3\MAKB0\SI1646.WAV,makb0,si1646,dr3
datasets\TIMIT\TRAIN\DR3\MAKB0\SI2276.WAV,makb0,si2276,dr3
datasets\TIMIT\TRAIN\DR3\MAKB0\SX116.WAV,makb0,sx116,dr3
datasets\TIMIT\TRAIN\DR3\MAKB0\SX206.WAV,makb0,sx206,dr3
datasets\TIMIT\TRAIN\DR3\MAKB0\SX26.WAV,makb0,sx26,dr3
datasets\TIMIT\TRAIN\DR3\MAKB0\SX296.WAV,makb0,sx296,dr3
datasets\TIMIT\TRAIN\DR3\MAKB0\SX386.WAV,makb0,sx386,dr3
datasets\TIMIT\TRAIN\DR3\MAKR0\SA1.WAV,makr0,sa1,dr3
datasets\TIMIT\TRAIN\DR3\MAKR0\SA2.WAV,makr0,sa2,dr3
datasets\TIMIT\TRAIN\DR3\MAKR0\SI1352.WAV,makr0,si1352,dr3
datasets\TIMIT\TRAIN\DR3\MAKR0\SI1982.WAV,makr0,si1982,dr3
datasets\TIMIT\TRAIN\DR3\MAKR0\SI722.WAV,makr0,si722,dr3
datasets\TIMIT\TRAIN\DR3\MAKR0\SX182.WAV,makr0,sx182,dr3
datasets\TIMIT\TRAIN\DR3\MAKR0\SX272.WAV,makr0,sx272,dr3
datasets\TIMIT\TRAIN\DR3\MAKR0\SX362.WAV,makr0,sx362,dr3
datasets\TIMIT\TRAIN\DR3\MAKR0\SX452.WAV,makr0,sx452,dr3
datasets\TIMIT\TRAIN\DR3\MAKR0\SX92.WAV,makr0,sx92,dr3
datasets\TIMIT\TRAIN\DR3\MAPV0\SA1.WAV,mapv0,sa1,dr3
datasets\TIMIT\TRAIN\DR3\MAPV0\SA2.WAV,mapv0,sa2,dr3
datasets\TIMIT\TRAIN\DR3\MAPV0\SI1293.WAV,mapv0,si1293,dr3
datasets\TIMIT\TRAIN\DR3\MAPV0\SI1923.WAV,mapv0,si1923,dr3
datasets\TIMIT\TRAIN\DR3\MAPV0\SI663.WAV,mapv0,si663,dr3
datasets\TIMIT\TRAIN\DR3\MAPV0\SX123.WAV,mapv0,sx123,dr3
datasets\TIMIT\TRAIN\DR3\MAPV0\SX213.WAV,mapv0,sx213,dr3
datasets\TIMIT\TRAIN\DR3\MAPV0\SX303.WAV,mapv0,sx303,dr3
datasets\TIMIT\TRAIN\DR3\MAPV0\SX33.WAV,mapv0,sx33,dr3
datasets\TIMIT\TRAIN\DR3\MAPV0\SX393.WAV,mapv0,sx393,dr3
datasets\TIMIT\TRAIN\DR3\MBEF0\SA1.WAV,mbef0,sa1,dr3
datasets\TIMIT\TRAIN\DR3\MBEF0\SA2.WAV,mbef0,sa2,dr3
datasets\TIMIT\TRAIN\DR3\MBEF0\SI1281.WAV,mbef0,si1281,dr3
datasets\TIMIT\TRAIN\DR3\MBEF0\SI1911.WAV,mbef0,si1911,dr3
datasets\TIMIT\TRAIN\DR3\MBEF0\SI651.WAV,mbef0,si651,dr3
datasets\TIMIT\TRAIN\DR3\MBEF0\SX111.WAV,mbef0,sx111,dr3
datasets\TIMIT\TRAIN\DR3\MBEF0\SX201.WAV,mbef0,sx201,dr3
datasets\TIMIT\TRAIN\DR3\MBEF0\SX21.WAV,mbef0,sx21,dr3
datasets\TIMIT\TRAIN\DR3\MBEF0\SX291.WAV,mbef0,sx291,dr3
datasets\TIMIT\TRAIN\DR3\MBEF0\SX381.WAV,mbef0,sx381,dr3
datasets\TIMIT\TRAIN\DR3\MCAL0\SA1.WAV,mcal0,sa1,dr3
datasets\TIMIT\TRAIN\DR3\MCAL0\SA2.WAV,mcal0,sa2,dr3
datasets\TIMIT\TRAIN\DR3\MCAL0\SI1138.WAV,mcal0,si1138,dr3
datasets\TIMIT\TRAIN\DR3\MCAL0\SI1768.WAV,mcal0,si1768,dr3
datasets\TIMIT\TRAIN\DR3\MCAL0\SI508.WAV,mcal0,si508,dr3
datasets\TIMIT\TRAIN\DR3\MCAL0\SX148.WAV,mcal0,sx148,dr3
datasets\TIMIT\TRAIN\DR3\MCAL0\SX238.WAV,mcal0,sx238,dr3
datasets\TIMIT\TRAIN\DR3\MCAL0\SX328.WAV,mcal0,sx328,dr3
datasets\TIMIT\TRAIN\DR3\MCAL0\SX418.WAV,mcal0,sx418,dr3
datasets\TIMIT\TRAIN\DR3\MCAL0\SX58.WAV,mcal0,sx58,dr3
datasets\TIMIT\TRAIN\DR3\MCDD0\SA1.WAV,mcdd0,sa1,dr3
datasets\TIMIT\TRAIN\DR3\MCDD0\SA2.WAV,mcdd0,sa2,dr3
datasets\TIMIT\TRAIN\DR3\MCDD0\SI1513.WAV,mcdd0,si1513,dr3
datasets\TIMIT\TRAIN\DR3\MCDD0\SI2143.WAV,mcdd0,si2143,dr3
datasets\TIMIT\TRAIN\DR3\MCDD0\SI883.WAV,mcdd0,si883,dr3
datasets\TIMIT\TRAIN\DR3\MCDD0\SX163.WAV,mcdd0,sx163,dr3
datasets\TIMIT\TRAIN\DR3\MCDD0\SX253.WAV,mcdd0,sx253,dr3
datasets\TIMIT\TRAIN\DR3\MCDD0\SX343.WAV,mcdd0,sx343,dr3
datasets\TIMIT\TRAIN\DR3\MCDD0\SX433.WAV,mcdd0,sx433,dr3
datasets\TIMIT\TRAIN\DR3\MCDD0\SX73.WAV,mcdd0,sx73,dr3
datasets\TIMIT\TRAIN\DR3\MCEF0\SA1.WAV,mcef0,sa1,dr3
datasets\TIMIT\TRAIN\DR3\MCEF0\SA2.WAV,mcef0,sa2,dr3
datasets\TIMIT\TRAIN\DR3\MCEF0\SI1135.WAV,mcef0,si1135,dr3
datasets\TIMIT\TRAIN\DR3\MCEF0\SI1765.WAV,mcef0,si1765,dr3
datasets\TIMIT\TRAIN\DR3\MCEF0\SI842.WAV,mcef0,si842,dr3
datasets\TIMIT\TRAIN\DR3\MCEF0\SX145.WAV,mcef0,sx145,dr3
datasets\TIMIT\TRAIN\DR3\MCEF0\SX235.WAV,mcef0,sx235,dr3
datasets\TIMIT\TRAIN\DR3\MCEF0\SX325.WAV,mcef0,sx325,dr3
datasets\TIMIT\TRAIN\DR3\MCEF0\SX415.WAV,mcef0,sx415,dr3
datasets\TIMIT\TRAIN\DR3\MCEF0\SX55.WAV,mcef0,sx55,dr3
datasets\TIMIT\TRAIN\DR3\MDBB1\SA1.WAV,mdbb1,sa1,dr3
datasets\TIMIT\TRAIN\DR3\MDBB1\SA2.WAV,mdbb1,sa2,dr3
datasets\TIMIT\TRAIN\DR3\MDBB1\SI1006.WAV,mdbb1,si1006,dr3
datasets\TIMIT\TRAIN\DR3\MDBB1\SI1636.WAV,mdbb1,si1636,dr3
datasets\TIMIT\TRAIN\DR3\MDBB1\SI2056.WAV,mdbb1,si2056,dr3
datasets\TIMIT\TRAIN\DR3\MDBB1\SX106.WAV,mdbb1,sx106,dr3
datasets\TIMIT\TRAIN\DR3\MDBB1\SX16.WAV,mdbb1,sx16,dr3
datasets\TIMIT\TRAIN\DR3\MDBB1\SX196.WAV,mdbb1,sx196,dr3
datasets\TIMIT\TRAIN\DR3\MDBB1\SX286.WAV,mdbb1,sx286,dr3
datasets\TIMIT\TRAIN\DR3\MDBB1\SX376.WAV,mdbb1,sx376,dr3
datasets\TIMIT\TRAIN\DR3\MDDC0\SA1.WAV,mddc0,sa1,dr3
datasets\TIMIT\TRAIN\DR3\MDDC0\SA2.WAV,mddc0,sa2,dr3
datasets\TIMIT\TRAIN\DR3\MDDC0\SI1419.WAV,mddc0,si1419,dr3
datasets\TIMIT\TRAIN\DR3\MDDC0\SI2049.WAV,mddc0,si2049,dr3
datasets\TIMIT\TRAIN\DR3\MDDC0\SI789.WAV,mddc0,si789,dr3
datasets\TIMIT\TRAIN\DR3\MDDC0\SX159.WAV,mddc0,sx159,dr3
datasets\TIMIT\TRAIN\DR3\MDDC0\SX249.WAV,mddc0,sx249,dr3
datasets\TIMIT\TRAIN\DR3\MDDC0\SX339.WAV,mddc0,sx339,dr3
datasets\TIMIT\TRAIN\DR3\MDDC0\SX429.WAV,mddc0,sx429,dr3
datasets\TIMIT\TRAIN\DR3\MDDC0\SX69.WAV,mddc0,sx69,dr3
datasets\TIMIT\TRAIN\DR3\MDEF0\SA1.WAV,mdef0,sa1,dr3
datasets\TIMIT\TRAIN\DR3\MDEF0\SA2.WAV,mdef0,sa2,dr3
datasets\TIMIT\TRAIN\DR3\MDEF0\SI1123.WAV,mdef0,si1123,dr3
datasets\TIMIT\TRAIN\DR3\MDEF0\SI1563.WAV,mdef0,si1563,dr3
datasets\TIMIT\TRAIN\DR3\MDEF0\SI2193.WAV,mdef0,si2193,dr3
datasets\TIMIT\TRAIN\DR3\MDEF0\SX123.WAV,mdef0,sx123,dr3
datasets\TIMIT\TRAIN\DR3\MDEF0\SX213.WAV,mdef0,sx213,dr3
datasets\TIMIT\TRAIN\DR3\MDEF0\SX303.WAV,mdef0,sx303,dr3
datasets\TIMIT\TRAIN\DR3\MDEF0\SX33.WAV,mdef0,sx33,dr3
datasets\TIMIT\TRAIN\DR3\MDEF0\SX393.WAV,mdef0,sx393,dr3
datasets\TIMIT\TRAIN\DR3\MDHS0\SA1.WAV,mdhs0,sa1,dr3
datasets\TIMIT\TRAIN\DR3\MDHS0\SA2.WAV,mdhs0,sa2,dr3
datasets\TIMIT\TRAIN\DR3\MDHS0\SI1530.WAV,mdhs0,si1530,dr3
datasets\TIMIT\TRAIN\DR3\MDHS0\SI2160.WAV,mdhs0,si2160,dr3
datasets\TIMIT\TRAIN\DR3\MDHS0\SI900.WAV,mdhs0,si900,dr3
datasets\TIMIT\TRAIN\DR3\MDHS0\SX180.WAV,mdhs0,sx180,dr3
datasets\TIMIT\TRAIN\DR3\MDHS0\SX270.WAV,mdhs0,sx270,dr3
datasets\TIMIT\TRAIN\DR3\MDHS0\SX360.WAV,mdhs0,sx360,dr3
datasets\TIMIT\TRAIN\DR3\MDHS0\SX450.WAV,mdhs0,sx450,dr3
datasets\TIMIT\TRAIN\DR3\MDHS0\SX90.WAV,mdhs0,sx90,dr3
datasets\TIMIT\TRAIN\DR3\MDJM0\SA1.WAV,mdjm0,sa1,dr3
datasets\TIMIT\TRAIN\DR3\MDJM0\SA2.WAV,mdjm0,sa2,dr3
datasets\TIMIT\TRAIN\DR3\MDJM0\SI1455.WAV,mdjm0,si1455,dr3
datasets\TIMIT\TRAIN\DR3\MDJM0\SI2085.WAV,mdjm0,si2085,dr3
datasets\TIMIT\TRAIN\DR3\MDJM0\SI825.WAV,mdjm0,si825,dr3
datasets\TIMIT\TRAIN\DR3\MDJM0\SX105.WAV,mdjm0,sx105,dr3
datasets\TIMIT\TRAIN\DR3\MDJM0\SX15.WAV,mdjm0,sx15,dr3
datasets\TIMIT\TRAIN\DR3\MDJM0\SX195.WAV,mdjm0,sx195,dr3
datasets\TIMIT\TRAIN\DR3\MDJM0\SX285.WAV,mdjm0,sx285,dr3
datasets\TIMIT\TRAIN\DR3\MDJM0\SX375.WAV,mdjm0,sx375,dr3
datasets\TIMIT\TRAIN\DR3\MDLH0\SA1.WAV,mdlh0,sa1,dr3
datasets\TIMIT\TRAIN\DR3\MDLH0\SA2.WAV,mdlh0,sa2,dr3
datasets\TIMIT\TRAIN\DR3\MDLH0\SI1960.WAV,mdlh0,si1960,dr3
datasets\TIMIT\TRAIN\DR3\MDLH0\SI574.WAV,mdlh0,si574,dr3
datasets\TIMIT\TRAIN\DR3\MDLH0\SI700.WAV,mdlh0,si700,dr3
datasets\TIMIT\TRAIN\DR3\MDLH0\SX160.WAV,mdlh0,sx160,dr3
datasets\TIMIT\TRAIN\DR3\MDLH0\SX250.WAV,mdlh0,sx250,dr3
datasets\TIMIT\TRAIN\DR3\MDLH0\SX340.WAV,mdlh0,sx340,dr3
datasets\TIMIT\TRAIN\DR3\MDLH0\SX430.WAV,mdlh0,sx430,dr3
datasets\TIMIT\TRAIN\DR3\MDLH0\SX70.WAV,mdlh0,sx70,dr3
datasets\TIMIT\TRAIN\DR3\MDNS0\SA1.WAV,mdns0,sa1,dr3
datasets\TIMIT\TRAIN\DR3\MDNS0\SA2.WAV,mdns0,sa2,dr3
datasets\TIMIT\TRAIN\DR3\MDNS0\SI1011.WAV,mdns0,si1011,dr3
datasets\TIMIT\TRAIN\DR3\MDNS0\SI2271.WAV,mdns0,si2271,dr3
datasets\TIMIT\TRAIN\DR3\MDNS0\SI873.WAV,mdns0,si873,dr3
datasets\TIMIT\TRAIN\DR3\MDNS0\SX111.WAV,mdns0,sx111,dr3
datasets\TIMIT\TRAIN\DR3\MDNS0\SX201.WAV,mdns0,sx201,dr3
datasets\TIMIT\TRAIN\DR3\MDNS0\SX21.WAV,mdns0,sx21,dr3
datasets\TIMIT\TRAIN\DR3\MDNS0\SX291.WAV,mdns0,sx291,dr3
datasets\TIMIT\TRAIN\DR3\MDNS0\SX381.WAV,mdns0,sx381,dr3
datasets\TIMIT\TRAIN\DR3\MDSS1\SA1.WAV,mdss1,sa1,dr3
datasets\TIMIT\TRAIN\DR3\MDSS1\SA2.WAV,mdss1,sa2,dr3
datasets\TIMIT\TRAIN\DR3\MDSS1\SI1327.WAV,mdss1,si1327,dr3
datasets\TIMIT\TRAIN\DR3\MDSS1\SI1713.WAV,mdss1,si1713,dr3
datasets\TIMIT\TRAIN\DR3\MDSS1\SI697.WAV,mdss1,si697,dr3
datasets\TIMIT\TRAIN\DR3\MDSS1\SX157.WAV,mdss1,sx157,dr3
datasets\TIMIT\TRAIN\DR3\MDSS1\SX247.WAV,mdss1,sx247,dr3
datasets\TIMIT\TRAIN\DR3\MDSS1\SX337.WAV,mdss1,sx337,dr3
datasets\TIMIT\TRAIN\DR3\MDSS1\SX427.WAV,mdss1,sx427,dr3
datasets\TIMIT\TRAIN\DR3\MDSS1\SX67.WAV,mdss1,sx67,dr3
datasets\TIMIT\TRAIN\DR3\MDTB0\SA1.WAV,mdtb0,sa1,dr3
datasets\TIMIT\TRAIN\DR3\MDTB0\SA2.WAV,mdtb0,sa2,dr3
datasets\TIMIT\TRAIN\DR3\MDTB0\SI1200.WAV,mdtb0,si1200,dr3
datasets\TIMIT\TRAIN\DR3\MDTB0\SI1830.WAV,mdtb0,si1830,dr3
datasets\TIMIT\TRAIN\DR3\MDTB0\SI570.WAV,mdtb0,si570,dr3
datasets\TIMIT\TRAIN\DR3\MDTB0\SX120.WAV,mdtb0,sx120,dr3
datasets\TIMIT\TRAIN\DR3\MDTB0\SX210.WAV,mdtb0,sx210,dr3
datasets\TIMIT\TRAIN\DR3\MDTB0\SX300.WAV,mdtb0,sx300,dr3
datasets\TIMIT\TRAIN\DR3\MDTB0\SX321.WAV,mdtb0,sx321,dr3
datasets\TIMIT\TRAIN\DR3\MDTB0\SX390.WAV,mdtb0,sx390,dr3
datasets\TIMIT\TRAIN\DR3\MDWM0\SA1.WAV,mdwm0,sa1,dr3
datasets\TIMIT\TRAIN\DR3\MDWM0\SA2.WAV,mdwm0,sa2,dr3
datasets\TIMIT\TRAIN\DR3\MDWM0\SI1546.WAV,mdwm0,si1546,dr3
datasets\TIMIT\TRAIN\DR3\MDWM0\SI2176.WAV,mdwm0,si2176,dr3
datasets\TIMIT\TRAIN\DR3\MDWM0\SI916.WAV,mdwm0,si916,dr3
datasets\TIMIT\TRAIN\DR3\MDWM0\SX106.WAV,mdwm0,sx106,dr3
datasets\TIMIT\TRAIN\DR3\MDWM0\SX16.WAV,mdwm0,sx16,dr3
datasets\TIMIT\TRAIN\DR3\MDWM0\SX286.WAV,mdwm0,sx286,dr3
datasets\TIMIT\TRAIN\DR3\MDWM0\SX376.WAV,mdwm0,sx376,dr3
datasets\TIMIT\TRAIN\DR3\MDWM0\SX433.WAV,mdwm0,sx433,dr3
datasets\TIMIT\TRAIN\DR3\MFMC0\SA1.WAV,mfmc0,sa1,dr3
datasets\TIMIT\TRAIN\DR3\MFMC0\SA2.WAV,mfmc0,sa2,dr3
datasets\TIMIT\TRAIN\DR3\MFMC0\SI1132.WAV,mfmc0,si1132,dr3
datasets\TIMIT\TRAIN\DR3\MFMC0\SI1762.WAV,mfmc0,si1762,dr3
datasets\TIMIT\TRAIN\DR3\MFMC0\SI502.WAV,mfmc0,si502,dr3
datasets\TIMIT\TRAIN\DR3\MFMC0\SX142.WAV,mfmc0,sx142,dr3
datasets\TIMIT\TRAIN\DR3\MFMC0\SX232.WAV,mfmc0,sx232,dr3
datasets\TIMIT\TRAIN\DR3\MFMC0\SX322.WAV,mfmc0,sx322,dr3
datasets\TIMIT\TRAIN\DR3\MFMC0\SX412.WAV,mfmc0,sx412,dr3
datasets\TIMIT\TRAIN\DR3\MFMC0\SX52.WAV,mfmc0,sx52,dr3
datasets\TIMIT\TRAIN\DR3\MGAF0\SA1.WAV,mgaf0,sa1,dr3
datasets\TIMIT\TRAIN\DR3\MGAF0\SA2.WAV,mgaf0,sa2,dr3
datasets\TIMIT\TRAIN\DR3\MGAF0\SI1282.WAV,mgaf0,si1282,dr3
datasets\TIMIT\TRAIN\DR3\MGAF0\SI1912.WAV,mgaf0,si1912,dr3
datasets\TIMIT\TRAIN\DR3\MGAF0\SI652.WAV,mgaf0,si652,dr3
datasets\TIMIT\TRAIN\DR3\MGAF0\SX112.WAV,mgaf0,sx112,dr3
datasets\TIMIT\TRAIN\DR3\MGAF0\SX202.WAV,mgaf0,sx202,dr3
datasets\TIMIT\TRAIN\DR3\MGAF0\SX22.WAV,mgaf0,sx22,dr3
datasets\TIMIT\TRAIN\DR3\MGAF0\SX292.WAV,mgaf0,sx292,dr3
datasets\TIMIT\TRAIN\DR3\MGAF0\SX382.WAV,mgaf0,sx382,dr3
datasets\TIMIT\TRAIN\DR3\MHJB0\SA1.WAV,mhjb0,sa1,dr3
datasets\TIMIT\TRAIN\DR3\MHJB0\SA2.WAV,mhjb0,sa2,dr3
datasets\TIMIT\TRAIN\DR3\MHJB0\SI1017.WAV,mhjb0,si1017,dr3
datasets\TIMIT\TRAIN\DR3\MHJB0\SI1647.WAV,mhjb0,si1647,dr3
datasets\TIMIT\TRAIN\DR3\MHJB0\SI2277.WAV,mhjb0,si2277,dr3
datasets\TIMIT\TRAIN\DR3\MHJB0\SX117.WAV,mhjb0,sx117,dr3
datasets\TIMIT\TRAIN\DR3\MHJB0\SX207.WAV,mhjb0,sx207,dr3
datasets\TIMIT\TRAIN\DR3\MHJB0\SX27.WAV,mhjb0,sx27,dr3
datasets\TIMIT\TRAIN\DR3\MHJB0\SX297.WAV,mhjb0,sx297,dr3
datasets\TIMIT\TRAIN\DR3\MHJB0\SX387.WAV,mhjb0,sx387,dr3
datasets\TIMIT\TRAIN\DR3\MILB0\SA1.WAV,milb0,sa1,dr3
datasets\TIMIT\TRAIN\DR3\MILB0\SA2.WAV,milb0,sa2,dr3
datasets\TIMIT\TRAIN\DR3\MILB0\SI2163.WAV,milb0,si2163,dr3
datasets\TIMIT\TRAIN\DR3\MILB0\SI807.WAV,milb0,si807,dr3
datasets\TIMIT\TRAIN\DR3\MILB0\SI903.WAV,milb0,si903,dr3
datasets\TIMIT\TRAIN\DR3\MILB0\SX183.WAV,milb0,sx183,dr3
datasets\TIMIT\TRAIN\DR3\MILB0\SX273.WAV,milb0,sx273,dr3
datasets\TIMIT\TRAIN\DR3\MILB0\SX3.WAV,milb0,sx3,dr3
datasets\TIMIT\TRAIN\DR3\MILB0\SX363.WAV,milb0,sx363,dr3
datasets\TIMIT\TRAIN\DR3\MILB0\SX93.WAV,milb0,sx93,dr3
datasets\TIMIT\TRAIN\DR3\MJDA0\SA1.WAV,mjda0,sa1,dr3
datasets\TIMIT\TRAIN\DR3\MJDA0\SA2.WAV,mjda0,sa2,dr3
datasets\TIMIT\TRAIN\DR3\MJDA0\SI1031.WAV,mjda0,si1031,dr3
datasets\TIMIT\TRAIN\DR3\MJDA0\SI1661.WAV,mjda0,si1661,dr3
datasets\TIMIT\TRAIN\DR3\MJDA0\SI2291.WAV,mjda0,si2291,dr3
datasets\TIMIT\TRAIN\DR3\MJDA0\SX131.WAV,mjda0,sx131,dr3
datasets\TIMIT\TRAIN\DR3\MJDA0\SX221.WAV,mjda0,sx221,dr3
datasets\TIMIT\TRAIN\DR3\MJDA0\SX311.WAV,mjda0,sx311,dr3
datasets\TIMIT\TRAIN\DR3\MJDA0\SX401.WAV,mjda0,sx401,dr3
datasets\TIMIT\TRAIN\DR3\MJDA0\SX41.WAV,mjda0,sx41,dr3
datasets\TIMIT\TRAIN\DR3\MJJB0\SA1.WAV,mjjb0,sa1,dr3
datasets\TIMIT\TRAIN\DR3\MJJB0\SA2.WAV,mjjb0,sa2,dr3
datasets\TIMIT\TRAIN\DR3\MJJB0\SI1139.WAV,mjjb0,si1139,dr3
datasets\TIMIT\TRAIN\DR3\MJJB0\SI1277.WAV,mjjb0,si1277,dr3
datasets\TIMIT\TRAIN\DR3\MJJB0\SI1769.WAV,mjjb0,si1769,dr3
datasets\TIMIT\TRAIN\DR3\MJJB0\SX149.WAV,mjjb0,sx149,dr3
datasets\TIMIT\TRAIN\DR3\MJJB0\SX239.WAV,mjjb0,sx239,dr3
datasets\TIMIT\TRAIN\DR3\MJJB0\SX329.WAV,mjjb0,sx329,dr3
datasets\TIMIT\TRAIN\DR3\MJJB0\SX419.WAV,mjjb0,sx419,dr3
datasets\TIMIT\TRAIN\DR3\MJJB0\SX59.WAV,mjjb0,sx59,dr3
datasets\TIMIT\TRAIN\DR3\MJKR0\SA1.WAV,mjkr0,sa1,dr3
datasets\TIMIT\TRAIN\DR3\MJKR0\SA2.WAV,mjkr0,sa2,dr3
datasets\TIMIT\TRAIN\DR3\MJKR0\SI1201.WAV,mjkr0,si1201,dr3
datasets\TIMIT\TRAIN\DR3\MJKR0\SI1831.WAV,mjkr0,si1831,dr3
datasets\TIMIT\TRAIN\DR3\MJKR0\SI571.WAV,mjkr0,si571,dr3
datasets\TIMIT\TRAIN\DR3\MJKR0\SX121.WAV,mjkr0,sx121,dr3
datasets\TIMIT\TRAIN\DR3\MJKR0\SX211.WAV,mjkr0,sx211,dr3
datasets\TIMIT\TRAIN\DR3\MJKR0\SX301.WAV,mjkr0,sx301,dr3
datasets\TIMIT\TRAIN\DR3\MJKR0\SX31.WAV,mjkr0,sx31,dr3
datasets\TIMIT\TRAIN\DR3\MJKR0\SX391.WAV,mjkr0,sx391,dr3
datasets\TIMIT\TRAIN\DR3\MJLG1\SA1.WAV,mjlg1,sa1,dr3
datasets\TIMIT\TRAIN\DR3\MJLG1\SA2.WAV,mjlg1,sa2,dr3
datasets\TIMIT\TRAIN\DR3\MJLG1\SI1012.WAV,mjlg1,si1012,dr3
datasets\TIMIT\TRAIN\DR3\MJLG1\SI1642.WAV,mjlg1,si1642,dr3
datasets\TIMIT\TRAIN\DR3\MJLG1\SI2272.WAV,mjlg1,si2272,dr3
datasets\TIMIT\TRAIN\DR3\MJLG1\SX112.WAV,mjlg1,sx112,dr3
datasets\TIMIT\TRAIN\DR3\MJLG1\SX202.WAV,mjlg1,sx202,dr3
datasets\TIMIT\TRAIN\DR3\MJLG1\SX22.WAV,mjlg1,sx22,dr3
datasets\TIMIT\TRAIN\DR3\MJLG1\SX292.WAV,mjlg1,sx292,dr3
datasets\TIMIT\TRAIN\DR3\MJLG1\SX382.WAV,mjlg1,sx382,dr3
datasets\TIMIT\TRAIN\DR3\MJRH1\SA1.WAV,mjrh1,sa1,dr3
datasets\TIMIT\TRAIN\DR3\MJRH1\SA2.WAV,mjrh1,sa2,dr3
datasets\TIMIT\TRAIN\DR3\MJRH1\SI1558.WAV,mjrh1,si1558,dr3
datasets\TIMIT\TRAIN\DR3\MJRH1\SI1774.WAV,mjrh1,si1774,dr3
datasets\TIMIT\TRAIN\DR3\MJRH1\SI514.WAV,mjrh1,si514,dr3
datasets\TIMIT\TRAIN\DR3\MJRH1\SX154.WAV,mjrh1,sx154,dr3
datasets\TIMIT\TRAIN\DR3\MJRH1\SX244.WAV,mjrh1,sx244,dr3
datasets\TIMIT\TRAIN\DR3\MJRH1\SX334.WAV,mjrh1,sx334,dr3
datasets\TIMIT\TRAIN\DR3\MJRH1\SX424.WAV,mjrh1,sx424,dr3
datasets\TIMIT\TRAIN\DR3\MJRH1\SX64.WAV,mjrh1,sx64,dr3
datasets\TIMIT\TRAIN\DR3\MKLS1\SA1.WAV,mkls1,sa1,dr3
datasets\TIMIT\TRAIN\DR3\MKLS1\SA2.WAV,mkls1,sa2,dr3
datasets\TIMIT\TRAIN\DR3\MKLS1\SI1545.WAV,mkls1,si1545,dr3
datasets\TIMIT\TRAIN\DR3\MKLS1\SI2175.WAV,mkls1,si2175,dr3
datasets\TIMIT\TRAIN\DR3\MKLS1\SI915.WAV,mkls1,si915,dr3
datasets\TIMIT\TRAIN\DR3\MKLS1\SX105.WAV,mkls1,sx105,dr3
datasets\TIMIT\TRAIN\DR3\MKLS1\SX15.WAV,mkls1,sx15,dr3
datasets\TIMIT\TRAIN\DR3\MKLS1\SX195.WAV,mkls1,sx195,dr3
datasets\TIMIT\TRAIN\DR3\MKLS1\SX285.WAV,mkls1,sx285,dr3
datasets\TIMIT\TRAIN\DR3\MKLS1\SX375.WAV,mkls1,sx375,dr3
datasets\TIMIT\TRAIN\DR3\MKXL0\SA1.WAV,mkxl0,sa1,dr3
datasets\TIMIT\TRAIN\DR3\MKXL0\SA2.WAV,mkxl0,sa2,dr3
datasets\TIMIT\TRAIN\DR3\MKXL0\SI1185.WAV,mkxl0,si1185,dr3
datasets\TIMIT\TRAIN\DR3\MKXL0\SI1815.WAV,mkxl0,si1815,dr3
datasets\TIMIT\TRAIN\DR3\MKXL0\SI1958.WAV,mkxl0,si1958,dr3
datasets\TIMIT\TRAIN\DR3\MKXL0\SX105.WAV,mkxl0,sx105,dr3
datasets\TIMIT\TRAIN\DR3\MKXL0\SX15.WAV,mkxl0,sx15,dr3
datasets\TIMIT\TRAIN\DR3\MKXL0\SX195.WAV,mkxl0,sx195,dr3
datasets\TIMIT\TRAIN\DR3\MKXL0\SX285.WAV,mkxl0,sx285,dr3
datasets\TIMIT\TRAIN\DR3\MKXL0\SX375.WAV,mkxl0,sx375,dr3
datasets\TIMIT\TRAIN\DR3\MLNS0\SA1.WAV,mlns0,sa1,dr3
datasets\TIMIT\TRAIN\DR3\MLNS0\SA2.WAV,mlns0,sa2,dr3
datasets\TIMIT\TRAIN\DR3\MLNS0\SI1407.WAV,mlns0,si1407,dr3
datasets\TIMIT\TRAIN\DR3\MLNS0\SI2037.WAV,mlns0,si2037,dr3
datasets\TIMIT\TRAIN\DR3\MLNS0\SI777.WAV,mlns0,si777,dr3
datasets\TIMIT\TRAIN\DR3\MLNS0\SX147.WAV,mlns0,sx147,dr3
datasets\TIMIT\TRAIN\DR3\MLNS0\SX237.WAV,mlns0,sx237,dr3
datasets\TIMIT\TRAIN\DR3\MLNS0\SX327.WAV,mlns0,sx327,dr3
datasets\TIMIT\TRAIN\DR3\MLNS0\SX417.WAV,mlns0,sx417,dr3
datasets\TIMIT\TRAIN\DR3\MLNS0\SX57.WAV,mlns0,sx57,dr3
datasets\TIMIT\TRAIN\DR3\MMAM0\SA1.WAV,mmam0,sa1,dr3
datasets\TIMIT\TRAIN\DR3\MMAM0\SA2.WAV,mmam0,sa2,dr3
datasets\TIMIT\TRAIN\DR3\MMAM0\SI1597.WAV,mmam0,si1597,dr3
datasets\TIMIT\TRAIN\DR3\MMAM0\SI1668.WAV,mmam0,si1668,dr3
datasets\TIMIT\TRAIN\DR3\MMAM0\SI2227.WAV,mmam0,si2227,dr3
datasets\TIMIT\TRAIN\DR3\MMAM0\SX157.WAV,mmam0,sx157,dr3
datasets\TIMIT\TRAIN\DR3\MMAM0\SX247.WAV,mmam0,sx247,dr3
datasets\TIMIT\TRAIN\DR3\MMAM0\SX337.WAV,mmam0,sx337,dr3
datasets\TIMIT\TRAIN\DR3\MMAM0\SX427.WAV,mmam0,sx427,dr3
datasets\TIMIT\TRAIN\DR3\MMAM0\SX67.WAV,mmam0,sx67,dr3
datasets\TIMIT\TRAIN\DR3\MMAR0\SA1.WAV,mmar0,sa1,dr3
datasets\TIMIT\TRAIN\DR3\MMAR0\SA2.WAV,mmar0,sa2,dr3
datasets\TIMIT\TRAIN\DR3\MMAR0\SI1336.WAV,mmar0,si1336,dr3
datasets\TIMIT\TRAIN\DR3\MMAR0\SI1966.WAV,mmar0,si1966,dr3
datasets\TIMIT\TRAIN\DR3\MMAR0\SI706.WAV,mmar0,si706,dr3
datasets\TIMIT\TRAIN\DR3\MMAR0\SX166.WAV,mmar0,sx166,dr3
datasets\TIMIT\TRAIN\DR3\MMAR0\SX256.WAV,mmar0,sx256,dr3
datasets\TIMIT\TRAIN\DR3\MMAR0\SX346.WAV,mmar0,sx346,dr3
datasets\TIMIT\TRAIN\DR3\MMAR0\SX436.WAV,mmar0,sx436,dr3
datasets\TIMIT\TRAIN\DR3\MMAR0\SX76.WAV,mmar0,sx76,dr3
datasets\TIMIT\TRAIN\DR3\MMEB0\SA1.WAV,mmeb0,sa1,dr3
datasets\TIMIT\TRAIN\DR3\MMEB0\SA2.WAV,mmeb0,sa2,dr3
datasets\TIMIT\TRAIN\DR3\MMEB0\SI1357.WAV,mmeb0,si1357,dr3
datasets\TIMIT\TRAIN\DR3\MMEB0\SI1987.WAV,mmeb0,si1987,dr3
datasets\TIMIT\TRAIN\DR3\MMEB0\SI727.WAV,mmeb0,si727,dr3
datasets\TIMIT\TRAIN\DR3\MMEB0\SX187.WAV,mmeb0,sx187,dr3
datasets\TIMIT\TRAIN\DR3\MMEB0\SX327.WAV,mmeb0,sx327,dr3
datasets\TIMIT\TRAIN\DR3\MMEB0\SX367.WAV,mmeb0,sx367,dr3
datasets\TIMIT\TRAIN\DR3\MMEB0\SX7.WAV,mmeb0,sx7,dr3
datasets\TIMIT\TRAIN\DR3\MMEB0\SX97.WAV,mmeb0,sx97,dr3
datasets\TIMIT\TRAIN\DR3\MMJB1\SA1.WAV,mmjb1,sa1,dr3
datasets\TIMIT\TRAIN\DR3\MMJB1\SA2.WAV,mmjb1,sa2,dr3
datasets\TIMIT\TRAIN\DR3\MMJB1\SI1408.WAV,mmjb1,si1408,dr3
datasets\TIMIT\TRAIN\DR3\MMJB1\SI2038.WAV,mmjb1,si2038,dr3
datasets\TIMIT\TRAIN\DR3\MMJB1\SI778.WAV,mmjb1,si778,dr3
datasets\TIMIT\TRAIN\DR3\MMJB1\SX148.WAV,mmjb1,sx148,dr3
datasets\TIMIT\TRAIN\DR3\MMJB1\SX238.WAV,mmjb1,sx238,dr3
datasets\TIMIT\TRAIN\DR3\MMJB1\SX328.WAV,mmjb1,sx328,dr3
datasets\TIMIT\TRAIN\DR3\MMJB1\SX418.WAV,mmjb1,sx418,dr3
datasets\TIMIT\TRAIN\DR3\MMJB1\SX58.WAV,mmjb1,sx58,dr3
datasets\TIMIT\TRAIN\DR3\MMSM0\SA1.WAV,mmsm0,sa1,dr3
datasets\TIMIT\TRAIN\DR3\MMSM0\SA2.WAV,mmsm0,sa2,dr3
datasets\TIMIT\TRAIN\DR3\MMSM0\SI1106.WAV,mmsm0,si1106,dr3
datasets\TIMIT\TRAIN\DR3\MMSM0\SI1736.WAV,mmsm0,si1736,dr3
datasets\TIMIT\TRAIN\DR3\MMSM0\SI476.WAV,mmsm0,si476,dr3
datasets\TIMIT\TRAIN\DR3\MMSM0\SX116.WAV,mmsm0,sx116,dr3
datasets\TIMIT\TRAIN\DR3\MMSM0\SX206.WAV,mmsm0,sx206,dr3
datasets\TIMIT\TRAIN\DR3\MMSM0\SX26.WAV,mmsm0,sx26,dr3
datasets\TIMIT\TRAIN\DR3\MMSM0\SX296.WAV,mmsm0,sx296,dr3
datasets\TIMIT\TRAIN\DR3\MMSM0\SX386.WAV,mmsm0,sx386,dr3
datasets\TIMIT\TRAIN\DR3\MRDS0\SA1.WAV,mrds0,sa1,dr3
datasets\TIMIT\TRAIN\DR3\MRDS0\SA2.WAV,mrds0,sa2,dr3
datasets\TIMIT\TRAIN\DR3\MRDS0\SI1167.WAV,mrds0,si1167,dr3
datasets\TIMIT\TRAIN\DR3\MRDS0\SI1797.WAV,mrds0,si1797,dr3
datasets\TIMIT\TRAIN\DR3\MRDS0\SI537.WAV,mrds0,si537,dr3
datasets\TIMIT\TRAIN\DR3\MRDS0\SX177.WAV,mrds0,sx177,dr3
datasets\TIMIT\TRAIN\DR3\MRDS0\SX267.WAV,mrds0,sx267,dr3
datasets\TIMIT\TRAIN\DR3\MRDS0\SX357.WAV,mrds0,sx357,dr3
datasets\TIMIT\TRAIN\DR3\MRDS0\SX447.WAV,mrds0,sx447,dr3
datasets\TIMIT\TRAIN\DR3\MRDS0\SX87.WAV,mrds0,sx87,dr3
datasets\TIMIT\TRAIN\DR3\MREE0\SA1.WAV,mree0,sa1,dr3
datasets\TIMIT\TRAIN\DR3\MREE0\SA2.WAV,mree0,sa2,dr3
datasets\TIMIT\TRAIN\DR3\MREE0\SI1104.WAV,mree0,si1104,dr3
datasets\TIMIT\TRAIN\DR3\MREE0\SI1734.WAV,mree0,si1734,dr3
datasets\TIMIT\TRAIN\DR3\MREE0\SI1959.WAV,mree0,si1959,dr3
datasets\TIMIT\TRAIN\DR3\MREE0\SX114.WAV,mree0,sx114,dr3
datasets\TIMIT\TRAIN\DR3\MREE0\SX204.WAV,mree0,sx204,dr3
datasets\TIMIT\TRAIN\DR3\MREE0\SX24.WAV,mree0,sx24,dr3
datasets\TIMIT\TRAIN\DR3\MREE0\SX294.WAV,mree0,sx294,dr3
datasets\TIMIT\TRAIN\DR3\MREE0\SX384.WAV,mree0,sx384,dr3
datasets\TIMIT\TRAIN\DR3\MRJB1\SA1.WAV,mrjb1,sa1,dr3
datasets\TIMIT\TRAIN\DR3\MRJB1\SA2.WAV,mrjb1,sa2,dr3
datasets\TIMIT\TRAIN\DR3\MRJB1\SI1020.WAV,mrjb1,si1020,dr3
datasets\TIMIT\TRAIN\DR3\MRJB1\SI1413.WAV,mrjb1,si1413,dr3
datasets\TIMIT\TRAIN\DR3\MRJB1\SI2021.WAV,mrjb1,si2021,dr3
datasets\TIMIT\TRAIN\DR3\MRJB1\SX120.WAV,mrjb1,sx120,dr3
datasets\TIMIT\TRAIN\DR3\MRJB1\SX210.WAV,mrjb1,sx210,dr3
datasets\TIMIT\TRAIN\DR3\MRJB1\SX30.WAV,mrjb1,sx30,dr3
datasets\TIMIT\TRAIN\DR3\MRJB1\SX300.WAV,mrjb1,sx300,dr3
datasets\TIMIT\TRAIN\DR3\MRJB1\SX390.WAV,mrjb1,sx390,dr3
datasets\TIMIT\TRAIN\DR3\MRTC0\SA1.WAV,mrtc0,sa1,dr3
datasets\TIMIT\TRAIN\DR3\MRTC0\SA2.WAV,mrtc0,sa2,dr3
datasets\TIMIT\TRAIN\DR3\MRTC0\SI1458.WAV,mrtc0,si1458,dr3
datasets\TIMIT\TRAIN\DR3\MRTC0\SI2088.WAV,mrtc0,si2088,dr3
datasets\TIMIT\TRAIN\DR3\MRTC0\SI828.WAV,mrtc0,si828,dr3
datasets\TIMIT\TRAIN\DR3\MRTC0\SX108.WAV,mrtc0,sx108,dr3
datasets\TIMIT\TRAIN\DR3\MRTC0\SX18.WAV,mrtc0,sx18,dr3
datasets\TIMIT\TRAIN\DR3\MRTC0\SX198.WAV,mrtc0,sx198,dr3
datasets\TIMIT\TRAIN\DR3\MRTC0\SX288.WAV,mrtc0,sx288,dr3
datasets\TIMIT\TRAIN\DR3\MRTC0\SX378.WAV,mrtc0,sx378,dr3
datasets\TIMIT\TRAIN\DR3\MRTJ0\SA1.WAV,mrtj0,sa1,dr3
datasets\TIMIT\TRAIN\DR3\MRTJ0\SA2.WAV,mrtj0,sa2,dr3
datasets\TIMIT\TRAIN\DR3\MRTJ0\SI1551.WAV,mrtj0,si1551,dr3
datasets\TIMIT\TRAIN\DR3\MRTJ0\SI2032.WAV,mrtj0,si2032,dr3
datasets\TIMIT\TRAIN\DR3\MRTJ0\SI772.WAV,mrtj0,si772,dr3
datasets\TIMIT\TRAIN\DR3\MRTJ0\SX142.WAV,mrtj0,sx142,dr3
datasets\TIMIT\TRAIN\DR3\MRTJ0\SX232.WAV,mrtj0,sx232,dr3
datasets\TIMIT\TRAIN\DR3\MRTJ0\SX322.WAV,mrtj0,sx322,dr3
datasets\TIMIT\TRAIN\DR3\MRTJ0\SX412.WAV,mrtj0,sx412,dr3
datasets\TIMIT\TRAIN\DR3\MRTJ0\SX52.WAV,mrtj0,sx52,dr3
datasets\TIMIT\TRAIN\DR3\MRWA0\SA1.WAV,mrwa0,sa1,dr3
datasets\TIMIT\TRAIN\DR3\MRWA0\SA2.WAV,mrwa0,sa2,dr3
datasets\TIMIT\TRAIN\DR3\MRWA0\SI1603.WAV,mrwa0,si1603,dr3
datasets\TIMIT\TRAIN\DR3\MRWA0\SI2233.WAV,mrwa0,si2233,dr3
datasets\TIMIT\TRAIN\DR3\MRWA0\SI973.WAV,mrwa0,si973,dr3
datasets\TIMIT\TRAIN\DR3\MRWA0\SX163.WAV,mrwa0,sx163,dr3
datasets\TIMIT\TRAIN\DR3\MRWA0\SX253.WAV,mrwa0,sx253,dr3
datasets\TIMIT\TRAIN\DR3\MRWA0\SX343.WAV,mrwa0,sx343,dr3
datasets\TIMIT\TRAIN\DR3\MRWA0\SX433.WAV,mrwa0,sx433,dr3
datasets\TIMIT\TRAIN\DR3\MRWA0\SX73.WAV,mrwa0,sx73,dr3
datasets\TIMIT\TRAIN\DR3\MSFV0\SA1.WAV,msfv0,sa1,dr3
datasets\TIMIT\TRAIN\DR3\MSFV0\SA2.WAV,msfv0,sa2,dr3
datasets\TIMIT\TRAIN\DR3\MSFV0\SI1262.WAV,msfv0,si1262,dr3
datasets\TIMIT\TRAIN\DR3\MSFV0\SI1892.WAV,msfv0,si1892,dr3
datasets\TIMIT\TRAIN\DR3\MSFV0\SI632.WAV,msfv0,si632,dr3
datasets\TIMIT\TRAIN\DR3\MSFV0\SX182.WAV,msfv0,sx182,dr3
datasets\TIMIT\TRAIN\DR3\MSFV0\SX272.WAV,msfv0,sx272,dr3
datasets\TIMIT\TRAIN\DR3\MSFV0\SX362.WAV,msfv0,sx362,dr3
datasets\TIMIT\TRAIN\DR3\MSFV0\SX452.WAV,msfv0,sx452,dr3
datasets\TIMIT\TRAIN\DR3\MSFV0\SX92.WAV,msfv0,sx92,dr3
datasets\TIMIT\TRAIN\DR3\MTJM0\SA1.WAV,mtjm0,sa1,dr3
datasets\TIMIT\TRAIN\DR3\MTJM0\SA2.WAV,mtjm0,sa2,dr3
datasets\TIMIT\TRAIN\DR3\MTJM0\SI1226.WAV,mtjm0,si1226,dr3
datasets\TIMIT\TRAIN\DR3\MTJM0\SI1856.WAV,mtjm0,si1856,dr3
datasets\TIMIT\TRAIN\DR3\MTJM0\SI655.WAV,mtjm0,si655,dr3
datasets\TIMIT\TRAIN\DR3\MTJM0\SX146.WAV,mtjm0,sx146,dr3
datasets\TIMIT\TRAIN\DR3\MTJM0\SX236.WAV,mtjm0,sx236,dr3
datasets\TIMIT\TRAIN\DR3\MTJM0\SX326.WAV,mtjm0,sx326,dr3
datasets\TIMIT\TRAIN\DR3\MTJM0\SX416.WAV,mtjm0,sx416,dr3
datasets\TIMIT\TRAIN\DR3\MTJM0\SX56.WAV,mtjm0,sx56,dr3
datasets\TIMIT\TRAIN\DR3\MTKP0\SA1.WAV,mtkp0,sa1,dr3
datasets\TIMIT\TRAIN\DR3\MTKP0\SA2.WAV,mtkp0,sa2,dr3
datasets\TIMIT\TRAIN\DR3\MTKP0\SI1023.WAV,mtkp0,si1023,dr3
datasets\TIMIT\TRAIN\DR3\MTKP0\SI2283.WAV,mtkp0,si2283,dr3
datasets\TIMIT\TRAIN\DR3\MTKP0\SI454.WAV,mtkp0,si454,dr3
datasets\TIMIT\TRAIN\DR3\MTKP0\SX123.WAV,mtkp0,sx123,dr3
datasets\TIMIT\TRAIN\DR3\MTKP0\SX213.WAV,mtkp0,sx213,dr3
datasets\TIMIT\TRAIN\DR3\MTKP0\SX303.WAV,mtkp0,sx303,dr3
datasets\TIMIT\TRAIN\DR3\MTKP0\SX33.WAV,mtkp0,sx33,dr3
datasets\TIMIT\TRAIN\DR3\MTKP0\SX393.WAV,mtkp0,sx393,dr3
datasets\TIMIT\TRAIN\DR3\MTLB0\SA1.WAV,mtlb0,sa1,dr3
datasets\TIMIT\TRAIN\DR3\MTLB0\SA2.WAV,mtlb0,sa2,dr3
datasets\TIMIT\TRAIN\DR3\MTLB0\SI1134.WAV,mtlb0,si1134,dr3
datasets\TIMIT\TRAIN\DR3\MTLB0\SI1764.WAV,mtlb0,si1764,dr3
datasets\TIMIT\TRAIN\DR3\MTLB0\SI504.WAV,mtlb0,si504,dr3
datasets\TIMIT\TRAIN\DR3\MTLB0\SX144.WAV,mtlb0,sx144,dr3
datasets\TIMIT\TRAIN\DR3\MTLB0\SX234.WAV,mtlb0,sx234,dr3
datasets\TIMIT\TRAIN\DR3\MTLB0\SX324.WAV,mtlb0,sx324,dr3
datasets\TIMIT\TRAIN\DR3\MTLB0\SX414.WAV,mtlb0,sx414,dr3
datasets\TIMIT\TRAIN\DR3\MTLB0\SX54.WAV,mtlb0,sx54,dr3
datasets\TIMIT\TRAIN\DR3\MTPP0\SA1.WAV,mtpp0,sa1,dr3
datasets\TIMIT\TRAIN\DR3\MTPP0\SA2.WAV,mtpp0,sa2,dr3
datasets\TIMIT\TRAIN\DR3\MTPP0\SI1508.WAV,mtpp0,si1508,dr3
datasets\TIMIT\TRAIN\DR3\MTPP0\SI2138.WAV,mtpp0,si2138,dr3
datasets\TIMIT\TRAIN\DR3\MTPP0\SI878.WAV,mtpp0,si878,dr3
datasets\TIMIT\TRAIN\DR3\MTPP0\SX158.WAV,mtpp0,sx158,dr3
datasets\TIMIT\TRAIN\DR3\MTPP0\SX248.WAV,mtpp0,sx248,dr3
datasets\TIMIT\TRAIN\DR3\MTPP0\SX338.WAV,mtpp0,sx338,dr3
datasets\TIMIT\TRAIN\DR3\MTPP0\SX428.WAV,mtpp0,sx428,dr3
datasets\TIMIT\TRAIN\DR3\MTPP0\SX68.WAV,mtpp0,sx68,dr3
datasets\TIMIT\TRAIN\DR3\MVJH0\SA1.WAV,mvjh0,sa1,dr3
datasets\TIMIT\TRAIN\DR3\MVJH0\SA2.WAV,mvjh0,sa2,dr3
datasets\TIMIT\TRAIN\DR3\MVJH0\SI1556.WAV,mvjh0,si1556,dr3
datasets\TIMIT\TRAIN\DR3\MVJH0\SI2186.WAV,mvjh0,si2186,dr3
datasets\TIMIT\TRAIN\DR3\MVJH0\SI926.WAV,mvjh0,si926,dr3
datasets\TIMIT\TRAIN\DR3\MVJH0\SX116.WAV,mvjh0,sx116,dr3
datasets\TIMIT\TRAIN\DR3\MVJH0\SX206.WAV,mvjh0,sx206,dr3
datasets\TIMIT\TRAIN\DR3\MVJH0\SX26.WAV,mvjh0,sx26,dr3
datasets\TIMIT\TRAIN\DR3\MVJH0\SX296.WAV,mvjh0,sx296,dr3
datasets\TIMIT\TRAIN\DR3\MVJH0\SX386.WAV,mvjh0,sx386,dr3
datasets\TIMIT\TRAIN\DR3\MWDK0\SA1.WAV,mwdk0,sa1,dr3
datasets\TIMIT\TRAIN\DR3\MWDK0\SA2.WAV,mwdk0,sa2,dr3
datasets\TIMIT\TRAIN\DR3\MWDK0\SI1436.WAV,mwdk0,si1436,dr3
datasets\TIMIT\TRAIN\DR3\MWDK0\SI2017.WAV,mwdk0,si2017,dr3
datasets\TIMIT\TRAIN\DR3\MWDK0\SI806.WAV,mwdk0,si806,dr3
datasets\TIMIT\TRAIN\DR3\MWDK0\SX176.WAV,mwdk0,sx176,dr3
datasets\TIMIT\TRAIN\DR3\MWDK0\SX266.WAV,mwdk0,sx266,dr3
datasets\TIMIT\TRAIN\DR3\MWDK0\SX356.WAV,mwdk0,sx356,dr3
datasets\TIMIT\TRAIN\DR3\MWDK0\SX446.WAV,mwdk0,sx446,dr3
datasets\TIMIT\TRAIN\DR3\MWDK0\SX86.WAV,mwdk0,sx86,dr3
datasets\TIMIT\TRAIN\DR3\MWGR0\SA1.WAV,mwgr0,sa1,dr3
datasets\TIMIT\TRAIN\DR3\MWGR0\SA2.WAV,mwgr0,sa2,dr3
datasets\TIMIT\TRAIN\DR3\MWGR0\SI1606.WAV,mwgr0,si1606,dr3
datasets\TIMIT\TRAIN\DR3\MWGR0\SI2236.WAV,mwgr0,si2236,dr3
datasets\TIMIT\TRAIN\DR3\MWGR0\SI976.WAV,mwgr0,si976,dr3
datasets\TIMIT\TRAIN\DR3\MWGR0\SX166.WAV,mwgr0,sx166,dr3
datasets\TIMIT\TRAIN\DR3\MWGR0\SX256.WAV,mwgr0,sx256,dr3
datasets\TIMIT\TRAIN\DR3\MWGR0\SX346.WAV,mwgr0,sx346,dr3
datasets\TIMIT\TRAIN\DR3\MWGR0\SX436.WAV,mwgr0,sx436,dr3
datasets\TIMIT\TRAIN\DR3\MWGR0\SX76.WAV,mwgr0,sx76,dr3
datasets\TIMIT\TRAIN\DR4\FALR0\SA1.WAV,falr0,sa1,dr4
datasets\TIMIT\TRAIN\DR4\FALR0\SA2.WAV,falr0,sa2,dr4
datasets\TIMIT\TRAIN\DR4\FALR0\SI1325.WAV,falr0,si1325,dr4
datasets\TIMIT\TRAIN\DR4\FALR0\SI1955.WAV,falr0,si1955,dr4
datasets\TIMIT\TRAIN\DR4\FALR0\SI695.WAV,falr0,si695,dr4
datasets\TIMIT\TRAIN\DR4\FALR0\SX155.WAV,falr0,sx155,dr4
datasets\TIMIT\TRAIN\DR4\FALR0\SX245.WAV,falr0,sx245,dr4
datasets\TIMIT\TRAIN\DR4\FALR0\SX335.WAV,falr0,sx335,dr4
datasets\TIMIT\TRAIN\DR4\FALR0\SX425.WAV,falr0,sx425,dr4
datasets\TIMIT\TRAIN\DR4\FALR0\SX65.WAV,falr0,sx65,dr4
datasets\TIMIT\TRAIN\DR4\FBAS0\SA1.WAV,fbas0,sa1,dr4
datasets\TIMIT\TRAIN\DR4\FBAS0\SA2.WAV,fbas0,sa2,dr4
datasets\TIMIT\TRAIN\DR4\FBAS0\SI1387.WAV,fbas0,si1387,dr4
datasets\TIMIT\TRAIN\DR4\FBAS0\SI1472.WAV,fbas0,si1472,dr4
datasets\TIMIT\TRAIN\DR4\FBAS0\SI2066.WAV,fbas0,si2066,dr4
datasets\TIMIT\TRAIN\DR4\FBAS0\SX127.WAV,fbas0,sx127,dr4
datasets\TIMIT\TRAIN\DR4\FBAS0\SX217.WAV,fbas0,sx217,dr4
datasets\TIMIT\TRAIN\DR4\FBAS0\SX307.WAV,fbas0,sx307,dr4
datasets\TIMIT\TRAIN\DR4\FBAS0\SX37.WAV,fbas0,sx37,dr4
datasets\TIMIT\TRAIN\DR4\FBAS0\SX397.WAV,fbas0,sx397,dr4
datasets\TIMIT\TRAIN\DR4\FBMJ0\SA1.WAV,fbmj0,sa1,dr4
datasets\TIMIT\TRAIN\DR4\FBMJ0\SA2.WAV,fbmj0,sa2,dr4
datasets\TIMIT\TRAIN\DR4\FBMJ0\SI1776.WAV,fbmj0,si1776,dr4
datasets\TIMIT\TRAIN\DR4\FBMJ0\SI516.WAV,fbmj0,si516,dr4
datasets\TIMIT\TRAIN\DR4\FBMJ0\SI815.WAV,fbmj0,si815,dr4
datasets\TIMIT\TRAIN\DR4\FBMJ0\SX156.WAV,fbmj0,sx156,dr4
datasets\TIMIT\TRAIN\DR4\FBMJ0\SX246.WAV,fbmj0,sx246,dr4
datasets\TIMIT\TRAIN\DR4\FBMJ0\SX336.WAV,fbmj0,sx336,dr4
datasets\TIMIT\TRAIN\DR4\FBMJ0\SX426.WAV,fbmj0,sx426,dr4
datasets\TIMIT\TRAIN\DR4\FBMJ0\SX66.WAV,fbmj0,sx66,dr4
datasets\TIMIT\TRAIN\DR4\FCAG0\SA1.WAV,fcag0,sa1,dr4
datasets\TIMIT\TRAIN\DR4\FCAG0\SA2.WAV,fcag0,sa2,dr4
datasets\TIMIT\TRAIN\DR4\FCAG0\SI1503.WAV,fcag0,si1503,dr4
datasets\TIMIT\TRAIN\DR4\FCAG0\SI1641.WAV,fcag0,si1641,dr4
datasets\TIMIT\TRAIN\DR4\FCAG0\SI2133.WAV,fcag0,si2133,dr4
datasets\TIMIT\TRAIN\DR4\FCAG0\SX153.WAV,fcag0,sx153,dr4
datasets\TIMIT\TRAIN\DR4\FCAG0\SX243.WAV,fcag0,sx243,dr4
datasets\TIMIT\TRAIN\DR4\FCAG0\SX333.WAV,fcag0,sx333,dr4
datasets\TIMIT\TRAIN\DR4\FCAG0\SX423.WAV,fcag0,sx423,dr4
datasets\TIMIT\TRAIN\DR4\FCAG0\SX63.WAV,fcag0,sx63,dr4
datasets\TIMIT\TRAIN\DR4\FDKN0\SA1.WAV,fdkn0,sa1,dr4
datasets\TIMIT\TRAIN\DR4\FDKN0\SA2.WAV,fdkn0,sa2,dr4
datasets\TIMIT\TRAIN\DR4\FDKN0\SI1081.WAV,fdkn0,si1081,dr4
datasets\TIMIT\TRAIN\DR4\FDKN0\SI1202.WAV,fdkn0,si1202,dr4
datasets\TIMIT\TRAIN\DR4\FDKN0\SI1711.WAV,fdkn0,si1711,dr4
datasets\TIMIT\TRAIN\DR4\FDKN0\SX181.WAV,fdkn0,sx181,dr4
datasets\TIMIT\TRAIN\DR4\FDKN0\SX271.WAV,fdkn0,sx271,dr4
datasets\TIMIT\TRAIN\DR4\FDKN0\SX361.WAV,fdkn0,sx361,dr4
datasets\TIMIT\TRAIN\DR4\FDKN0\SX451.WAV,fdkn0,sx451,dr4
datasets\TIMIT\TRAIN\DR4\FDKN0\SX91.WAV,fdkn0,sx91,dr4
datasets\TIMIT\TRAIN\DR4\FJWB1\SA1.WAV,fjwb1,sa1,dr4
datasets\TIMIT\TRAIN\DR4\FJWB1\SA2.WAV,fjwb1,sa2,dr4
datasets\TIMIT\TRAIN\DR4\FJWB1\SI2055.WAV,fjwb1,si2055,dr4
datasets\TIMIT\TRAIN\DR4\FJWB1\SI748.WAV,fjwb1,si748,dr4
datasets\TIMIT\TRAIN\DR4\FJWB1\SI795.WAV,fjwb1,si795,dr4
datasets\TIMIT\TRAIN\DR4\FJWB1\SX165.WAV,fjwb1,sx165,dr4
datasets\TIMIT\TRAIN\DR4\FJWB1\SX255.WAV,fjwb1,sx255,dr4
datasets\TIMIT\TRAIN\DR4\FJWB1\SX345.WAV,fjwb1,sx345,dr4
datasets\TIMIT\TRAIN\DR4\FJWB1\SX435.WAV,fjwb1,sx435,dr4
datasets\TIMIT\TRAIN\DR4\FJWB1\SX75.WAV,fjwb1,sx75,dr4
datasets\TIMIT\TRAIN\DR4\FJXP0\SA1.WAV,fjxp0,sa1,dr4
datasets\TIMIT\TRAIN\DR4\FJXP0\SA2.WAV,fjxp0,sa2,dr4
datasets\TIMIT\TRAIN\DR4\FJXP0\SI1122.WAV,fjxp0,si1122,dr4
datasets\TIMIT\TRAIN\DR4\FJXP0\SI1752.WAV,fjxp0,si1752,dr4
datasets\TIMIT\TRAIN\DR4\FJXP0\SI492.WAV,fjxp0,si492,dr4
datasets\TIMIT\TRAIN\DR4\FJXP0\SX132.WAV,fjxp0,sx132,dr4
datasets\TIMIT\TRAIN\DR4\FJXP0\SX222.WAV,fjxp0,sx222,dr4
datasets\TIMIT\TRAIN\DR4\FJXP0\SX312.WAV,fjxp0,sx312,dr4
datasets\TIMIT\TRAIN\DR4\FJXP0\SX402.WAV,fjxp0,sx402,dr4
datasets\TIMIT\TRAIN\DR4\FJXP0\SX42.WAV,fjxp0,sx42,dr4
datasets\TIMIT\TRAIN\DR4\FKDW0\SA1.WAV,fkdw0,sa1,dr4
datasets\TIMIT\TRAIN\DR4\FKDW0\SA2.WAV,fkdw0,sa2,dr4
datasets\TIMIT\TRAIN\DR4\FKDW0\SI1207.WAV,fkdw0,si1207,dr4
datasets\TIMIT\TRAIN\DR4\FKDW0\SI1891.WAV,fkdw0,si1891,dr4
datasets\TIMIT\TRAIN\DR4\FKDW0\SI577.WAV,fkdw0,si577,dr4
datasets\TIMIT\TRAIN\DR4\FKDW0\SX127.WAV,fkdw0,sx127,dr4
datasets\TIMIT\TRAIN\DR4\FKDW0\SX217.WAV,fkdw0,sx217,dr4
datasets\TIMIT\TRAIN\DR4\FKDW0\SX307.WAV,fkdw0,sx307,dr4
datasets\TIMIT\TRAIN\DR4\FKDW0\SX37.WAV,fkdw0,sx37,dr4
datasets\TIMIT\TRAIN\DR4\FKDW0\SX397.WAV,fkdw0,sx397,dr4
datasets\TIMIT\TRAIN\DR4\FKLC0\SA1.WAV,fklc0,sa1,dr4
datasets\TIMIT\TRAIN\DR4\FKLC0\SA2.WAV,fklc0,sa2,dr4
datasets\TIMIT\TRAIN\DR4\FKLC0\SI1615.WAV,fklc0,si1615,dr4
datasets\TIMIT\TRAIN\DR4\FKLC0\SI2245.WAV,fklc0,si2245,dr4
datasets\TIMIT\TRAIN\DR4\FKLC0\SI985.WAV,fklc0,si985,dr4
datasets\TIMIT\TRAIN\DR4\FKLC0\SX175.WAV,fklc0,sx175,dr4
datasets\TIMIT\TRAIN\DR4\FKLC0\SX265.WAV,fklc0,sx265,dr4
datasets\TIMIT\TRAIN\DR4\FKLC0\SX355.WAV,fklc0,sx355,dr4
datasets\TIMIT\TRAIN\DR4\FKLC0\SX445.WAV,fklc0,sx445,dr4
datasets\TIMIT\TRAIN\DR4\FKLC0\SX85.WAV,fklc0,sx85,dr4
datasets\TIMIT\TRAIN\DR4\FLHD0\SA1.WAV,flhd0,sa1,dr4
datasets\TIMIT\TRAIN\DR4\FLHD0\SA2.WAV,flhd0,sa2,dr4
datasets\TIMIT\TRAIN\DR4\FLHD0\SI1344.WAV,flhd0,si1344,dr4
datasets\TIMIT\TRAIN\DR4\FLHD0\SI1827.WAV,flhd0,si1827,dr4
datasets\TIMIT\TRAIN\DR4\FLHD0\SI1974.WAV,flhd0,si1974,dr4
datasets\TIMIT\TRAIN\DR4\FLHD0\SX174.WAV,flhd0,sx174,dr4
datasets\TIMIT\TRAIN\DR4\FLHD0\SX264.WAV,flhd0,sx264,dr4
datasets\TIMIT\TRAIN\DR4\FLHD0\SX354.WAV,flhd0,sx354,dr4
datasets\TIMIT\TRAIN\DR4\FLHD0\SX444.WAV,flhd0,sx444,dr4
datasets\TIMIT\TRAIN\DR4\FLHD0\SX84.WAV,flhd0,sx84,dr4
datasets\TIMIT\TRAIN\DR4\FLKM0\SA1.WAV,flkm0,sa1,dr4
datasets\TIMIT\TRAIN\DR4\FLKM0\SA2.WAV,flkm0,sa2,dr4
datasets\TIMIT\TRAIN\DR4\FLKM0\SI1880.WAV,flkm0,si1880,dr4
datasets\TIMIT\TRAIN\DR4\FLKM0\SI620.WAV,flkm0,si620,dr4
datasets\TIMIT\TRAIN\DR4\FLKM0\SI686.WAV,flkm0,si686,dr4
datasets\TIMIT\TRAIN\DR4\FLKM0\SX116.WAV,flkm0,sx116,dr4
datasets\TIMIT\TRAIN\DR4\FLKM0\SX260.WAV,flkm0,sx260,dr4
datasets\TIMIT\TRAIN\DR4\FLKM0\SX350.WAV,flkm0,sx350,dr4
datasets\TIMIT\TRAIN\DR4\FLKM0\SX440.WAV,flkm0,sx440,dr4
datasets\TIMIT\TRAIN\DR4\FLKM0\SX80.WAV,flkm0,sx80,dr4
datasets\TIMIT\TRAIN\DR4\FPAF0\SA1.WAV,fpaf0,sa1,dr4
datasets\TIMIT\TRAIN\DR4\FPAF0\SA2.WAV,fpaf0,sa2,dr4
datasets\TIMIT\TRAIN\DR4\FPAF0\SI1054.WAV,fpaf0,si1054,dr4
datasets\TIMIT\TRAIN\DR4\FPAF0\SI1684.WAV,fpaf0,si1684,dr4
datasets\TIMIT\TRAIN\DR4\FPAF0\SI2314.WAV,fpaf0,si2314,dr4
datasets\TIMIT\TRAIN\DR4\FPAF0\SX154.WAV,fpaf0,sx154,dr4
datasets\TIMIT\TRAIN\DR4\FPAF0\SX244.WAV,fpaf0,sx244,dr4
datasets\TIMIT\TRAIN\DR4\FPAF0\SX334.WAV,fpaf0,sx334,dr4
datasets\TIMIT\TRAIN\DR4\FPAF0\SX424.WAV,fpaf0,sx424,dr4
datasets\TIMIT\TRAIN\DR4\FPAF0\SX64.WAV,fpaf0,sx64,dr4
datasets\TIMIT\TRAIN\DR4\FSSB0\SA1.WAV,fssb0,sa1,dr4
datasets\TIMIT\TRAIN\DR4\FSSB0\SA2.WAV,fssb0,sa2,dr4
datasets\TIMIT\TRAIN\DR4\FSSB0\SI1082.WAV,fssb0,si1082,dr4
datasets\TIMIT\TRAIN\DR4\FSSB0\SI1712.WAV,fssb0,si1712,dr4
datasets\TIMIT\TRAIN\DR4\FSSB0\SI2342.WAV,fssb0,si2342,dr4
datasets\TIMIT\TRAIN\DR4\FSSB0\SX182.WAV,fssb0,sx182,dr4
datasets\TIMIT\TRAIN\DR4\FSSB0\SX272.WAV,fssb0,sx272,dr4
datasets\TIMIT\TRAIN\DR4\FSSB0\SX362.WAV,fssb0,sx362,dr4
datasets\TIMIT\TRAIN\DR4\FSSB0\SX452.WAV,fssb0,sx452,dr4
datasets\TIMIT\TRAIN\DR4\FSSB0\SX92.WAV,fssb0,sx92,dr4
datasets\TIMIT\TRAIN\DR4\MAEB0\SA1.WAV,maeb0,sa1,dr4
datasets\TIMIT\TRAIN\DR4\MAEB0\SA2.WAV,maeb0,sa2,dr4
datasets\TIMIT\TRAIN\DR4\MAEB0\SI1411.WAV,maeb0,si1411,dr4
datasets\TIMIT\TRAIN\DR4\MAEB0\SI2250.WAV,maeb0,si2250,dr4
datasets\TIMIT\TRAIN\DR4\MAEB0\SI990.WAV,maeb0,si990,dr4
datasets\TIMIT\TRAIN\DR4\MAEB0\SX180.WAV,maeb0,sx180,dr4
datasets\TIMIT\TRAIN\DR4\MAEB0\SX270.WAV,maeb0,sx270,dr4
datasets\TIMIT\TRAIN\DR4\MAEB0\SX360.WAV,maeb0,sx360,dr4
datasets\TIMIT\TRAIN\DR4\MAEB0\SX450.WAV,maeb0,sx450,dr4
datasets\TIMIT\TRAIN\DR4\MAEB0\SX90.WAV,maeb0,sx90,dr4
datasets\TIMIT\TRAIN\DR4\MARW0\SA1.WAV,marw0,sa1,dr4
datasets\TIMIT\TRAIN\DR4\MARW0\SA2.WAV,marw0,sa2,dr4
datasets\TIMIT\TRAIN\DR4\MARW0\SI1276.WAV,marw0,si1276,dr4
datasets\TIMIT\TRAIN\DR4\MARW0\SI1906.WAV,marw0,si1906,dr4
datasets\TIMIT\TRAIN\DR4\MARW0\SI646.WAV,marw0,si646,dr4
datasets\TIMIT\TRAIN\DR4\MARW0\SX106.WAV,marw0,sx106,dr4
datasets\TIMIT\TRAIN\DR4\MARW0\SX16.WAV,marw0,sx16,dr4
datasets\TIMIT\TRAIN\DR4\MARW0\SX286.WAV,marw0,sx286,dr4
datasets\TIMIT\TRAIN\DR4\MARW0\SX349.WAV,marw0,sx349,dr4
datasets\TIMIT\TRAIN\DR4\MARW0\SX376.WAV,marw0,sx376,dr4
datasets\TIMIT\TRAIN\DR4\MBMA0\SA1.WAV,mbma0,sa1,dr4
datasets\TIMIT\TRAIN\DR4\MBMA0\SA2.WAV,mbma0,sa2,dr4
datasets\TIMIT\TRAIN\DR4\MBMA0\SI1222.WAV,mbma0,si1222,dr4
datasets\TIMIT\TRAIN\DR4\MBMA0\SI1852.WAV,mbma0,si1852,dr4
datasets\TIMIT\TRAIN\DR4\MBMA0\SI592.WAV,mbma0,si592,dr4
datasets\TIMIT\TRAIN\DR4\MBMA0\SX142.WAV,mbma0,sx142,dr4
datasets\TIMIT\TRAIN\DR4\MBMA0\SX232.WAV,mbma0,sx232,dr4
datasets\TIMIT\TRAIN\DR4\MBMA0\SX322.WAV,mbma0,sx322,dr4
datasets\TIMIT\TRAIN\DR4\MBMA0\SX412.WAV,mbma0,sx412,dr4
datasets\TIMIT\TRAIN\DR4\MBMA0\SX52.WAV,mbma0,sx52,dr4
datasets\TIMIT\TRAIN\DR4\MBWP0\SA1.WAV,mbwp0,sa1,dr4
datasets\TIMIT\TRAIN\DR4\MBWP0\SA2.WAV,mbwp0,sa2,dr4
datasets\TIMIT\TRAIN\DR4\MBWP0\SI1531.WAV,mbwp0,si1531,dr4
datasets\TIMIT\TRAIN\DR4\MBWP0\SI1969.WAV,mbwp0,si1969,dr4
datasets\TIMIT\TRAIN\DR4\MBWP0\SI709.WAV,mbwp0,si709,dr4
datasets\TIMIT\TRAIN\DR4\MBWP0\SX169.WAV,mbwp0,sx169,dr4
datasets\TIMIT\TRAIN\DR4\MBWP0\SX259.WAV,mbwp0,sx259,dr4
datasets\TIMIT\TRAIN\DR4\MBWP0\SX349.WAV,mbwp0,sx349,dr4
datasets\TIMIT\TRAIN\DR4\MBWP0\SX439.WAV,mbwp0,sx439,dr4
datasets\TIMIT\TRAIN\DR4\MBWP0\SX79.WAV,mbwp0,sx79,dr4
datasets\TIMIT\TRAIN\DR4\MCSS0\SA1.WAV,mcss0,sa1,dr4
datasets\TIMIT\TRAIN\DR4\MCSS0\SA2.WAV,mcss0,sa2,dr4
datasets\TIMIT\TRAIN\DR4\MCSS0\SI1380.WAV,mcss0,si1380,dr4
datasets\TIMIT\TRAIN\DR4\MCSS0\SI688.WAV,mcss0,si688,dr4
datasets\TIMIT\TRAIN\DR4\MCSS0\SI750.WAV,mcss0,si750,dr4
datasets\TIMIT\TRAIN\DR4\MCSS0\SX120.WAV,mcss0,sx120,dr4
datasets\TIMIT\TRAIN\DR4\MCSS0\SX210.WAV,mcss0,sx210,dr4
datasets\TIMIT\TRAIN\DR4\MCSS0\SX30.WAV,mcss0,sx30,dr4
datasets\TIMIT\TRAIN\DR4\MCSS0\SX300.WAV,mcss0,sx300,dr4
datasets\TIMIT\TRAIN\DR4\MCSS0\SX390.WAV,mcss0,sx390,dr4
datasets\TIMIT\TRAIN\DR4\MDMA0\SA1.WAV,mdma0,sa1,dr4
datasets\TIMIT\TRAIN\DR4\MDMA0\SA2.WAV,mdma0,sa2,dr4
datasets\TIMIT\TRAIN\DR4\MDMA0\SI1238.WAV,mdma0,si1238,dr4
datasets\TIMIT\TRAIN\DR4\MDMA0\SI1430.WAV,mdma0,si1430,dr4
datasets\TIMIT\TRAIN\DR4\MDMA0\SI2060.WAV,mdma0,si2060,dr4
datasets\TIMIT\TRAIN\DR4\MDMA0\SX170.WAV,mdma0,sx170,dr4
datasets\TIMIT\TRAIN\DR4\MDMA0\SX260.WAV,mdma0,sx260,dr4
datasets\TIMIT\TRAIN\DR4\MDMA0\SX350.WAV,mdma0,sx350,dr4
datasets\TIMIT\TRAIN\DR4\MDMA0\SX440.WAV,mdma0,sx440,dr4
datasets\TIMIT\TRAIN\DR4\MDMA0\SX80.WAV,mdma0,sx80,dr4
datasets\TIMIT\TRAIN\DR4\MESG0\SA1.WAV,mesg0,sa1,dr4
datasets\TIMIT\TRAIN\DR4\MESG0\SA2.WAV,mesg0,sa2,dr4
datasets\TIMIT\TRAIN\DR4\MESG0\SI1332.WAV,mesg0,si1332,dr4
datasets\TIMIT\TRAIN\DR4\MESG0\SI1962.WAV,mesg0,si1962,dr4
datasets\TIMIT\TRAIN\DR4\MESG0\SI702.WAV,mesg0,si702,dr4
datasets\TIMIT\TRAIN\DR4\MESG0\SX162.WAV,mesg0,sx162,dr4
datasets\TIMIT\TRAIN\DR4\MESG0\SX252.WAV,mesg0,sx252,dr4
datasets\TIMIT\TRAIN\DR4\MESG0\SX342.WAV,mesg0,sx342,dr4
datasets\TIMIT\TRAIN\DR4\MESG0\SX432.WAV,mesg0,sx432,dr4
datasets\TIMIT\TRAIN\DR4\MESG0\SX72.WAV,mesg0,sx72,dr4
datasets\TIMIT\TRAIN\DR4\MFRM0\SA1.WAV,mfrm0,sa1,dr4
datasets\TIMIT\TRAIN\DR4\MFRM0\SA2.WAV,mfrm0,sa2,dr4
datasets\TIMIT\TRAIN\DR4\MFRM0\SI1155.WAV,mfrm0,si1155,dr4
datasets\TIMIT\TRAIN\DR4\MFRM0\SI1717.WAV,mfrm0,si1717,dr4
datasets\TIMIT\TRAIN\DR4\MFRM0\SI1785.WAV,mfrm0,si1785,dr4
datasets\TIMIT\TRAIN\DR4\MFRM0\SX165.WAV,mfrm0,sx165,dr4
datasets\TIMIT\TRAIN\DR4\MFRM0\SX255.WAV,mfrm0,sx255,dr4
datasets\TIMIT\TRAIN\DR4\MFRM0\SX345.WAV,mfrm0,sx345,dr4
datasets\TIMIT\TRAIN\DR4\MFRM0\SX435.WAV,mfrm0,sx435,dr4
datasets\TIMIT\TRAIN\DR4\MFRM0\SX75.WAV,mfrm0,sx75,dr4
datasets\TIMIT\TRAIN\DR4\MFWK0\SA1.WAV,mfwk0,sa1,dr4
datasets\TIMIT\TRAIN\DR4\MFWK0\SA2.WAV,mfwk0,sa2,dr4
datasets\TIMIT\TRAIN\DR4\MFWK0\SI1249.WAV,mfwk0,si1249,dr4
datasets\TIMIT\TRAIN\DR4\MFWK0\SI1879.WAV,mfwk0,si1879,dr4
datasets\TIMIT\TRAIN\DR4\MFWK0\SI619.WAV,mfwk0,si619,dr4
datasets\TIMIT\TRAIN\DR4\MFWK0\SX169.WAV,mfwk0,sx169,dr4
datasets\TIMIT\TRAIN\DR4\MFWK0\SX259.WAV,mfwk0,sx259,dr4
datasets\TIMIT\TRAIN\DR4\MFWK0\SX349.WAV,mfwk0,sx349,dr4
datasets\TIMIT\TRAIN\DR4\MFWK0\SX439.WAV,mfwk0,sx439,dr4
datasets\TIMIT\TRAIN\DR4\MFWK0\SX79.WAV,mfwk0,sx79,dr4
datasets\TIMIT\TRAIN\DR4\MGAG0\SA1.WAV,mgag0,sa1,dr4
datasets\TIMIT\TRAIN\DR4\MGAG0\SA2.WAV,mgag0,sa2,dr4
datasets\TIMIT\TRAIN\DR4\MGAG0\SI1321.WAV,mgag0,si1321,dr4
datasets\TIMIT\TRAIN\DR4\MGAG0\SI645.WAV,mgag0,si645,dr4
datasets\TIMIT\TRAIN\DR4\MGAG0\SI691.WAV,mgag0,si691,dr4
datasets\TIMIT\TRAIN\DR4\MGAG0\SX151.WAV,mgag0,sx151,dr4
datasets\TIMIT\TRAIN\DR4\MGAG0\SX241.WAV,mgag0,sx241,dr4
datasets\TIMIT\TRAIN\DR4\MGAG0\SX331.WAV,mgag0,sx331,dr4
datasets\TIMIT\TRAIN\DR4\MGAG0\SX421.WAV,mgag0,sx421,dr4
datasets\TIMIT\TRAIN\DR4\MGAG0\SX61.WAV,mgag0,sx61,dr4
datasets\TIMIT\TRAIN\DR4\MGJC0\SA1.WAV,mgjc0,sa1,dr4
datasets\TIMIT\TRAIN\DR4\MGJC0\SA2.WAV,mgjc0,sa2,dr4
datasets\TIMIT\TRAIN\DR4\MGJC0\SI1256.WAV,mgjc0,si1256,dr4
datasets\TIMIT\TRAIN\DR4\MGJC0\SI1335.WAV,mgjc0,si1335,dr4
datasets\TIMIT\TRAIN\DR4\MGJC0\SI1965.WAV,mgjc0,si1965,dr4
datasets\TIMIT\TRAIN\DR4\MGJC0\SX165.WAV,mgjc0,sx165,dr4
datasets\TIMIT\TRAIN\DR4\MGJC0\SX255.WAV,mgjc0,sx255,dr4
datasets\TIMIT\TRAIN\DR4\MGJC0\SX345.WAV,mgjc0,sx345,dr4
datasets\TIMIT\TRAIN\DR4\MGJC0\SX435.WAV,mgjc0,sx435,dr4
datasets\TIMIT\TRAIN\DR4\MGJC0\SX75.WAV,mgjc0,sx75,dr4
datasets\TIMIT\TRAIN\DR4\MGRP0\SA1.WAV,mgrp0,sa1,dr4
datasets\TIMIT\TRAIN\DR4\MGRP0\SA2.WAV,mgrp0,sa2,dr4
datasets\TIMIT\TRAIN\DR4\MGRP0\SI1317.WAV,mgrp0,si1317,dr4
datasets\TIMIT\TRAIN\DR4\MGRP0\SI1947.WAV,mgrp0,si1947,dr4
datasets\TIMIT\TRAIN\DR4\MGRP0\SI687.WAV,mgrp0,si687,dr4
datasets\TIMIT\TRAIN\DR4\MGRP0\SX147.WAV,mgrp0,sx147,dr4
datasets\TIMIT\TRAIN\DR4\MGRP0\SX237.WAV,mgrp0,sx237,dr4
datasets\TIMIT\TRAIN\DR4\MGRP0\SX327.WAV,mgrp0,sx327,dr4
datasets\TIMIT\TRAIN\DR4\MGRP0\SX417.WAV,mgrp0,sx417,dr4
datasets\TIMIT\TRAIN\DR4\MGRP0\SX57.WAV,mgrp0,sx57,dr4
datasets\TIMIT\TRAIN\DR4\MGXP0\SA1.WAV,mgxp0,sa1,dr4
datasets\TIMIT\TRAIN\DR4\MGXP0\SA2.WAV,mgxp0,sa2,dr4
datasets\TIMIT\TRAIN\DR4\MGXP0\SI1087.WAV,mgxp0,si1087,dr4
datasets\TIMIT\TRAIN\DR4\MGXP0\SI457.WAV,mgxp0,si457,dr4
datasets\TIMIT\TRAIN\DR4\MGXP0\SI525.WAV,mgxp0,si525,dr4
datasets\TIMIT\TRAIN\DR4\MGXP0\SX187.WAV,mgxp0,sx187,dr4
datasets\TIMIT\TRAIN\DR4\MGXP0\SX277.WAV,mgxp0,sx277,dr4
datasets\TIMIT\TRAIN\DR4\MGXP0\SX367.WAV,mgxp0,sx367,dr4
datasets\TIMIT\TRAIN\DR4\MGXP0\SX7.WAV,mgxp0,sx7,dr4
datasets\TIMIT\TRAIN\DR4\MGXP0\SX97.WAV,mgxp0,sx97,dr4
datasets\TIMIT\TRAIN\DR4\MJAC0\SA1.WAV,mjac0,sa1,dr4
datasets\TIMIT\TRAIN\DR4\MJAC0\SA2.WAV,mjac0,sa2,dr4
datasets\TIMIT\TRAIN\DR4\MJAC0\SI1331.WAV,mjac0,si1331,dr4
datasets\TIMIT\TRAIN\DR4\MJAC0\SI2148.WAV,mjac0,si2148,dr4
datasets\TIMIT\TRAIN\DR4\MJAC0\SI701.WAV,mjac0,si701,dr4
datasets\TIMIT\TRAIN\DR4\MJAC0\SX251.WAV,mjac0,sx251,dr4
datasets\TIMIT\TRAIN\DR4\MJAC0\SX307.WAV,mjac0,sx307,dr4
datasets\TIMIT\TRAIN\DR4\MJAC0\SX341.WAV,mjac0,sx341,dr4
datasets\TIMIT\TRAIN\DR4\MJAC0\SX431.WAV,mjac0,sx431,dr4
datasets\TIMIT\TRAIN\DR4\MJAC0\SX71.WAV,mjac0,sx71,dr4
datasets\TIMIT\TRAIN\DR4\MJDC0\SA1.WAV,mjdc0,sa1,dr4
datasets\TIMIT\TRAIN\DR4\MJDC0\SA2.WAV,mjdc0,sa2,dr4
datasets\TIMIT\TRAIN\DR4\MJDC0\SI1161.WAV,mjdc0,si1161,dr4
datasets\TIMIT\TRAIN\DR4\MJDC0\SI2165.WAV,mjdc0,si2165,dr4
datasets\TIMIT\TRAIN\DR4\MJDC0\SI531.WAV,mjdc0,si531,dr4
datasets\TIMIT\TRAIN\DR4\MJDC0\SX171.WAV,mjdc0,sx171,dr4
datasets\TIMIT\TRAIN\DR4\MJDC0\SX261.WAV,mjdc0,sx261,dr4
datasets\TIMIT\TRAIN\DR4\MJDC0\SX351.WAV,mjdc0,sx351,dr4
datasets\TIMIT\TRAIN\DR4\MJDC0\SX441.WAV,mjdc0,sx441,dr4
datasets\TIMIT\TRAIN\DR4\MJDC0\SX81.WAV,mjdc0,sx81,dr4
datasets\TIMIT\TRAIN\DR4\MJJJ0\SA1.WAV,mjjj0,sa1,dr4
datasets\TIMIT\TRAIN\DR4\MJJJ0\SA2.WAV,mjjj0,sa2,dr4
datasets\TIMIT\TRAIN\DR4\MJJJ0\SI1163.WAV,mjjj0,si1163,dr4
datasets\TIMIT\TRAIN\DR4\MJJJ0\SI1793.WAV,mjjj0,si1793,dr4
datasets\TIMIT\TRAIN\DR4\MJJJ0\SI533.WAV,mjjj0,si533,dr4
datasets\TIMIT\TRAIN\DR4\MJJJ0\SX173.WAV,mjjj0,sx173,dr4
datasets\TIMIT\TRAIN\DR4\MJJJ0\SX263.WAV,mjjj0,sx263,dr4
datasets\TIMIT\TRAIN\DR4\MJJJ0\SX353.WAV,mjjj0,sx353,dr4
datasets\TIMIT\TRAIN\DR4\MJJJ0\SX443.WAV,mjjj0,sx443,dr4
datasets\TIMIT\TRAIN\DR4\MJJJ0\SX83.WAV,mjjj0,sx83,dr4
datasets\TIMIT\TRAIN\DR4\MJLB0\SA1.WAV,mjlb0,sa1,dr4
datasets\TIMIT\TRAIN\DR4\MJLB0\SA2.WAV,mjlb0,sa2,dr4
datasets\TIMIT\TRAIN\DR4\MJLB0\SI1616.WAV,mjlb0,si1616,dr4
datasets\TIMIT\TRAIN\DR4\MJLB0\SI2246.WAV,mjlb0,si2246,dr4
datasets\TIMIT\TRAIN\DR4\MJLB0\SI986.WAV,mjlb0,si986,dr4
datasets\TIMIT\TRAIN\DR4\MJLB0\SX176.WAV,mjlb0,sx176,dr4
datasets\TIMIT\TRAIN\DR4\MJLB0\SX266.WAV,mjlb0,sx266,dr4
datasets\TIMIT\TRAIN\DR4\MJLB0\SX356.WAV,mjlb0,sx356,dr4
datasets\TIMIT\TRAIN\DR4\MJLB0\SX446.WAV,mjlb0,sx446,dr4
datasets\TIMIT\TRAIN\DR4\MJLB0\SX86.WAV,mjlb0,sx86,dr4
datasets\TIMIT\TRAIN\DR4\MJMM0\SA1.WAV,mjmm0,sa1,dr4
datasets\TIMIT\TRAIN\DR4\MJMM0\SA2.WAV,mjmm0,sa2,dr4
datasets\TIMIT\TRAIN\DR4\MJMM0\SI1255.WAV,mjmm0,si1255,dr4
datasets\TIMIT\TRAIN\DR4\MJMM0\SI1885.WAV,mjmm0,si1885,dr4
datasets\TIMIT\TRAIN\DR4\MJMM0\SI625.WAV,mjmm0,si625,dr4
datasets\TIMIT\TRAIN\DR4\MJMM0\SX175.WAV,mjmm0,sx175,dr4
datasets\TIMIT\TRAIN\DR4\MJMM0\SX265.WAV,mjmm0,sx265,dr4
datasets\TIMIT\TRAIN\DR4\MJMM0\SX355.WAV,mjmm0,sx355,dr4
datasets\TIMIT\TRAIN\DR4\MJMM0\SX445.WAV,mjmm0,sx445,dr4
datasets\TIMIT\TRAIN\DR4\MJMM0\SX85.WAV,mjmm0,sx85,dr4
datasets\TIMIT\TRAIN\DR4\MJRH0\SA1.WAV,mjrh0,sa1,dr4
datasets\TIMIT\TRAIN\DR4\MJRH0\SA2.WAV,mjrh0,sa2,dr4
datasets\TIMIT\TRAIN\DR4\MJRH0\SI1125.WAV,mjrh0,si1125,dr4
datasets\TIMIT\TRAIN\DR4\MJRH0\SI1755.WAV,mjrh0,si1755,dr4
datasets\TIMIT\TRAIN\DR4\MJRH0\SI1840.WAV,mjrh0,si1840,dr4
datasets\TIMIT\TRAIN\DR4\MJRH0\SX135.WAV,mjrh0,sx135,dr4
datasets\TIMIT\TRAIN\DR4\MJRH0\SX225.WAV,mjrh0,sx225,dr4
datasets\TIMIT\TRAIN\DR4\MJRH0\SX315.WAV,mjrh0,sx315,dr4
datasets\TIMIT\TRAIN\DR4\MJRH0\SX405.WAV,mjrh0,sx405,dr4
datasets\TIMIT\TRAIN\DR4\MJRH0\SX45.WAV,mjrh0,sx45,dr4
datasets\TIMIT\TRAIN\DR4\MJSR0\SA1.WAV,mjsr0,sa1,dr4
datasets\TIMIT\TRAIN\DR4\MJSR0\SA2.WAV,mjsr0,sa2,dr4
datasets\TIMIT\TRAIN\DR4\MJSR0\SI1424.WAV,mjsr0,si1424,dr4
datasets\TIMIT\TRAIN\DR4\MJSR0\SI2054.WAV,mjsr0,si2054,dr4
datasets\TIMIT\TRAIN\DR4\MJSR0\SI794.WAV,mjsr0,si794,dr4
datasets\TIMIT\TRAIN\DR4\MJSR0\SX164.WAV,mjsr0,sx164,dr4
datasets\TIMIT\TRAIN\DR4\MJSR0\SX254.WAV,mjsr0,sx254,dr4
datasets\TIMIT\TRAIN\DR4\MJSR0\SX344.WAV,mjsr0,sx344,dr4
datasets\TIMIT\TRAIN\DR4\MJSR0\SX434.WAV,mjsr0,sx434,dr4
datasets\TIMIT\TRAIN\DR4\MJSR0\SX74.WAV,mjsr0,sx74,dr4
datasets\TIMIT\TRAIN\DR4\MJWS0\SA1.WAV,mjws0,sa1,dr4
datasets\TIMIT\TRAIN\DR4\MJWS0\SA2.WAV,mjws0,sa2,dr4
datasets\TIMIT\TRAIN\DR4\MJWS0\SI1143.WAV,mjws0,si1143,dr4
datasets\TIMIT\TRAIN\DR4\MJWS0\SI1773.WAV,mjws0,si1773,dr4
datasets\TIMIT\TRAIN\DR4\MJWS0\SI513.WAV,mjws0,si513,dr4
datasets\TIMIT\TRAIN\DR4\MJWS0\SX153.WAV,mjws0,sx153,dr4
datasets\TIMIT\TRAIN\DR4\MJWS0\SX243.WAV,mjws0,sx243,dr4
datasets\TIMIT\TRAIN\DR4\MJWS0\SX333.WAV,mjws0,sx333,dr4
datasets\TIMIT\TRAIN\DR4\MJWS0\SX423.WAV,mjws0,sx423,dr4
datasets\TIMIT\TRAIN\DR4\MJWS0\SX63.WAV,mjws0,sx63,dr4
datasets\TIMIT\TRAIN\DR4\MJXL0\SA1.WAV,mjxl0,sa1,dr4
datasets\TIMIT\TRAIN\DR4\MJXL0\SA2.WAV,mjxl0,sa2,dr4
datasets\TIMIT\TRAIN\DR4\MJXL0\SI1172.WAV,mjxl0,si1172,dr4
datasets\TIMIT\TRAIN\DR4\MJXL0\SI1795.WAV,mjxl0,si1795,dr4
datasets\TIMIT\TRAIN\DR4\MJXL0\SI542.WAV,mjxl0,si542,dr4
datasets\TIMIT\TRAIN\DR4\MJXL0\SX182.WAV,mjxl0,sx182,dr4
datasets\TIMIT\TRAIN\DR4\MJXL0\SX272.WAV,mjxl0,sx272,dr4
datasets\TIMIT\TRAIN\DR4\MJXL0\SX362.WAV,mjxl0,sx362,dr4
datasets\TIMIT\TRAIN\DR4\MJXL0\SX452.WAV,mjxl0,sx452,dr4
datasets\TIMIT\TRAIN\DR4\MJXL0\SX92.WAV,mjxl0,sx92,dr4
datasets\TIMIT\TRAIN\DR4\MKAM0\SA1.WAV,mkam0,sa1,dr4
datasets\TIMIT\TRAIN\DR4\MKAM0\SA2.WAV,mkam0,sa2,dr4
datasets\TIMIT\TRAIN\DR4\MKAM0\SI1250.WAV,mkam0,si1250,dr4
datasets\TIMIT\TRAIN\DR4\MKAM0\SI1316.WAV,mkam0,si1316,dr4
datasets\TIMIT\TRAIN\DR4\MKAM0\SI1465.WAV,mkam0,si1465,dr4
datasets\TIMIT\TRAIN\DR4\MKAM0\SX146.WAV,mkam0,sx146,dr4
datasets\TIMIT\TRAIN\DR4\MKAM0\SX236.WAV,mkam0,sx236,dr4
datasets\TIMIT\TRAIN\DR4\MKAM0\SX326.WAV,mkam0,sx326,dr4
datasets\TIMIT\TRAIN\DR4\MKAM0\SX416.WAV,mkam0,sx416,dr4
datasets\TIMIT\TRAIN\DR4\MKAM0\SX56.WAV,mkam0,sx56,dr4
datasets\TIMIT\TRAIN\DR4\MLBC0\SA1.WAV,mlbc0,sa1,dr4
datasets\TIMIT\TRAIN\DR4\MLBC0\SA2.WAV,mlbc0,sa2,dr4
datasets\TIMIT\TRAIN\DR4\MLBC0\SI1239.WAV,mlbc0,si1239,dr4
datasets\TIMIT\TRAIN\DR4\MLBC0\SI1869.WAV,mlbc0,si1869,dr4
datasets\TIMIT\TRAIN\DR4\MLBC0\SI609.WAV,mlbc0,si609,dr4
datasets\TIMIT\TRAIN\DR4\MLBC0\SX159.WAV,mlbc0,sx159,dr4
datasets\TIMIT\TRAIN\DR4\MLBC0\SX249.WAV,mlbc0,sx249,dr4
datasets\TIMIT\TRAIN\DR4\MLBC0\SX339.WAV,mlbc0,sx339,dr4
datasets\TIMIT\TRAIN\DR4\MLBC0\SX429.WAV,mlbc0,sx429,dr4
datasets\TIMIT\TRAIN\DR4\MLBC0\SX69.WAV,mlbc0,sx69,dr4
datasets\TIMIT\TRAIN\DR4\MLJC0\SA1.WAV,mljc0,sa1,dr4
datasets\TIMIT\TRAIN\DR4\MLJC0\SA2.WAV,mljc0,sa2,dr4
datasets\TIMIT\TRAIN\DR4\MLJC0\SI1225.WAV,mljc0,si1225,dr4
datasets\TIMIT\TRAIN\DR4\MLJC0\SI1855.WAV,mljc0,si1855,dr4
datasets\TIMIT\TRAIN\DR4\MLJC0\SI595.WAV,mljc0,si595,dr4
datasets\TIMIT\TRAIN\DR4\MLJC0\SX145.WAV,mljc0,sx145,dr4
datasets\TIMIT\TRAIN\DR4\MLJC0\SX235.WAV,mljc0,sx235,dr4
datasets\TIMIT\TRAIN\DR4\MLJC0\SX325.WAV,mljc0,sx325,dr4
datasets\TIMIT\TRAIN\DR4\MLJC0\SX415.WAV,mljc0,sx415,dr4
datasets\TIMIT\TRAIN\DR4\MLJC0\SX55.WAV,mljc0,sx55,dr4
datasets\TIMIT\TRAIN\DR4\MLJH0\SA1.WAV,mljh0,sa1,dr4
datasets\TIMIT\TRAIN\DR4\MLJH0\SA2.WAV,mljh0,sa2,dr4
datasets\TIMIT\TRAIN\DR4\MLJH0\SI1324.WAV,mljh0,si1324,dr4
datasets\TIMIT\TRAIN\DR4\MLJH0\SI1422.WAV,mljh0,si1422,dr4
datasets\TIMIT\TRAIN\DR4\MLJH0\SI694.WAV,mljh0,si694,dr4
datasets\TIMIT\TRAIN\DR4\MLJH0\SX154.WAV,mljh0,sx154,dr4
datasets\TIMIT\TRAIN\DR4\MLJH0\SX244.WAV,mljh0,sx244,dr4
datasets\TIMIT\TRAIN\DR4\MLJH0\SX334.WAV,mljh0,sx334,dr4
datasets\TIMIT\TRAIN\DR4\MLJH0\SX424.WAV,mljh0,sx424,dr4
datasets\TIMIT\TRAIN\DR4\MLJH0\SX64.WAV,mljh0,sx64,dr4
datasets\TIMIT\TRAIN\DR4\MLSH0\SA1.WAV,mlsh0,sa1,dr4
datasets\TIMIT\TRAIN\DR4\MLSH0\SA2.WAV,mlsh0,sa2,dr4
datasets\TIMIT\TRAIN\DR4\MLSH0\SI1417.WAV,mlsh0,si1417,dr4
datasets\TIMIT\TRAIN\DR4\MLSH0\SI2047.WAV,mlsh0,si2047,dr4
datasets\TIMIT\TRAIN\DR4\MLSH0\SI787.WAV,mlsh0,si787,dr4
datasets\TIMIT\TRAIN\DR4\MLSH0\SX157.WAV,mlsh0,sx157,dr4
datasets\TIMIT\TRAIN\DR4\MLSH0\SX247.WAV,mlsh0,sx247,dr4
datasets\TIMIT\TRAIN\DR4\MLSH0\SX337.WAV,mlsh0,sx337,dr4
datasets\TIMIT\TRAIN\DR4\MLSH0\SX427.WAV,mlsh0,sx427,dr4
datasets\TIMIT\TRAIN\DR4\MLSH0\SX67.WAV,mlsh0,sx67,dr4
datasets\TIMIT\TRAIN\DR4\MMBS0\SA1.WAV,mmbs0,sa1,dr4
datasets\TIMIT\TRAIN\DR4\MMBS0\SA2.WAV,mmbs0,sa2,dr4
datasets\TIMIT\TRAIN\DR4\MMBS0\SI1151.WAV,mmbs0,si1151,dr4
datasets\TIMIT\TRAIN\DR4\MMBS0\SI1781.WAV,mmbs0,si1781,dr4
datasets\TIMIT\TRAIN\DR4\MMBS0\SI521.WAV,mmbs0,si521,dr4
datasets\TIMIT\TRAIN\DR4\MMBS0\SX161.WAV,mmbs0,sx161,dr4
datasets\TIMIT\TRAIN\DR4\MMBS0\SX251.WAV,mmbs0,sx251,dr4
datasets\TIMIT\TRAIN\DR4\MMBS0\SX341.WAV,mmbs0,sx341,dr4
datasets\TIMIT\TRAIN\DR4\MMBS0\SX431.WAV,mmbs0,sx431,dr4
datasets\TIMIT\TRAIN\DR4\MMBS0\SX71.WAV,mmbs0,sx71,dr4
datasets\TIMIT\TRAIN\DR4\MMDM0\SA1.WAV,mmdm0,sa1,dr4
datasets\TIMIT\TRAIN\DR4\MMDM0\SA2.WAV,mmdm0,sa2,dr4
datasets\TIMIT\TRAIN\DR4\MMDM0\SI1311.WAV,mmdm0,si1311,dr4
datasets\TIMIT\TRAIN\DR4\MMDM0\SI1941.WAV,mmdm0,si1941,dr4
datasets\TIMIT\TRAIN\DR4\MMDM0\SI681.WAV,mmdm0,si681,dr4
datasets\TIMIT\TRAIN\DR4\MMDM0\SX141.WAV,mmdm0,sx141,dr4
datasets\TIMIT\TRAIN\DR4\MMDM0\SX231.WAV,mmdm0,sx231,dr4
datasets\TIMIT\TRAIN\DR4\MMDM0\SX321.WAV,mmdm0,sx321,dr4
datasets\TIMIT\TRAIN\DR4\MMDM0\SX411.WAV,mmdm0,sx411,dr4
datasets\TIMIT\TRAIN\DR4\MMDM0\SX51.WAV,mmdm0,sx51,dr4
datasets\TIMIT\TRAIN\DR4\MMGC0\SA1.WAV,mmgc0,sa1,dr4
datasets\TIMIT\TRAIN\DR4\MMGC0\SA2.WAV,mmgc0,sa2,dr4
datasets\TIMIT\TRAIN\DR4\MMGC0\SI1305.WAV,mmgc0,si1305,dr4
datasets\TIMIT\TRAIN\DR4\MMGC0\SI1935.WAV,mmgc0,si1935,dr4
datasets\TIMIT\TRAIN\DR4\MMGC0\SI2184.WAV,mmgc0,si2184,dr4
datasets\TIMIT\TRAIN\DR4\MMGC0\SX135.WAV,mmgc0,sx135,dr4
datasets\TIMIT\TRAIN\DR4\MMGC0\SX225.WAV,mmgc0,sx225,dr4
datasets\TIMIT\TRAIN\DR4\MMGC0\SX315.WAV,mmgc0,sx315,dr4
datasets\TIMIT\TRAIN\DR4\MMGC0\SX405.WAV,mmgc0,sx405,dr4
datasets\TIMIT\TRAIN\DR4\MMGC0\SX45.WAV,mmgc0,sx45,dr4
datasets\TIMIT\TRAIN\DR4\MNET0\SA1.WAV,mnet0,sa1,dr4
datasets\TIMIT\TRAIN\DR4\MNET0\SA2.WAV,mnet0,sa2,dr4
datasets\TIMIT\TRAIN\DR4\MNET0\SI1446.WAV,mnet0,si1446,dr4
datasets\TIMIT\TRAIN\DR4\MNET0\SI2076.WAV,mnet0,si2076,dr4
datasets\TIMIT\TRAIN\DR4\MNET0\SI816.WAV,mnet0,si816,dr4
datasets\TIMIT\TRAIN\DR4\MNET0\SX186.WAV,mnet0,sx186,dr4
datasets\TIMIT\TRAIN\DR4\MNET0\SX276.WAV,mnet0,sx276,dr4
datasets\TIMIT\TRAIN\DR4\MNET0\SX366.WAV,mnet0,sx366,dr4
datasets\TIMIT\TRAIN\DR4\MNET0\SX6.WAV,mnet0,sx6,dr4
datasets\TIMIT\TRAIN\DR4\MNET0\SX96.WAV,mnet0,sx96,dr4
datasets\TIMIT\TRAIN\DR4\MPEB0\SA1.WAV,mpeb0,sa1,dr4
datasets\TIMIT\TRAIN\DR4\MPEB0\SA2.WAV,mpeb0,sa2,dr4
datasets\TIMIT\TRAIN\DR4\MPEB0\SI1034.WAV,mpeb0,si1034,dr4
datasets\TIMIT\TRAIN\DR4\MPEB0\SI1860.WAV,mpeb0,si1860,dr4
datasets\TIMIT\TRAIN\DR4\MPEB0\SI600.WAV,mpeb0,si600,dr4
datasets\TIMIT\TRAIN\DR4\MPEB0\SX150.WAV,mpeb0,sx150,dr4
datasets\TIMIT\TRAIN\DR4\MPEB0\SX240.WAV,mpeb0,sx240,dr4
datasets\TIMIT\TRAIN\DR4\MPEB0\SX330.WAV,mpeb0,sx330,dr4
datasets\TIMIT\TRAIN\DR4\MPEB0\SX420.WAV,mpeb0,sx420,dr4
datasets\TIMIT\TRAIN\DR4\MPEB0\SX60.WAV,mpeb0,sx60,dr4
datasets\TIMIT\TRAIN\DR4\MPRK0\SA1.WAV,mprk0,sa1,dr4
datasets\TIMIT\TRAIN\DR4\MPRK0\SA2.WAV,mprk0,sa2,dr4
datasets\TIMIT\TRAIN\DR4\MPRK0\SI1097.WAV,mprk0,si1097,dr4
datasets\TIMIT\TRAIN\DR4\MPRK0\SI1727.WAV,mprk0,si1727,dr4
datasets\TIMIT\TRAIN\DR4\MPRK0\SI467.WAV,mprk0,si467,dr4
datasets\TIMIT\TRAIN\DR4\MPRK0\SX107.WAV,mprk0,sx107,dr4
datasets\TIMIT\TRAIN\DR4\MPRK0\SX17.WAV,mprk0,sx17,dr4
datasets\TIMIT\TRAIN\DR4\MPRK0\SX197.WAV,mprk0,sx197,dr4
datasets\TIMIT\TRAIN\DR4\MPRK0\SX287.WAV,mprk0,sx287,dr4
datasets\TIMIT\TRAIN\DR4\MPRK0\SX377.WAV,mprk0,sx377,dr4
datasets\TIMIT\TRAIN\DR4\MPRT0\SA1.WAV,mprt0,sa1,dr4
datasets\TIMIT\TRAIN\DR4\MPRT0\SA2.WAV,mprt0,sa2,dr4
datasets\TIMIT\TRAIN\DR4\MPRT0\SI1210.WAV,mprt0,si1210,dr4
datasets\TIMIT\TRAIN\DR4\MPRT0\SI495.WAV,mprt0,si495,dr4
datasets\TIMIT\TRAIN\DR4\MPRT0\SI580.WAV,mprt0,si580,dr4
datasets\TIMIT\TRAIN\DR4\MPRT0\SX130.WAV,mprt0,sx130,dr4
datasets\TIMIT\TRAIN\DR4\MPRT0\SX220.WAV,mprt0,sx220,dr4
datasets\TIMIT\TRAIN\DR4\MPRT0\SX310.WAV,mprt0,sx310,dr4
datasets\TIMIT\TRAIN\DR4\MPRT0\SX40.WAV,mprt0,sx40,dr4
datasets\TIMIT\TRAIN\DR4\MPRT0\SX400.WAV,mprt0,sx400,dr4
datasets\TIMIT\TRAIN\DR4\MRAB1\SA1.WAV,mrab1,sa1,dr4
datasets\TIMIT\TRAIN\DR4\MRAB1\SA2.WAV,mrab1,sa2,dr4
datasets\TIMIT\TRAIN\DR4\MRAB1\SI1478.WAV,mrab1,si1478,dr4
datasets\TIMIT\TRAIN\DR4\MRAB1\SI2108.WAV,mrab1,si2108,dr4
datasets\TIMIT\TRAIN\DR4\MRAB1\SI848.WAV,mrab1,si848,dr4
datasets\TIMIT\TRAIN\DR4\MRAB1\SX128.WAV,mrab1,sx128,dr4
datasets\TIMIT\TRAIN\DR4\MRAB1\SX218.WAV,mrab1,sx218,dr4
datasets\TIMIT\TRAIN\DR4\MRAB1\SX308.WAV,mrab1,sx308,dr4
datasets\TIMIT\TRAIN\DR4\MRAB1\SX38.WAV,mrab1,sx38,dr4
datasets\TIMIT\TRAIN\DR4\MRAB1\SX398.WAV,mrab1,sx398,dr4
datasets\TIMIT\TRAIN\DR4\MRFL0\SA1.WAV,mrfl0,sa1,dr4
datasets\TIMIT\TRAIN\DR4\MRFL0\SA2.WAV,mrfl0,sa2,dr4
datasets\TIMIT\TRAIN\DR4\MRFL0\SI1156.WAV,mrfl0,si1156,dr4
datasets\TIMIT\TRAIN\DR4\MRFL0\SI1786.WAV,mrfl0,si1786,dr4
datasets\TIMIT\TRAIN\DR4\MRFL0\SI526.WAV,mrfl0,si526,dr4
datasets\TIMIT\TRAIN\DR4\MRFL0\SX166.WAV,mrfl0,sx166,dr4
datasets\TIMIT\TRAIN\DR4\MRFL0\SX256.WAV,mrfl0,sx256,dr4
datasets\TIMIT\TRAIN\DR4\MRFL0\SX346.WAV,mrfl0,sx346,dr4
datasets\TIMIT\TRAIN\DR4\MRFL0\SX436.WAV,mrfl0,sx436,dr4
datasets\TIMIT\TRAIN\DR4\MRFL0\SX76.WAV,mrfl0,sx76,dr4
datasets\TIMIT\TRAIN\DR4\MRGM0\SA1.WAV,mrgm0,sa1,dr4
datasets\TIMIT\TRAIN\DR4\MRGM0\SA2.WAV,mrgm0,sa2,dr4
datasets\TIMIT\TRAIN\DR4\MRGM0\SI1162.WAV,mrgm0,si1162,dr4
datasets\TIMIT\TRAIN\DR4\MRGM0\SI1792.WAV,mrgm0,si1792,dr4
datasets\TIMIT\TRAIN\DR4\MRGM0\SI532.WAV,mrgm0,si532,dr4
datasets\TIMIT\TRAIN\DR4\MRGM0\SX172.WAV,mrgm0,sx172,dr4
datasets\TIMIT\TRAIN\DR4\MRGM0\SX262.WAV,mrgm0,sx262,dr4
datasets\TIMIT\TRAIN\DR4\MRGM0\SX416.WAV,mrgm0,sx416,dr4
datasets\TIMIT\TRAIN\DR4\MRGM0\SX442.WAV,mrgm0,sx442,dr4
datasets\TIMIT\TRAIN\DR4\MRGM0\SX82.WAV,mrgm0,sx82,dr4
datasets\TIMIT\TRAIN\DR4\MRSP0\SA1.WAV,mrsp0,sa1,dr4
datasets\TIMIT\TRAIN\DR4\MRSP0\SA2.WAV,mrsp0,sa2,dr4
datasets\TIMIT\TRAIN\DR4\MRSP0\SI1429.WAV,mrsp0,si1429,dr4
datasets\TIMIT\TRAIN\DR4\MRSP0\SI2059.WAV,mrsp0,si2059,dr4
datasets\TIMIT\TRAIN\DR4\MRSP0\SI799.WAV,mrsp0,si799,dr4
datasets\TIMIT\TRAIN\DR4\MRSP0\SX169.WAV,mrsp0,sx169,dr4
datasets\TIMIT\TRAIN\DR4\MRSP0\SX196.WAV,mrsp0,sx196,dr4
datasets\TIMIT\TRAIN\DR4\MRSP0\SX259.WAV,mrsp0,sx259,dr4
datasets\TIMIT\TRAIN\DR4\MRSP0\SX439.WAV,mrsp0,sx439,dr4
datasets\TIMIT\TRAIN\DR4\MRSP0\SX79.WAV,mrsp0,sx79,dr4
datasets\TIMIT\TRAIN\DR4\MSFH0\SA1.WAV,msfh0,sa1,dr4
datasets\TIMIT\TRAIN\DR4\MSFH0\SA2.WAV,msfh0,sa2,dr4
datasets\TIMIT\TRAIN\DR4\MSFH0\SI1216.WAV,msfh0,si1216,dr4
datasets\TIMIT\TRAIN\DR4\MSFH0\SI1738.WAV,msfh0,si1738,dr4
datasets\TIMIT\TRAIN\DR4\MSFH0\SI586.WAV,msfh0,si586,dr4
datasets\TIMIT\TRAIN\DR4\MSFH0\SX136.WAV,msfh0,sx136,dr4
datasets\TIMIT\TRAIN\DR4\MSFH0\SX226.WAV,msfh0,sx226,dr4
datasets\TIMIT\TRAIN\DR4\MSFH0\SX316.WAV,msfh0,sx316,dr4
datasets\TIMIT\TRAIN\DR4\MSFH0\SX406.WAV,msfh0,sx406,dr4
datasets\TIMIT\TRAIN\DR4\MSFH0\SX46.WAV,msfh0,sx46,dr4
datasets\TIMIT\TRAIN\DR4\MSMC0\SA1.WAV,msmc0,sa1,dr4
datasets\TIMIT\TRAIN\DR4\MSMC0\SA2.WAV,msmc0,sa2,dr4
datasets\TIMIT\TRAIN\DR4\MSMC0\SI1907.WAV,msmc0,si1907,dr4
datasets\TIMIT\TRAIN\DR4\MSMC0\SI509.WAV,msmc0,si509,dr4
datasets\TIMIT\TRAIN\DR4\MSMC0\SI647.WAV,msmc0,si647,dr4
datasets\TIMIT\TRAIN\DR4\MSMC0\SX107.WAV,msmc0,sx107,dr4
datasets\TIMIT\TRAIN\DR4\MSMC0\SX17.WAV,msmc0,sx17,dr4
datasets\TIMIT\TRAIN\DR4\MSMC0\SX197.WAV,msmc0,sx197,dr4
datasets\TIMIT\TRAIN\DR4\MSMC0\SX287.WAV,msmc0,sx287,dr4
datasets\TIMIT\TRAIN\DR4\MSMC0\SX377.WAV,msmc0,sx377,dr4
datasets\TIMIT\TRAIN\DR4\MSMS0\SA1.WAV,msms0,sa1,dr4
datasets\TIMIT\TRAIN\DR4\MSMS0\SA2.WAV,msms0,sa2,dr4
datasets\TIMIT\TRAIN\DR4\MSMS0\SI1433.WAV,msms0,si1433,dr4
datasets\TIMIT\TRAIN\DR4\MSMS0\SI2063.WAV,msms0,si2063,dr4
datasets\TIMIT\TRAIN\DR4\MSMS0\SI803.WAV,msms0,si803,dr4
datasets\TIMIT\TRAIN\DR4\MSMS0\SX173.WAV,msms0,sx173,dr4
datasets\TIMIT\TRAIN\DR4\MSMS0\SX263.WAV,msms0,sx263,dr4
datasets\TIMIT\TRAIN\DR4\MSMS0\SX353.WAV,msms0,sx353,dr4
datasets\TIMIT\TRAIN\DR4\MSMS0\SX443.WAV,msms0,sx443,dr4
datasets\TIMIT\TRAIN\DR4\MSMS0\SX83.WAV,msms0,sx83,dr4
datasets\TIMIT\TRAIN\DR4\MSRG0\SA1.WAV,msrg0,sa1,dr4
datasets\TIMIT\TRAIN\DR4\MSRG0\SA2.WAV,msrg0,sa2,dr4
datasets\TIMIT\TRAIN\DR4\MSRG0\SI1221.WAV,msrg0,si1221,dr4
datasets\TIMIT\TRAIN\DR4\MSRG0\SI1851.WAV,msrg0,si1851,dr4
datasets\TIMIT\TRAIN\DR4\MSRG0\SI591.WAV,msrg0,si591,dr4
datasets\TIMIT\TRAIN\DR4\MSRG0\SX141.WAV,msrg0,sx141,dr4
datasets\TIMIT\TRAIN\DR4\MSRG0\SX231.WAV,msrg0,sx231,dr4
datasets\TIMIT\TRAIN\DR4\MSRG0\SX321.WAV,msrg0,sx321,dr4
datasets\TIMIT\TRAIN\DR4\MSRG0\SX411.WAV,msrg0,sx411,dr4
datasets\TIMIT\TRAIN\DR4\MSRG0\SX51.WAV,msrg0,sx51,dr4
datasets\TIMIT\TRAIN\DR4\MSTF0\SA1.WAV,mstf0,sa1,dr4
datasets\TIMIT\TRAIN\DR4\MSTF0\SA2.WAV,mstf0,sa2,dr4
datasets\TIMIT\TRAIN\DR4\MSTF0\SI1396.WAV,mstf0,si1396,dr4
datasets\TIMIT\TRAIN\DR4\MSTF0\SI766.WAV,mstf0,si766,dr4
datasets\TIMIT\TRAIN\DR4\MSTF0\SI852.WAV,mstf0,si852,dr4
datasets\TIMIT\TRAIN\DR4\MSTF0\SX136.WAV,mstf0,sx136,dr4
datasets\TIMIT\TRAIN\DR4\MSTF0\SX226.WAV,mstf0,sx226,dr4
datasets\TIMIT\TRAIN\DR4\MSTF0\SX316.WAV,mstf0,sx316,dr4
datasets\TIMIT\TRAIN\DR4\MSTF0\SX406.WAV,mstf0,sx406,dr4
datasets\TIMIT\TRAIN\DR4\MSTF0\SX46.WAV,mstf0,sx46,dr4
datasets\TIMIT\TRAIN\DR4\MTAS0\SA1.WAV,mtas0,sa1,dr4
datasets\TIMIT\TRAIN\DR4\MTAS0\SA2.WAV,mtas0,sa2,dr4
datasets\TIMIT\TRAIN\DR4\MTAS0\SI1385.WAV,mtas0,si1385,dr4
datasets\TIMIT\TRAIN\DR4\MTAS0\SI2015.WAV,mtas0,si2015,dr4
datasets\TIMIT\TRAIN\DR4\MTAS0\SI755.WAV,mtas0,si755,dr4
datasets\TIMIT\TRAIN\DR4\MTAS0\SX125.WAV,mtas0,sx125,dr4
datasets\TIMIT\TRAIN\DR4\MTAS0\SX215.WAV,mtas0,sx215,dr4
datasets\TIMIT\TRAIN\DR4\MTAS0\SX305.WAV,mtas0,sx305,dr4
datasets\TIMIT\TRAIN\DR4\MTAS0\SX35.WAV,mtas0,sx35,dr4
datasets\TIMIT\TRAIN\DR4\MTAS0\SX395.WAV,mtas0,sx395,dr4
datasets\TIMIT\TRAIN\DR4\MTQC0\SA1.WAV,mtqc0,sa1,dr4
datasets\TIMIT\TRAIN\DR4\MTQC0\SA2.WAV,mtqc0,sa2,dr4
datasets\TIMIT\TRAIN\DR4\MTQC0\SI1441.WAV,mtqc0,si1441,dr4
datasets\TIMIT\TRAIN\DR4\MTQC0\SI2071.WAV,mtqc0,si2071,dr4
datasets\TIMIT\TRAIN\DR4\MTQC0\SI480.WAV,mtqc0,si480,dr4
datasets\TIMIT\TRAIN\DR4\MTQC0\SX181.WAV,mtqc0,sx181,dr4
datasets\TIMIT\TRAIN\DR4\MTQC0\SX271.WAV,mtqc0,sx271,dr4
datasets\TIMIT\TRAIN\DR4\MTQC0\SX361.WAV,mtqc0,sx361,dr4
datasets\TIMIT\TRAIN\DR4\MTQC0\SX451.WAV,mtqc0,sx451,dr4
datasets\TIMIT\TRAIN\DR4\MTQC0\SX91.WAV,mtqc0,sx91,dr4
datasets\TIMIT\TRAIN\DR4\MTRC0\SA1.WAV,mtrc0,sa1,dr4
datasets\TIMIT\TRAIN\DR4\MTRC0\SA2.WAV,mtrc0,sa2,dr4
datasets\TIMIT\TRAIN\DR4\MTRC0\SI1623.WAV,mtrc0,si1623,dr4
datasets\TIMIT\TRAIN\DR4\MTRC0\SI589.WAV,mtrc0,si589,dr4
datasets\TIMIT\TRAIN\DR4\MTRC0\SI993.WAV,mtrc0,si993,dr4
datasets\TIMIT\TRAIN\DR4\MTRC0\SX170.WAV,mtrc0,sx170,dr4
datasets\TIMIT\TRAIN\DR4\MTRC0\SX183.WAV,mtrc0,sx183,dr4
datasets\TIMIT\TRAIN\DR4\MTRC0\SX273.WAV,mtrc0,sx273,dr4
datasets\TIMIT\TRAIN\DR4\MTRC0\SX363.WAV,mtrc0,sx363,dr4
datasets\TIMIT\TRAIN\DR4\MTRC0\SX93.WAV,mtrc0,sx93,dr4
datasets\TIMIT\TRAIN\DR4\MTRT0\SA1.WAV,mtrt0,sa1,dr4
datasets\TIMIT\TRAIN\DR4\MTRT0\SA2.WAV,mtrt0,sa2,dr4
datasets\TIMIT\TRAIN\DR4\MTRT0\SI1227.WAV,mtrt0,si1227,dr4
datasets\TIMIT\TRAIN\DR4\MTRT0\SI1857.WAV,mtrt0,si1857,dr4
datasets\TIMIT\TRAIN\DR4\MTRT0\SI597.WAV,mtrt0,si597,dr4
datasets\TIMIT\TRAIN\DR4\MTRT0\SX147.WAV,mtrt0,sx147,dr4
datasets\TIMIT\TRAIN\DR4\MTRT0\SX237.WAV,mtrt0,sx237,dr4
datasets\TIMIT\TRAIN\DR4\MTRT0\SX254.WAV,mtrt0,sx254,dr4
datasets\TIMIT\TRAIN\DR4\MTRT0\SX417.WAV,mtrt0,sx417,dr4
datasets\TIMIT\TRAIN\DR4\MTRT0\SX57.WAV,mtrt0,sx57,dr4
datasets\TIMIT\TRAIN\DR5\FBJL0\SA1.WAV,fbjl0,sa1,dr5
datasets\TIMIT\TRAIN\DR5\FBJL0\SA2.WAV,fbjl0,sa2,dr5
datasets\TIMIT\TRAIN\DR5\FBJL0\SI1552.WAV,fbjl0,si1552,dr5
datasets\TIMIT\TRAIN\DR5\FBJL0\SI2182.WAV,fbjl0,si2182,dr5
datasets\TIMIT\TRAIN\DR5\FBJL0\SI922.WAV,fbjl0,si922,dr5
datasets\TIMIT\TRAIN\DR5\FBJL0\SX112.WAV,fbjl0,sx112,dr5
datasets\TIMIT\TRAIN\DR5\FBJL0\SX202.WAV,fbjl0,sx202,dr5
datasets\TIMIT\TRAIN\DR5\FBJL0\SX22.WAV,fbjl0,sx22,dr5
datasets\TIMIT\TRAIN\DR5\FBJL0\SX292.WAV,fbjl0,sx292,dr5
datasets\TIMIT\TRAIN\DR5\FBJL0\SX382.WAV,fbjl0,sx382,dr5
datasets\TIMIT\TRAIN\DR5\FBMH0\SA1.WAV,fbmh0,sa1,dr5
datasets\TIMIT\TRAIN\DR5\FBMH0\SA2.WAV,fbmh0,sa2,dr5
datasets\TIMIT\TRAIN\DR5\FBMH0\SI1136.WAV,fbmh0,si1136,dr5
datasets\TIMIT\TRAIN\DR5\FBMH0\SI1766.WAV,fbmh0,si1766,dr5
datasets\TIMIT\TRAIN\DR5\FBMH0\SI970.WAV,fbmh0,si970,dr5
datasets\TIMIT\TRAIN\DR5\FBMH0\SX146.WAV,fbmh0,sx146,dr5
datasets\TIMIT\TRAIN\DR5\FBMH0\SX236.WAV,fbmh0,sx236,dr5
datasets\TIMIT\TRAIN\DR5\FBMH0\SX326.WAV,fbmh0,sx326,dr5
datasets\TIMIT\TRAIN\DR5\FBMH0\SX416.WAV,fbmh0,sx416,dr5
datasets\TIMIT\TRAIN\DR5\FBMH0\SX56.WAV,fbmh0,sx56,dr5
datasets\TIMIT\TRAIN\DR5\FCDR1\SA1.WAV,fcdr1,sa1,dr5
datasets\TIMIT\TRAIN\DR5\FCDR1\SA2.WAV,fcdr1,sa2,dr5
datasets\TIMIT\TRAIN\DR5\FCDR1\SI1186.WAV,fcdr1,si1186,dr5
datasets\TIMIT\TRAIN\DR5\FCDR1\SI1816.WAV,fcdr1,si1816,dr5
datasets\TIMIT\TRAIN\DR5\FCDR1\SI556.WAV,fcdr1,si556,dr5
datasets\TIMIT\TRAIN\DR5\FCDR1\SX106.WAV,fcdr1,sx106,dr5
datasets\TIMIT\TRAIN\DR5\FCDR1\SX16.WAV,fcdr1,sx16,dr5
datasets\TIMIT\TRAIN\DR5\FCDR1\SX196.WAV,fcdr1,sx196,dr5
datasets\TIMIT\TRAIN\DR5\FCDR1\SX286.WAV,fcdr1,sx286,dr5
datasets\TIMIT\TRAIN\DR5\FCDR1\SX376.WAV,fcdr1,sx376,dr5
datasets\TIMIT\TRAIN\DR5\FDMY0\SA1.WAV,fdmy0,sa1,dr5
datasets\TIMIT\TRAIN\DR5\FDMY0\SA2.WAV,fdmy0,sa2,dr5
datasets\TIMIT\TRAIN\DR5\FDMY0\SI1197.WAV,fdmy0,si1197,dr5
datasets\TIMIT\TRAIN\DR5\FDMY0\SI567.WAV,fdmy0,si567,dr5
datasets\TIMIT\TRAIN\DR5\FDMY0\SI714.WAV,fdmy0,si714,dr5
datasets\TIMIT\TRAIN\DR5\FDMY0\SX117.WAV,fdmy0,sx117,dr5
datasets\TIMIT\TRAIN\DR5\FDMY0\SX207.WAV,fdmy0,sx207,dr5
datasets\TIMIT\TRAIN\DR5\FDMY0\SX27.WAV,fdmy0,sx27,dr5
datasets\TIMIT\TRAIN\DR5\FDMY0\SX297.WAV,fdmy0,sx297,dr5
datasets\TIMIT\TRAIN\DR5\FDMY0\SX387.WAV,fdmy0,sx387,dr5
datasets\TIMIT\TRAIN\DR5\FDTD0\SA1.WAV,fdtd0,sa1,dr5
datasets\TIMIT\TRAIN\DR5\FDTD0\SA2.WAV,fdtd0,sa2,dr5
datasets\TIMIT\TRAIN\DR5\FDTD0\SI1561.WAV,fdtd0,si1561,dr5
datasets\TIMIT\TRAIN\DR5\FDTD0\SI2191.WAV,fdtd0,si2191,dr5
datasets\TIMIT\TRAIN\DR5\FDTD0\SI931.WAV,fdtd0,si931,dr5
datasets\TIMIT\TRAIN\DR5\FDTD0\SX121.WAV,fdtd0,sx121,dr5
datasets\TIMIT\TRAIN\DR5\FDTD0\SX211.WAV,fdtd0,sx211,dr5
datasets\TIMIT\TRAIN\DR5\FDTD0\SX301.WAV,fdtd0,sx301,dr5
datasets\TIMIT\TRAIN\DR5\FDTD0\SX321.WAV,fdtd0,sx321,dr5
datasets\TIMIT\TRAIN\DR5\FDTD0\SX391.WAV,fdtd0,sx391,dr5
datasets\TIMIT\TRAIN\DR5\FEAR0\SA1.WAV,fear0,sa1,dr5
datasets\TIMIT\TRAIN\DR5\FEAR0\SA2.WAV,fear0,sa2,dr5
datasets\TIMIT\TRAIN\DR5\FEAR0\SI1252.WAV,fear0,si1252,dr5
datasets\TIMIT\TRAIN\DR5\FEAR0\SI1882.WAV,fear0,si1882,dr5
datasets\TIMIT\TRAIN\DR5\FEAR0\SI622.WAV,fear0,si622,dr5
datasets\TIMIT\TRAIN\DR5\FEAR0\SX172.WAV,fear0,sx172,dr5
datasets\TIMIT\TRAIN\DR5\FEAR0\SX262.WAV,fear0,sx262,dr5
datasets\TIMIT\TRAIN\DR5\FEAR0\SX352.WAV,fear0,sx352,dr5
datasets\TIMIT\TRAIN\DR5\FEAR0\SX442.WAV,fear0,sx442,dr5
datasets\TIMIT\TRAIN\DR5\FEAR0\SX82.WAV,fear0,sx82,dr5
datasets\TIMIT\TRAIN\DR5\FEXM0\SA1.WAV,fexm0,sa1,dr5
datasets\TIMIT\TRAIN\DR5\FEXM0\SA2.WAV,fexm0,sa2,dr5
datasets\TIMIT\TRAIN\DR5\FEXM0\SI1101.WAV,fexm0,si1101,dr5
datasets\TIMIT\TRAIN\DR5\FEXM0\SI1731.WAV,fexm0,si1731,dr5
datasets\TIMIT\TRAIN\DR5\FEXM0\SI482.WAV,fexm0,si482,dr5
datasets\TIMIT\TRAIN\DR5\FEXM0\SX111.WAV,fexm0,sx111,dr5
datasets\TIMIT\TRAIN\DR5\FEXM0\SX201.WAV,fexm0,sx201,dr5
datasets\TIMIT\TRAIN\DR5\FEXM0\SX291.WAV,fexm0,sx291,dr5
datasets\TIMIT\TRAIN\DR5\FEXM0\SX366.WAV,fexm0,sx366,dr5
datasets\TIMIT\TRAIN\DR5\FEXM0\SX381.WAV,fexm0,sx381,dr5
datasets\TIMIT\TRAIN\DR5\FGDP0\SA1.WAV,fgdp0,sa1,dr5
datasets\TIMIT\TRAIN\DR5\FGDP0\SA2.WAV,fgdp0,sa2,dr5
datasets\TIMIT\TRAIN\DR5\FGDP0\SI1618.WAV,fgdp0,si1618,dr5
datasets\TIMIT\TRAIN\DR5\FGDP0\SI2248.WAV,fgdp0,si2248,dr5
datasets\TIMIT\TRAIN\DR5\FGDP0\SI988.WAV,fgdp0,si988,dr5
datasets\TIMIT\TRAIN\DR5\FGDP0\SX178.WAV,fgdp0,sx178,dr5
datasets\TIMIT\TRAIN\DR5\FGDP0\SX268.WAV,fgdp0,sx268,dr5
datasets\TIMIT\TRAIN\DR5\FGDP0\SX358.WAV,fgdp0,sx358,dr5
datasets\TIMIT\TRAIN\DR5\FGDP0\SX448.WAV,fgdp0,sx448,dr5
datasets\TIMIT\TRAIN\DR5\FGDP0\SX88.WAV,fgdp0,sx88,dr5
datasets\TIMIT\TRAIN\DR5\FGMB0\SA1.WAV,fgmb0,sa1,dr5
datasets\TIMIT\TRAIN\DR5\FGMB0\SA2.WAV,fgmb0,sa2,dr5
datasets\TIMIT\TRAIN\DR5\FGMB0\SI1145.WAV,fgmb0,si1145,dr5
datasets\TIMIT\TRAIN\DR5\FGMB0\SI1775.WAV,fgmb0,si1775,dr5
datasets\TIMIT\TRAIN\DR5\FGMB0\SI515.WAV,fgmb0,si515,dr5
datasets\TIMIT\TRAIN\DR5\FGMB0\SX155.WAV,fgmb0,sx155,dr5
datasets\TIMIT\TRAIN\DR5\FGMB0\SX245.WAV,fgmb0,sx245,dr5
datasets\TIMIT\TRAIN\DR5\FGMB0\SX335.WAV,fgmb0,sx335,dr5
datasets\TIMIT\TRAIN\DR5\FGMB0\SX425.WAV,fgmb0,sx425,dr5
datasets\TIMIT\TRAIN\DR5\FGMB0\SX65.WAV,fgmb0,sx65,dr5
datasets\TIMIT\TRAIN\DR5\FJXM0\SA1.WAV,fjxm0,sa1,dr5
datasets\TIMIT\TRAIN\DR5\FJXM0\SA2.WAV,fjxm0,sa2,dr5
datasets\TIMIT\TRAIN\DR5\FJXM0\SI1211.WAV,fjxm0,si1211,dr5
datasets\TIMIT\TRAIN\DR5\FJXM0\SI1971.WAV,fjxm0,si1971,dr5
datasets\TIMIT\TRAIN\DR5\FJXM0\SI581.WAV,fjxm0,si581,dr5
datasets\TIMIT\TRAIN\DR5\FJXM0\SX131.WAV,fjxm0,sx131,dr5
datasets\TIMIT\TRAIN\DR5\FJXM0\SX221.WAV,fjxm0,sx221,dr5
datasets\TIMIT\TRAIN\DR5\FJXM0\SX311.WAV,fjxm0,sx311,dr5
datasets\TIMIT\TRAIN\DR5\FJXM0\SX401.WAV,fjxm0,sx401,dr5
datasets\TIMIT\TRAIN\DR5\FJXM0\SX41.WAV,fjxm0,sx41,dr5
datasets\TIMIT\TRAIN\DR5\FKKH0\SA1.WAV,fkkh0,sa1,dr5
datasets\TIMIT\TRAIN\DR5\FKKH0\SA2.WAV,fkkh0,sa2,dr5
datasets\TIMIT\TRAIN\DR5\FKKH0\SI1290.WAV,fkkh0,si1290,dr5
datasets\TIMIT\TRAIN\DR5\FKKH0\SI1920.WAV,fkkh0,si1920,dr5
datasets\TIMIT\TRAIN\DR5\FKKH0\SI660.WAV,fkkh0,si660,dr5
datasets\TIMIT\TRAIN\DR5\FKKH0\SX120.WAV,fkkh0,sx120,dr5
datasets\TIMIT\TRAIN\DR5\FKKH0\SX210.WAV,fkkh0,sx210,dr5
datasets\TIMIT\TRAIN\DR5\FKKH0\SX30.WAV,fkkh0,sx30,dr5
datasets\TIMIT\TRAIN\DR5\FKKH0\SX300.WAV,fkkh0,sx300,dr5
datasets\TIMIT\TRAIN\DR5\FKKH0\SX390.WAV,fkkh0,sx390,dr5
datasets\TIMIT\TRAIN\DR5\FLJA0\SA1.WAV,flja0,sa1,dr5
datasets\TIMIT\TRAIN\DR5\FLJA0\SA2.WAV,flja0,sa2,dr5
datasets\TIMIT\TRAIN\DR5\FLJA0\SI1078.WAV,flja0,si1078,dr5
datasets\TIMIT\TRAIN\DR5\FLJA0\SI1708.WAV,flja0,si1708,dr5
datasets\TIMIT\TRAIN\DR5\FLJA0\SI2338.WAV,flja0,si2338,dr5
datasets\TIMIT\TRAIN\DR5\FLJA0\SX178.WAV,flja0,sx178,dr5
datasets\TIMIT\TRAIN\DR5\FLJA0\SX268.WAV,flja0,sx268,dr5
datasets\TIMIT\TRAIN\DR5\FLJA0\SX358.WAV,flja0,sx358,dr5
datasets\TIMIT\TRAIN\DR5\FLJA0\SX448.WAV,flja0,sx448,dr5
datasets\TIMIT\TRAIN\DR5\FLJA0\SX88.WAV,flja0,sx88,dr5
datasets\TIMIT\TRAIN\DR5\FLJG0\SA1.WAV,fljg0,sa1,dr5
datasets\TIMIT\TRAIN\DR5\FLJG0\SA2.WAV,fljg0,sa2,dr5
datasets\TIMIT\TRAIN\DR5\FLJG0\SI1611.WAV,fljg0,si1611,dr5
datasets\TIMIT\TRAIN\DR5\FLJG0\SI2241.WAV,fljg0,si2241,dr5
datasets\TIMIT\TRAIN\DR5\FLJG0\SI981.WAV,fljg0,si981,dr5
datasets\TIMIT\TRAIN\DR5\FLJG0\SX171.WAV,fljg0,sx171,dr5
datasets\TIMIT\TRAIN\DR5\FLJG0\SX261.WAV,fljg0,sx261,dr5
datasets\TIMIT\TRAIN\DR5\FLJG0\SX351.WAV,fljg0,sx351,dr5
datasets\TIMIT\TRAIN\DR5\FLJG0\SX441.WAV,fljg0,sx441,dr5
datasets\TIMIT\TRAIN\DR5\FLJG0\SX81.WAV,fljg0,sx81,dr5
datasets\TIMIT\TRAIN\DR5\FLMK0\SA1.WAV,flmk0,sa1,dr5
datasets\TIMIT\TRAIN\DR5\FLMK0\SA2.WAV,flmk0,sa2,dr5
datasets\TIMIT\TRAIN\DR5\FLMK0\SI1035.WAV,flmk0,si1035,dr5
datasets\TIMIT\TRAIN\DR5\FLMK0\SI1229.WAV,flmk0,si1229,dr5
datasets\TIMIT\TRAIN\DR5\FLMK0\SI2295.WAV,flmk0,si2295,dr5
datasets\TIMIT\TRAIN\DR5\FLMK0\SX135.WAV,flmk0,sx135,dr5
datasets\TIMIT\TRAIN\DR5\FLMK0\SX225.WAV,flmk0,sx225,dr5
datasets\TIMIT\TRAIN\DR5\FLMK0\SX315.WAV,flmk0,sx315,dr5
datasets\TIMIT\TRAIN\DR5\FLMK0\SX405.WAV,flmk0,sx405,dr5
datasets\TIMIT\TRAIN\DR5\FLMK0\SX45.WAV,flmk0,sx45,dr5
datasets\TIMIT\TRAIN\DR5\FLOD0\SA1.WAV,flod0,sa1,dr5
datasets\TIMIT\TRAIN\DR5\FLOD0\SA2.WAV,flod0,sa2,dr5
datasets\TIMIT\TRAIN\DR5\FLOD0\SI1287.WAV,flod0,si1287,dr5
datasets\TIMIT\TRAIN\DR5\FLOD0\SI1917.WAV,flod0,si1917,dr5
datasets\TIMIT\TRAIN\DR5\FLOD0\SI657.WAV,flod0,si657,dr5
datasets\TIMIT\TRAIN\DR5\FLOD0\SX117.WAV,flod0,sx117,dr5
datasets\TIMIT\TRAIN\DR5\FLOD0\SX171.WAV,flod0,sx171,dr5
datasets\TIMIT\TRAIN\DR5\FLOD0\SX207.WAV,flod0,sx207,dr5
datasets\TIMIT\TRAIN\DR5\FLOD0\SX297.WAV,flod0,sx297,dr5
datasets\TIMIT\TRAIN\DR5\FLOD0\SX387.WAV,flod0,sx387,dr5
datasets\TIMIT\TRAIN\DR5\FMPG0\SA1.WAV,fmpg0,sa1,dr5
datasets\TIMIT\TRAIN\DR5\FMPG0\SA2.WAV,fmpg0,sa2,dr5
datasets\TIMIT\TRAIN\DR5\FMPG0\SI1602.WAV,fmpg0,si1602,dr5
datasets\TIMIT\TRAIN\DR5\FMPG0\SI2232.WAV,fmpg0,si2232,dr5
datasets\TIMIT\TRAIN\DR5\FMPG0\SI972.WAV,fmpg0,si972,dr5
datasets\TIMIT\TRAIN\DR5\FMPG0\SX162.WAV,fmpg0,sx162,dr5
datasets\TIMIT\TRAIN\DR5\FMPG0\SX252.WAV,fmpg0,sx252,dr5
datasets\TIMIT\TRAIN\DR5\FMPG0\SX342.WAV,fmpg0,sx342,dr5
datasets\TIMIT\TRAIN\DR5\FMPG0\SX432.WAV,fmpg0,sx432,dr5
datasets\TIMIT\TRAIN\DR5\FMPG0\SX72.WAV,fmpg0,sx72,dr5
datasets\TIMIT\TRAIN\DR5\FPMY0\SA1.WAV,fpmy0,sa1,dr5
datasets\TIMIT\TRAIN\DR5\FPMY0\SA2.WAV,fpmy0,sa2,dr5
datasets\TIMIT\TRAIN\DR5\FPMY0\SI1153.WAV,fpmy0,si1153,dr5
datasets\TIMIT\TRAIN\DR5\FPMY0\SI1783.WAV,fpmy0,si1783,dr5
datasets\TIMIT\TRAIN\DR5\FPMY0\SI523.WAV,fpmy0,si523,dr5
datasets\TIMIT\TRAIN\DR5\FPMY0\SX163.WAV,fpmy0,sx163,dr5
datasets\TIMIT\TRAIN\DR5\FPMY0\SX196.WAV,fpmy0,sx196,dr5
datasets\TIMIT\TRAIN\DR5\FPMY0\SX253.WAV,fpmy0,sx253,dr5
datasets\TIMIT\TRAIN\DR5\FPMY0\SX343.WAV,fpmy0,sx343,dr5
datasets\TIMIT\TRAIN\DR5\FPMY0\SX73.WAV,fpmy0,sx73,dr5
datasets\TIMIT\TRAIN\DR5\FSAG0\SA1.WAV,fsag0,sa1,dr5
datasets\TIMIT\TRAIN\DR5\FSAG0\SA2.WAV,fsag0,sa2,dr5
datasets\TIMIT\TRAIN\DR5\FSAG0\SI1323.WAV,fsag0,si1323,dr5
datasets\TIMIT\TRAIN\DR5\FSAG0\SI1953.WAV,fsag0,si1953,dr5
datasets\TIMIT\TRAIN\DR5\FSAG0\SI693.WAV,fsag0,si693,dr5
datasets\TIMIT\TRAIN\DR5\FSAG0\SX153.WAV,fsag0,sx153,dr5
datasets\TIMIT\TRAIN\DR5\FSAG0\SX243.WAV,fsag0,sx243,dr5
datasets\TIMIT\TRAIN\DR5\FSAG0\SX333.WAV,fsag0,sx333,dr5
datasets\TIMIT\TRAIN\DR5\FSAG0\SX423.WAV,fsag0,sx423,dr5
datasets\TIMIT\TRAIN\DR5\FSAG0\SX63.WAV,fsag0,sx63,dr5
datasets\TIMIT\TRAIN\DR5\FSDC0\SA1.WAV,fsdc0,sa1,dr5
datasets\TIMIT\TRAIN\DR5\FSDC0\SA2.WAV,fsdc0,sa2,dr5
datasets\TIMIT\TRAIN\DR5\FSDC0\SI1312.WAV,fsdc0,si1312,dr5
datasets\TIMIT\TRAIN\DR5\FSDC0\SI1942.WAV,fsdc0,si1942,dr5
datasets\TIMIT\TRAIN\DR5\FSDC0\SI2234.WAV,fsdc0,si2234,dr5
datasets\TIMIT\TRAIN\DR5\FSDC0\SX142.WAV,fsdc0,sx142,dr5
datasets\TIMIT\TRAIN\DR5\FSDC0\SX232.WAV,fsdc0,sx232,dr5
datasets\TIMIT\TRAIN\DR5\FSDC0\SX322.WAV,fsdc0,sx322,dr5
datasets\TIMIT\TRAIN\DR5\FSDC0\SX412.WAV,fsdc0,sx412,dr5
datasets\TIMIT\TRAIN\DR5\FSDC0\SX52.WAV,fsdc0,sx52,dr5
datasets\TIMIT\TRAIN\DR5\FSMM0\SA1.WAV,fsmm0,sa1,dr5
datasets\TIMIT\TRAIN\DR5\FSMM0\SA2.WAV,fsmm0,sa2,dr5
datasets\TIMIT\TRAIN\DR5\FSMM0\SI1314.WAV,fsmm0,si1314,dr5
datasets\TIMIT\TRAIN\DR5\FSMM0\SI1944.WAV,fsmm0,si1944,dr5
datasets\TIMIT\TRAIN\DR5\FSMM0\SI684.WAV,fsmm0,si684,dr5
datasets\TIMIT\TRAIN\DR5\FSMM0\SX144.WAV,fsmm0,sx144,dr5
datasets\TIMIT\TRAIN\DR5\FSMM0\SX234.WAV,fsmm0,sx234,dr5
datasets\TIMIT\TRAIN\DR5\FSMM0\SX324.WAV,fsmm0,sx324,dr5
datasets\TIMIT\TRAIN\DR5\FSMM0\SX414.WAV,fsmm0,sx414,dr5
datasets\TIMIT\TRAIN\DR5\FSMM0\SX54.WAV,fsmm0,sx54,dr5
datasets\TIMIT\TRAIN\DR5\FSMS1\SA1.WAV,fsms1,sa1,dr5
datasets\TIMIT\TRAIN\DR5\FSMS1\SA2.WAV,fsms1,sa2,dr5
datasets\TIMIT\TRAIN\DR5\FSMS1\SI1504.WAV,fsms1,si1504,dr5
datasets\TIMIT\TRAIN\DR5\FSMS1\SI2134.WAV,fsms1,si2134,dr5
datasets\TIMIT\TRAIN\DR5\FSMS1\SI874.WAV,fsms1,si874,dr5
datasets\TIMIT\TRAIN\DR5\FSMS1\SX154.WAV,fsms1,sx154,dr5
datasets\TIMIT\TRAIN\DR5\FSMS1\SX244.WAV,fsms1,sx244,dr5
datasets\TIMIT\TRAIN\DR5\FSMS1\SX334.WAV,fsms1,sx334,dr5
datasets\TIMIT\TRAIN\DR5\FSMS1\SX347.WAV,fsms1,sx347,dr5
datasets\TIMIT\TRAIN\DR5\FSMS1\SX64.WAV,fsms1,sx64,dr5
datasets\TIMIT\TRAIN\DR5\FTBW0\SA1.WAV,ftbw0,sa1,dr5
datasets\TIMIT\TRAIN\DR5\FTBW0\SA2.WAV,ftbw0,sa2,dr5
datasets\TIMIT\TRAIN\DR5\FTBW0\SI1345.WAV,ftbw0,si1345,dr5
datasets\TIMIT\TRAIN\DR5\FTBW0\SI1975.WAV,ftbw0,si1975,dr5
datasets\TIMIT\TRAIN\DR5\FTBW0\SI715.WAV,ftbw0,si715,dr5
datasets\TIMIT\TRAIN\DR5\FTBW0\SX175.WAV,ftbw0,sx175,dr5
datasets\TIMIT\TRAIN\DR5\FTBW0\SX265.WAV,ftbw0,sx265,dr5
datasets\TIMIT\TRAIN\DR5\FTBW0\SX355.WAV,ftbw0,sx355,dr5
datasets\TIMIT\TRAIN\DR5\FTBW0\SX445.WAV,ftbw0,sx445,dr5
datasets\TIMIT\TRAIN\DR5\FTBW0\SX85.WAV,ftbw0,sx85,dr5
datasets\TIMIT\TRAIN\DR5\FTLG0\SA1.WAV,ftlg0,sa1,dr5
datasets\TIMIT\TRAIN\DR5\FTLG0\SA2.WAV,ftlg0,sa2,dr5
datasets\TIMIT\TRAIN\DR5\FTLG0\SI1743.WAV,ftlg0,si1743,dr5
datasets\TIMIT\TRAIN\DR5\FTLG0\SI483.WAV,ftlg0,si483,dr5
datasets\TIMIT\TRAIN\DR5\FTLG0\SI840.WAV,ftlg0,si840,dr5
datasets\TIMIT\TRAIN\DR5\FTLG0\SX123.WAV,ftlg0,sx123,dr5
datasets\TIMIT\TRAIN\DR5\FTLG0\SX213.WAV,ftlg0,sx213,dr5
datasets\TIMIT\TRAIN\DR5\FTLG0\SX303.WAV,ftlg0,sx303,dr5
datasets\TIMIT\TRAIN\DR5\FTLG0\SX33.WAV,ftlg0,sx33,dr5
datasets\TIMIT\TRAIN\DR5\FTLG0\SX393.WAV,ftlg0,sx393,dr5
datasets\TIMIT\TRAIN\DR5\MBGT0\SA1.WAV,mbgt0,sa1,dr5
datasets\TIMIT\TRAIN\DR5\MBGT0\SA2.WAV,mbgt0,sa2,dr5
datasets\TIMIT\TRAIN\DR5\MBGT0\SI1341.WAV,mbgt0,si1341,dr5
datasets\TIMIT\TRAIN\DR5\MBGT0\SI1841.WAV,mbgt0,si1841,dr5
datasets\TIMIT\TRAIN\DR5\MBGT0\SI711.WAV,mbgt0,si711,dr5
datasets\TIMIT\TRAIN\DR5\MBGT0\SX171.WAV,mbgt0,sx171,dr5
datasets\TIMIT\TRAIN\DR5\MBGT0\SX261.WAV,mbgt0,sx261,dr5
datasets\TIMIT\TRAIN\DR5\MBGT0\SX351.WAV,mbgt0,sx351,dr5
datasets\TIMIT\TRAIN\DR5\MBGT0\SX441.WAV,mbgt0,sx441,dr5
datasets\TIMIT\TRAIN\DR5\MBGT0\SX81.WAV,mbgt0,sx81,dr5
datasets\TIMIT\TRAIN\DR5\MCHL0\SA1.WAV,mchl0,sa1,dr5
datasets\TIMIT\TRAIN\DR5\MCHL0\SA2.WAV,mchl0,sa2,dr5
datasets\TIMIT\TRAIN\DR5\MCHL0\SI1347.WAV,mchl0,si1347,dr5
datasets\TIMIT\TRAIN\DR5\MCHL0\SI1404.WAV,mchl0,si1404,dr5
datasets\TIMIT\TRAIN\DR5\MCHL0\SI1977.WAV,mchl0,si1977,dr5
datasets\TIMIT\TRAIN\DR5\MCHL0\SX177.WAV,mchl0,sx177,dr5
datasets\TIMIT\TRAIN\DR5\MCHL0\SX267.WAV,mchl0,sx267,dr5
datasets\TIMIT\TRAIN\DR5\MCHL0\SX357.WAV,mchl0,sx357,dr5
datasets\TIMIT\TRAIN\DR5\MCHL0\SX447.WAV,mchl0,sx447,dr5
datasets\TIMIT\TRAIN\DR5\MCHL0\SX87.WAV,mchl0,sx87,dr5
datasets\TIMIT\TRAIN\DR5\MCLM0\SA1.WAV,mclm0,sa1,dr5
datasets\TIMIT\TRAIN\DR5\MCLM0\SA2.WAV,mclm0,sa2,dr5
datasets\TIMIT\TRAIN\DR5\MCLM0\SI1456.WAV,mclm0,si1456,dr5
datasets\TIMIT\TRAIN\DR5\MCLM0\SI2086.WAV,mclm0,si2086,dr5
datasets\TIMIT\TRAIN\DR5\MCLM0\SI826.WAV,mclm0,si826,dr5
datasets\TIMIT\TRAIN\DR5\MCLM0\SX106.WAV,mclm0,sx106,dr5
datasets\TIMIT\TRAIN\DR5\MCLM0\SX16.WAV,mclm0,sx16,dr5
datasets\TIMIT\TRAIN\DR5\MCLM0\SX196.WAV,mclm0,sx196,dr5
datasets\TIMIT\TRAIN\DR5\MCLM0\SX286.WAV,mclm0,sx286,dr5
datasets\TIMIT\TRAIN\DR5\MCLM0\SX376.WAV,mclm0,sx376,dr5
datasets\TIMIT\TRAIN\DR5\MDHL0\SA1.WAV,mdhl0,sa1,dr5
datasets\TIMIT\TRAIN\DR5\MDHL0\SA2.WAV,mdhl0,sa2,dr5
datasets\TIMIT\TRAIN\DR5\MDHL0\SI1439.WAV,mdhl0,si1439,dr5
datasets\TIMIT\TRAIN\DR5\MDHL0\SI2069.WAV,mdhl0,si2069,dr5
datasets\TIMIT\TRAIN\DR5\MDHL0\SI809.WAV,mdhl0,si809,dr5
datasets\TIMIT\TRAIN\DR5\MDHL0\SX179.WAV,mdhl0,sx179,dr5
datasets\TIMIT\TRAIN\DR5\MDHL0\SX269.WAV,mdhl0,sx269,dr5
datasets\TIMIT\TRAIN\DR5\MDHL0\SX359.WAV,mdhl0,sx359,dr5
datasets\TIMIT\TRAIN\DR5\MDHL0\SX449.WAV,mdhl0,sx449,dr5
datasets\TIMIT\TRAIN\DR5\MDHL0\SX89.WAV,mdhl0,sx89,dr5
datasets\TIMIT\TRAIN\DR5\MDSJ0\SA1.WAV,mdsj0,sa1,dr5
datasets\TIMIT\TRAIN\DR5\MDSJ0\SA2.WAV,mdsj0,sa2,dr5
datasets\TIMIT\TRAIN\DR5\MDSJ0\SI1462.WAV,mdsj0,si1462,dr5
datasets\TIMIT\TRAIN\DR5\MDSJ0\SI2092.WAV,mdsj0,si2092,dr5
datasets\TIMIT\TRAIN\DR5\MDSJ0\SI832.WAV,mdsj0,si832,dr5
datasets\TIMIT\TRAIN\DR5\MDSJ0\SX112.WAV,mdsj0,sx112,dr5
datasets\TIMIT\TRAIN\DR5\MDSJ0\SX22.WAV,mdsj0,sx22,dr5
datasets\TIMIT\TRAIN\DR5\MDSJ0\SX292.WAV,mdsj0,sx292,dr5
datasets\TIMIT\TRAIN\DR5\MDSJ0\SX382.WAV,mdsj0,sx382,dr5
datasets\TIMIT\TRAIN\DR5\MDSJ0\SX438.WAV,mdsj0,sx438,dr5
datasets\TIMIT\TRAIN\DR5\MDWH0\SA1.WAV,mdwh0,sa1,dr5
datasets\TIMIT\TRAIN\DR5\MDWH0\SA2.WAV,mdwh0,sa2,dr5
datasets\TIMIT\TRAIN\DR5\MDWH0\SI1168.WAV,mdwh0,si1168,dr5
datasets\TIMIT\TRAIN\DR5\MDWH0\SI1925.WAV,mdwh0,si1925,dr5
datasets\TIMIT\TRAIN\DR5\MDWH0\SI665.WAV,mdwh0,si665,dr5
datasets\TIMIT\TRAIN\DR5\MDWH0\SX125.WAV,mdwh0,sx125,dr5
datasets\TIMIT\TRAIN\DR5\MDWH0\SX215.WAV,mdwh0,sx215,dr5
datasets\TIMIT\TRAIN\DR5\MDWH0\SX305.WAV,mdwh0,sx305,dr5
datasets\TIMIT\TRAIN\DR5\MDWH0\SX35.WAV,mdwh0,sx35,dr5
datasets\TIMIT\TRAIN\DR5\MDWH0\SX395.WAV,mdwh0,sx395,dr5
datasets\TIMIT\TRAIN\DR5\MEGJ0\SA1.WAV,megj0,sa1,dr5
datasets\TIMIT\TRAIN\DR5\MEGJ0\SA2.WAV,megj0,sa2,dr5
datasets\TIMIT\TRAIN\DR5\MEGJ0\SI1337.WAV,megj0,si1337,dr5
datasets\TIMIT\TRAIN\DR5\MEGJ0\SI1967.WAV,megj0,si1967,dr5
datasets\TIMIT\TRAIN\DR5\MEGJ0\SI707.WAV,megj0,si707,dr5
datasets\TIMIT\TRAIN\DR5\MEGJ0\SX167.WAV,megj0,sx167,dr5
datasets\TIMIT\TRAIN\DR5\MEGJ0\SX257.WAV,megj0,sx257,dr5
datasets\TIMIT\TRAIN\DR5\MEGJ0\SX3.WAV,megj0,sx3,dr5
datasets\TIMIT\TRAIN\DR5\MEGJ0\SX437.WAV,megj0,sx437,dr5
datasets\TIMIT\TRAIN\DR5\MEGJ0\SX77.WAV,megj0,sx77,dr5
datasets\TIMIT\TRAIN\DR5\MEWM0\SA1.WAV,mewm0,sa1,dr5
datasets\TIMIT\TRAIN\DR5\MEWM0\SA2.WAV,mewm0,sa2,dr5
datasets\TIMIT\TRAIN\DR5\MEWM0\SI1348.WAV,mewm0,si1348,dr5
datasets\TIMIT\TRAIN\DR5\MEWM0\SI1978.WAV,mewm0,si1978,dr5
datasets\TIMIT\TRAIN\DR5\MEWM0\SI718.WAV,mewm0,si718,dr5
datasets\TIMIT\TRAIN\DR5\MEWM0\SX178.WAV,mewm0,sx178,dr5
datasets\TIMIT\TRAIN\DR5\MEWM0\SX268.WAV,mewm0,sx268,dr5
datasets\TIMIT\TRAIN\DR5\MEWM0\SX358.WAV,mewm0,sx358,dr5
datasets\TIMIT\TRAIN\DR5\MEWM0\SX448.WAV,mewm0,sx448,dr5
datasets\TIMIT\TRAIN\DR5\MEWM0\SX88.WAV,mewm0,sx88,dr5
datasets\TIMIT\TRAIN\DR5\MFER0\SA1.WAV,mfer0,sa1,dr5
datasets\TIMIT\TRAIN\DR5\MFER0\SA2.WAV,mfer0,sa2,dr5
datasets\TIMIT\TRAIN\DR5\MFER0\SI1492.WAV,mfer0,si1492,dr5
datasets\TIMIT\TRAIN\DR5\MFER0\SI2122.WAV,mfer0,si2122,dr5
datasets\TIMIT\TRAIN\DR5\MFER0\SI862.WAV,mfer0,si862,dr5
datasets\TIMIT\TRAIN\DR5\MFER0\SX142.WAV,mfer0,sx142,dr5
datasets\TIMIT\TRAIN\DR5\MFER0\SX232.WAV,mfer0,sx232,dr5
datasets\TIMIT\TRAIN\DR5\MFER0\SX322.WAV,mfer0,sx322,dr5
datasets\TIMIT\TRAIN\DR5\MFER0\SX412.WAV,mfer0,sx412,dr5
datasets\TIMIT\TRAIN\DR5\MFER0\SX52.WAV,mfer0,sx52,dr5
datasets\TIMIT\TRAIN\DR5\MGES0\SA1.WAV,mges0,sa1,dr5
datasets\TIMIT\TRAIN\DR5\MGES0\SA2.WAV,mges0,sa2,dr5
datasets\TIMIT\TRAIN\DR5\MGES0\SI1481.WAV,mges0,si1481,dr5
datasets\TIMIT\TRAIN\DR5\MGES0\SI2111.WAV,mges0,si2111,dr5
datasets\TIMIT\TRAIN\DR5\MGES0\SI851.WAV,mges0,si851,dr5
datasets\TIMIT\TRAIN\DR5\MGES0\SX131.WAV,mges0,sx131,dr5
datasets\TIMIT\TRAIN\DR5\MGES0\SX221.WAV,mges0,sx221,dr5
datasets\TIMIT\TRAIN\DR5\MGES0\SX311.WAV,mges0,sx311,dr5
datasets\TIMIT\TRAIN\DR5\MGES0\SX401.WAV,mges0,sx401,dr5
datasets\TIMIT\TRAIN\DR5\MGES0\SX41.WAV,mges0,sx41,dr5
datasets\TIMIT\TRAIN\DR5\MHIT0\SA1.WAV,mhit0,sa1,dr5
datasets\TIMIT\TRAIN\DR5\MHIT0\SA2.WAV,mhit0,sa2,dr5
datasets\TIMIT\TRAIN\DR5\MHIT0\SI1613.WAV,mhit0,si1613,dr5
datasets\TIMIT\TRAIN\DR5\MHIT0\SI2243.WAV,mhit0,si2243,dr5
datasets\TIMIT\TRAIN\DR5\MHIT0\SI983.WAV,mhit0,si983,dr5
datasets\TIMIT\TRAIN\DR5\MHIT0\SX173.WAV,mhit0,sx173,dr5
datasets\TIMIT\TRAIN\DR5\MHIT0\SX263.WAV,mhit0,sx263,dr5
datasets\TIMIT\TRAIN\DR5\MHIT0\SX353.WAV,mhit0,sx353,dr5
datasets\TIMIT\TRAIN\DR5\MHIT0\SX443.WAV,mhit0,sx443,dr5
datasets\TIMIT\TRAIN\DR5\MHIT0\SX83.WAV,mhit0,sx83,dr5
datasets\TIMIT\TRAIN\DR5\MJDM0\SA1.WAV,mjdm0,sa1,dr5
datasets\TIMIT\TRAIN\DR5\MJDM0\SA2.WAV,mjdm0,sa2,dr5
datasets\TIMIT\TRAIN\DR5\MJDM0\SI1340.WAV,mjdm0,si1340,dr5
datasets\TIMIT\TRAIN\DR5\MJDM0\SI1937.WAV,mjdm0,si1937,dr5
datasets\TIMIT\TRAIN\DR5\MJDM0\SI974.WAV,mjdm0,si974,dr5
datasets\TIMIT\TRAIN\DR5\MJDM0\SX170.WAV,mjdm0,sx170,dr5
datasets\TIMIT\TRAIN\DR5\MJDM0\SX260.WAV,mjdm0,sx260,dr5
datasets\TIMIT\TRAIN\DR5\MJDM0\SX350.WAV,mjdm0,sx350,dr5
datasets\TIMIT\TRAIN\DR5\MJDM0\SX440.WAV,mjdm0,sx440,dr5
datasets\TIMIT\TRAIN\DR5\MJDM0\SX80.WAV,mjdm0,sx80,dr5
datasets\TIMIT\TRAIN\DR5\MJFH0\SA1.WAV,mjfh0,sa1,dr5
datasets\TIMIT\TRAIN\DR5\MJFH0\SA2.WAV,mjfh0,sa2,dr5
datasets\TIMIT\TRAIN\DR5\MJFH0\SI1107.WAV,mjfh0,si1107,dr5
datasets\TIMIT\TRAIN\DR5\MJFH0\SI1737.WAV,mjfh0,si1737,dr5
datasets\TIMIT\TRAIN\DR5\MJFH0\SI477.WAV,mjfh0,si477,dr5
datasets\TIMIT\TRAIN\DR5\MJFH0\SX117.WAV,mjfh0,sx117,dr5
datasets\TIMIT\TRAIN\DR5\MJFH0\SX207.WAV,mjfh0,sx207,dr5
datasets\TIMIT\TRAIN\DR5\MJFH0\SX27.WAV,mjfh0,sx27,dr5
datasets\TIMIT\TRAIN\DR5\MJFH0\SX297.WAV,mjfh0,sx297,dr5
datasets\TIMIT\TRAIN\DR5\MJFH0\SX387.WAV,mjfh0,sx387,dr5
datasets\TIMIT\TRAIN\DR5\MJPG0\SA1.WAV,mjpg0,sa1,dr5
datasets\TIMIT\TRAIN\DR5\MJPG0\SA2.WAV,mjpg0,sa2,dr5
datasets\TIMIT\TRAIN\DR5\MJPG0\SI1191.WAV,mjpg0,si1191,dr5
datasets\TIMIT\TRAIN\DR5\MJPG0\SI1821.WAV,mjpg0,si1821,dr5
datasets\TIMIT\TRAIN\DR5\MJPG0\SI561.WAV,mjpg0,si561,dr5
datasets\TIMIT\TRAIN\DR5\MJPG0\SX111.WAV,mjpg0,sx111,dr5
datasets\TIMIT\TRAIN\DR5\MJPG0\SX201.WAV,mjpg0,sx201,dr5
datasets\TIMIT\TRAIN\DR5\MJPG0\SX21.WAV,mjpg0,sx21,dr5
datasets\TIMIT\TRAIN\DR5\MJPG0\SX291.WAV,mjpg0,sx291,dr5
datasets\TIMIT\TRAIN\DR5\MJPG0\SX381.WAV,mjpg0,sx381,dr5
datasets\TIMIT\TRAIN\DR5\MJRG0\SA1.WAV,mjrg0,sa1,dr5
datasets\TIMIT\TRAIN\DR5\MJRG0\SA2.WAV,mjrg0,sa2,dr5
datasets\TIMIT\TRAIN\DR5\MJRG0\SI1366.WAV,mjrg0,si1366,dr5
datasets\TIMIT\TRAIN\DR5\MJRG0\SI1996.WAV,mjrg0,si1996,dr5
datasets\TIMIT\TRAIN\DR5\MJRG0\SI736.WAV,mjrg0,si736,dr5
datasets\TIMIT\TRAIN\DR5\MJRG0\SX106.WAV,mjrg0,sx106,dr5
datasets\TIMIT\TRAIN\DR5\MJRG0\SX16.WAV,mjrg0,sx16,dr5
datasets\TIMIT\TRAIN\DR5\MJRG0\SX286.WAV,mjrg0,sx286,dr5
datasets\TIMIT\TRAIN\DR5\MJRG0\SX352.WAV,mjrg0,sx352,dr5
datasets\TIMIT\TRAIN\DR5\MJRG0\SX376.WAV,mjrg0,sx376,dr5
datasets\TIMIT\TRAIN\DR5\MJWG0\SA1.WAV,mjwg0,sa1,dr5
datasets\TIMIT\TRAIN\DR5\MJWG0\SA2.WAV,mjwg0,sa2,dr5
datasets\TIMIT\TRAIN\DR5\MJWG0\SI2155.WAV,mjwg0,si2155,dr5
datasets\TIMIT\TRAIN\DR5\MJWG0\SI813.WAV,mjwg0,si813,dr5
datasets\TIMIT\TRAIN\DR5\MJWG0\SI895.WAV,mjwg0,si895,dr5
datasets\TIMIT\TRAIN\DR5\MJWG0\SX175.WAV,mjwg0,sx175,dr5
datasets\TIMIT\TRAIN\DR5\MJWG0\SX265.WAV,mjwg0,sx265,dr5
datasets\TIMIT\TRAIN\DR5\MJWG0\SX355.WAV,mjwg0,sx355,dr5
datasets\TIMIT\TRAIN\DR5\MJWG0\SX445.WAV,mjwg0,sx445,dr5
datasets\TIMIT\TRAIN\DR5\MJWG0\SX85.WAV,mjwg0,sx85,dr5
datasets\TIMIT\TRAIN\DR5\MJXA0\SA1.WAV,mjxa0,sa1,dr5
datasets\TIMIT\TRAIN\DR5\MJXA0\SA2.WAV,mjxa0,sa2,dr5
datasets\TIMIT\TRAIN\DR5\MJXA0\SI1507.WAV,mjxa0,si1507,dr5
datasets\TIMIT\TRAIN\DR5\MJXA0\SI2137.WAV,mjxa0,si2137,dr5
datasets\TIMIT\TRAIN\DR5\MJXA0\SI877.WAV,mjxa0,si877,dr5
datasets\TIMIT\TRAIN\DR5\MJXA0\SX157.WAV,mjxa0,sx157,dr5
datasets\TIMIT\TRAIN\DR5\MJXA0\SX247.WAV,mjxa0,sx247,dr5
datasets\TIMIT\TRAIN\DR5\MJXA0\SX337.WAV,mjxa0,sx337,dr5
datasets\TIMIT\TRAIN\DR5\MJXA0\SX427.WAV,mjxa0,sx427,dr5
datasets\TIMIT\TRAIN\DR5\MJXA0\SX67.WAV,mjxa0,sx67,dr5
datasets\TIMIT\TRAIN\DR5\MMAB1\SA1.WAV,mmab1,sa1,dr5
datasets\TIMIT\TRAIN\DR5\MMAB1\SA2.WAV,mmab1,sa2,dr5
datasets\TIMIT\TRAIN\DR5\MMAB1\SI1494.WAV,mmab1,si1494,dr5
datasets\TIMIT\TRAIN\DR5\MMAB1\SI2124.WAV,mmab1,si2124,dr5
datasets\TIMIT\TRAIN\DR5\MMAB1\SI864.WAV,mmab1,si864,dr5
datasets\TIMIT\TRAIN\DR5\MMAB1\SX144.WAV,mmab1,sx144,dr5
datasets\TIMIT\TRAIN\DR5\MMAB1\SX234.WAV,mmab1,sx234,dr5
datasets\TIMIT\TRAIN\DR5\MMAB1\SX324.WAV,mmab1,sx324,dr5
datasets\TIMIT\TRAIN\DR5\MMAB1\SX414.WAV,mmab1,sx414,dr5
datasets\TIMIT\TRAIN\DR5\MMAB1\SX54.WAV,mmab1,sx54,dr5
datasets\TIMIT\TRAIN\DR5\MMCC0\SA1.WAV,mmcc0,sa1,dr5
datasets\TIMIT\TRAIN\DR5\MMCC0\SA2.WAV,mmcc0,sa2,dr5
datasets\TIMIT\TRAIN\DR5\MMCC0\SI1338.WAV,mmcc0,si1338,dr5
datasets\TIMIT\TRAIN\DR5\MMCC0\SI1968.WAV,mmcc0,si1968,dr5
datasets\TIMIT\TRAIN\DR5\MMCC0\SI708.WAV,mmcc0,si708,dr5
datasets\TIMIT\TRAIN\DR5\MMCC0\SX168.WAV,mmcc0,sx168,dr5
datasets\TIMIT\TRAIN\DR5\MMCC0\SX258.WAV,mmcc0,sx258,dr5
datasets\TIMIT\TRAIN\DR5\MMCC0\SX348.WAV,mmcc0,sx348,dr5
datasets\TIMIT\TRAIN\DR5\MMCC0\SX438.WAV,mmcc0,sx438,dr5
datasets\TIMIT\TRAIN\DR5\MMCC0\SX78.WAV,mmcc0,sx78,dr5
datasets\TIMIT\TRAIN\DR5\MMVP0\SA1.WAV,mmvp0,sa1,dr5
datasets\TIMIT\TRAIN\DR5\MMVP0\SA2.WAV,mmvp0,sa2,dr5
datasets\TIMIT\TRAIN\DR5\MMVP0\SI1284.WAV,mmvp0,si1284,dr5
datasets\TIMIT\TRAIN\DR5\MMVP0\SI1914.WAV,mmvp0,si1914,dr5
datasets\TIMIT\TRAIN\DR5\MMVP0\SI654.WAV,mmvp0,si654,dr5
datasets\TIMIT\TRAIN\DR5\MMVP0\SX114.WAV,mmvp0,sx114,dr5
datasets\TIMIT\TRAIN\DR5\MMVP0\SX204.WAV,mmvp0,sx204,dr5
datasets\TIMIT\TRAIN\DR5\MMVP0\SX294.WAV,mmvp0,sx294,dr5
datasets\TIMIT\TRAIN\DR5\MMVP0\SX347.WAV,mmvp0,sx347,dr5
datasets\TIMIT\TRAIN\DR5\MMVP0\SX384.WAV,mmvp0,sx384,dr5
datasets\TIMIT\TRAIN\DR5\MMWB0\SA1.WAV,mmwb0,sa1,dr5
datasets\TIMIT\TRAIN\DR5\MMWB0\SA2.WAV,mmwb0,sa2,dr5
datasets\TIMIT\TRAIN\DR5\MMWB0\SI1619.WAV,mmwb0,si1619,dr5
datasets\TIMIT\TRAIN\DR5\MMWB0\SI2249.WAV,mmwb0,si2249,dr5
datasets\TIMIT\TRAIN\DR5\MMWB0\SI989.WAV,mmwb0,si989,dr5
datasets\TIMIT\TRAIN\DR5\MMWB0\SX179.WAV,mmwb0,sx179,dr5
datasets\TIMIT\TRAIN\DR5\MMWB0\SX269.WAV,mmwb0,sx269,dr5
datasets\TIMIT\TRAIN\DR5\MMWB0\SX359.WAV,mmwb0,sx359,dr5
datasets\TIMIT\TRAIN\DR5\MMWB0\SX449.WAV,mmwb0,sx449,dr5
datasets\TIMIT\TRAIN\DR5\MMWB0\SX89.WAV,mmwb0,sx89,dr5
datasets\TIMIT\TRAIN\DR5\MPMB0\SA1.WAV,mpmb0,sa1,dr5
datasets\TIMIT\TRAIN\DR5\MPMB0\SA2.WAV,mpmb0,sa2,dr5
datasets\TIMIT\TRAIN\DR5\MPMB0\SI1501.WAV,mpmb0,si1501,dr5
datasets\TIMIT\TRAIN\DR5\MPMB0\SI2131.WAV,mpmb0,si2131,dr5
datasets\TIMIT\TRAIN\DR5\MPMB0\SI871.WAV,mpmb0,si871,dr5
datasets\TIMIT\TRAIN\DR5\MPMB0\SX151.WAV,mpmb0,sx151,dr5
datasets\TIMIT\TRAIN\DR5\MPMB0\SX241.WAV,mpmb0,sx241,dr5
datasets\TIMIT\TRAIN\DR5\MPMB0\SX331.WAV,mpmb0,sx331,dr5
datasets\TIMIT\TRAIN\DR5\MPMB0\SX421.WAV,mpmb0,sx421,dr5
datasets\TIMIT\TRAIN\DR5\MPMB0\SX61.WAV,mpmb0,sx61,dr5
datasets\TIMIT\TRAIN\DR5\MRAM0\SA1.WAV,mram0,sa1,dr5
datasets\TIMIT\TRAIN\DR5\MRAM0\SA2.WAV,mram0,sa2,dr5
datasets\TIMIT\TRAIN\DR5\MRAM0\SI1275.WAV,mram0,si1275,dr5
datasets\TIMIT\TRAIN\DR5\MRAM0\SI1905.WAV,mram0,si1905,dr5
datasets\TIMIT\TRAIN\DR5\MRAM0\SI1951.WAV,mram0,si1951,dr5
datasets\TIMIT\TRAIN\DR5\MRAM0\SX105.WAV,mram0,sx105,dr5
datasets\TIMIT\TRAIN\DR5\MRAM0\SX15.WAV,mram0,sx15,dr5
datasets\TIMIT\TRAIN\DR5\MRAM0\SX195.WAV,mram0,sx195,dr5
datasets\TIMIT\TRAIN\DR5\MRAM0\SX285.WAV,mram0,sx285,dr5
datasets\TIMIT\TRAIN\DR5\MRAM0\SX375.WAV,mram0,sx375,dr5
datasets\TIMIT\TRAIN\DR5\MRAV0\SA1.WAV,mrav0,sa1,dr5
datasets\TIMIT\TRAIN\DR5\MRAV0\SA2.WAV,mrav0,sa2,dr5
datasets\TIMIT\TRAIN\DR5\MRAV0\SI1008.WAV,mrav0,si1008,dr5
datasets\TIMIT\TRAIN\DR5\MRAV0\SI1638.WAV,mrav0,si1638,dr5
datasets\TIMIT\TRAIN\DR5\MRAV0\SI2268.WAV,mrav0,si2268,dr5
datasets\TIMIT\TRAIN\DR5\MRAV0\SX108.WAV,mrav0,sx108,dr5
datasets\TIMIT\TRAIN\DR5\MRAV0\SX18.WAV,mrav0,sx18,dr5
datasets\TIMIT\TRAIN\DR5\MRAV0\SX198.WAV,mrav0,sx198,dr5
datasets\TIMIT\TRAIN\DR5\MRAV0\SX288.WAV,mrav0,sx288,dr5
datasets\TIMIT\TRAIN\DR5\MRAV0\SX378.WAV,mrav0,sx378,dr5
datasets\TIMIT\TRAIN\DR5\MREW1\SA1.WAV,mrew1,sa1,dr5
datasets\TIMIT\TRAIN\DR5\MREW1\SA2.WAV,mrew1,sa2,dr5
datasets\TIMIT\TRAIN\DR5\MREW1\SI1500.WAV,mrew1,si1500,dr5
datasets\TIMIT\TRAIN\DR5\MREW1\SI2130.WAV,mrew1,si2130,dr5
datasets\TIMIT\TRAIN\DR5\MREW1\SI870.WAV,mrew1,si870,dr5
datasets\TIMIT\TRAIN\DR5\MREW1\SX150.WAV,mrew1,sx150,dr5
datasets\TIMIT\TRAIN\DR5\MREW1\SX240.WAV,mrew1,sx240,dr5
datasets\TIMIT\TRAIN\DR5\MREW1\SX330.WAV,mrew1,sx330,dr5
datasets\TIMIT\TRAIN\DR5\MREW1\SX420.WAV,mrew1,sx420,dr5
datasets\TIMIT\TRAIN\DR5\MREW1\SX60.WAV,mrew1,sx60,dr5
datasets\TIMIT\TRAIN\DR5\MRKM0\SA1.WAV,mrkm0,sa1,dr5
datasets\TIMIT\TRAIN\DR5\MRKM0\SA2.WAV,mrkm0,sa2,dr5
datasets\TIMIT\TRAIN\DR5\MRKM0\SI1267.WAV,mrkm0,si1267,dr5
datasets\TIMIT\TRAIN\DR5\MRKM0\SI1391.WAV,mrkm0,si1391,dr5
datasets\TIMIT\TRAIN\DR5\MRKM0\SI637.WAV,mrkm0,si637,dr5
datasets\TIMIT\TRAIN\DR5\MRKM0\SX187.WAV,mrkm0,sx187,dr5
datasets\TIMIT\TRAIN\DR5\MRKM0\SX277.WAV,mrkm0,sx277,dr5
datasets\TIMIT\TRAIN\DR5\MRKM0\SX367.WAV,mrkm0,sx367,dr5
datasets\TIMIT\TRAIN\DR5\MRKM0\SX7.WAV,mrkm0,sx7,dr5
datasets\TIMIT\TRAIN\DR5\MRKM0\SX97.WAV,mrkm0,sx97,dr5
datasets\TIMIT\TRAIN\DR5\MRLD0\SA1.WAV,mrld0,sa1,dr5
datasets\TIMIT\TRAIN\DR5\MRLD0\SA2.WAV,mrld0,sa2,dr5
datasets\TIMIT\TRAIN\DR5\MRLD0\SI1594.WAV,mrld0,si1594,dr5
datasets\TIMIT\TRAIN\DR5\MRLD0\SI2224.WAV,mrld0,si2224,dr5
datasets\TIMIT\TRAIN\DR5\MRLD0\SI964.WAV,mrld0,si964,dr5
datasets\TIMIT\TRAIN\DR5\MRLD0\SX154.WAV,mrld0,sx154,dr5
datasets\TIMIT\TRAIN\DR5\MRLD0\SX244.WAV,mrld0,sx244,dr5
datasets\TIMIT\TRAIN\DR5\MRLD0\SX334.WAV,mrld0,sx334,dr5
datasets\TIMIT\TRAIN\DR5\MRLD0\SX424.WAV,mrld0,sx424,dr5
datasets\TIMIT\TRAIN\DR5\MRLD0\SX64.WAV,mrld0,sx64,dr5
datasets\TIMIT\TRAIN\DR5\MRVG0\SA1.WAV,mrvg0,sa1,dr5
datasets\TIMIT\TRAIN\DR5\MRVG0\SA2.WAV,mrvg0,sa2,dr5
datasets\TIMIT\TRAIN\DR5\MRVG0\SI1140.WAV,mrvg0,si1140,dr5
datasets\TIMIT\TRAIN\DR5\MRVG0\SI1770.WAV,mrvg0,si1770,dr5
datasets\TIMIT\TRAIN\DR5\MRVG0\SI510.WAV,mrvg0,si510,dr5
datasets\TIMIT\TRAIN\DR5\MRVG0\SX150.WAV,mrvg0,sx150,dr5
datasets\TIMIT\TRAIN\DR5\MRVG0\SX240.WAV,mrvg0,sx240,dr5
datasets\TIMIT\TRAIN\DR5\MRVG0\SX330.WAV,mrvg0,sx330,dr5
datasets\TIMIT\TRAIN\DR5\MRVG0\SX420.WAV,mrvg0,sx420,dr5
datasets\TIMIT\TRAIN\DR5\MRVG0\SX60.WAV,mrvg0,sx60,dr5
datasets\TIMIT\TRAIN\DR5\MSAS0\SA1.WAV,msas0,sa1,dr5
datasets\TIMIT\TRAIN\DR5\MSAS0\SA2.WAV,msas0,sa2,dr5
datasets\TIMIT\TRAIN\DR5\MSAS0\SI1376.WAV,msas0,si1376,dr5
datasets\TIMIT\TRAIN\DR5\MSAS0\SI2006.WAV,msas0,si2006,dr5
datasets\TIMIT\TRAIN\DR5\MSAS0\SI746.WAV,msas0,si746,dr5
datasets\TIMIT\TRAIN\DR5\MSAS0\SX116.WAV,msas0,sx116,dr5
datasets\TIMIT\TRAIN\DR5\MSAS0\SX206.WAV,msas0,sx206,dr5
datasets\TIMIT\TRAIN\DR5\MSAS0\SX26.WAV,msas0,sx26,dr5
datasets\TIMIT\TRAIN\DR5\MSAS0\SX296.WAV,msas0,sx296,dr5
datasets\TIMIT\TRAIN\DR5\MSAS0\SX386.WAV,msas0,sx386,dr5
datasets\TIMIT\TRAIN\DR5\MSDH0\SA1.WAV,msdh0,sa1,dr5
datasets\TIMIT\TRAIN\DR5\MSDH0\SA2.WAV,msdh0,sa2,dr5
datasets\TIMIT\TRAIN\DR5\MSDH0\SI2113.WAV,msdh0,si2113,dr5
datasets\TIMIT\TRAIN\DR5\MSDH0\SI2240.WAV,msdh0,si2240,dr5
datasets\TIMIT\TRAIN\DR5\MSDH0\SI980.WAV,msdh0,si980,dr5
datasets\TIMIT\TRAIN\DR5\MSDH0\SX170.WAV,msdh0,sx170,dr5
datasets\TIMIT\TRAIN\DR5\MSDH0\SX260.WAV,msdh0,sx260,dr5
datasets\TIMIT\TRAIN\DR5\MSDH0\SX350.WAV,msdh0,sx350,dr5
datasets\TIMIT\TRAIN\DR5\MSDH0\SX440.WAV,msdh0,sx440,dr5
datasets\TIMIT\TRAIN\DR5\MSDH0\SX80.WAV,msdh0,sx80,dr5
datasets\TIMIT\TRAIN\DR5\MSEM1\SA1.WAV,msem1,sa1,dr5
datasets\TIMIT\TRAIN\DR5\MSEM1\SA2.WAV,msem1,sa2,dr5
datasets\TIMIT\TRAIN\DR5\MSEM1\SI1440.WAV,msem1,si1440,dr5
datasets\TIMIT\TRAIN\DR5\MSEM1\SI2070.WAV,msem1,si2070,dr5
datasets\TIMIT\TRAIN\DR5\MSEM1\SI810.WAV,msem1,si810,dr5
datasets\TIMIT\TRAIN\DR5\MSEM1\SX180.WAV,msem1,sx180,dr5
datasets\TIMIT\TRAIN\DR5\MSEM1\SX270.WAV,msem1,sx270,dr5
datasets\TIMIT\TRAIN\DR5\MSEM1\SX360.WAV,msem1,sx360,dr5
datasets\TIMIT\TRAIN\DR5\MSEM1\SX450.WAV,msem1,sx450,dr5
datasets\TIMIT\TRAIN\DR5\MSEM1\SX90.WAV,msem1,sx90,dr5
datasets\TIMIT\TRAIN\DR5\MSRR0\SA1.WAV,msrr0,sa1,dr5
datasets\TIMIT\TRAIN\DR5\MSRR0\SA2.WAV,msrr0,sa2,dr5
datasets\TIMIT\TRAIN\DR5\MSRR0\SI1131.WAV,msrr0,si1131,dr5
datasets\TIMIT\TRAIN\DR5\MSRR0\SI1761.WAV,msrr0,si1761,dr5
datasets\TIMIT\TRAIN\DR5\MSRR0\SI501.WAV,msrr0,si501,dr5
datasets\TIMIT\TRAIN\DR5\MSRR0\SX141.WAV,msrr0,sx141,dr5
datasets\TIMIT\TRAIN\DR5\MSRR0\SX231.WAV,msrr0,sx231,dr5
datasets\TIMIT\TRAIN\DR5\MSRR0\SX30.WAV,msrr0,sx30,dr5
datasets\TIMIT\TRAIN\DR5\MSRR0\SX411.WAV,msrr0,sx411,dr5
datasets\TIMIT\TRAIN\DR5\MSRR0\SX51.WAV,msrr0,sx51,dr5
datasets\TIMIT\TRAIN\DR5\MTAT0\SA1.WAV,mtat0,sa1,dr5
datasets\TIMIT\TRAIN\DR5\MTAT0\SA2.WAV,mtat0,sa2,dr5
datasets\TIMIT\TRAIN\DR5\MTAT0\SI1110.WAV,mtat0,si1110,dr5
datasets\TIMIT\TRAIN\DR5\MTAT0\SI1740.WAV,mtat0,si1740,dr5
datasets\TIMIT\TRAIN\DR5\MTAT0\SI811.WAV,mtat0,si811,dr5
datasets\TIMIT\TRAIN\DR5\MTAT0\SX120.WAV,mtat0,sx120,dr5
datasets\TIMIT\TRAIN\DR5\MTAT0\SX210.WAV,mtat0,sx210,dr5
datasets\TIMIT\TRAIN\DR5\MTAT0\SX30.WAV,mtat0,sx30,dr5
datasets\TIMIT\TRAIN\DR5\MTAT0\SX300.WAV,mtat0,sx300,dr5
datasets\TIMIT\TRAIN\DR5\MTAT0\SX390.WAV,mtat0,sx390,dr5
datasets\TIMIT\TRAIN\DR5\MTDP0\SA1.WAV,mtdp0,sa1,dr5
datasets\TIMIT\TRAIN\DR5\MTDP0\SA2.WAV,mtdp0,sa2,dr5
datasets\TIMIT\TRAIN\DR5\MTDP0\SI1274.WAV,mtdp0,si1274,dr5
datasets\TIMIT\TRAIN\DR5\MTDP0\SI1521.WAV,mtdp0,si1521,dr5
datasets\TIMIT\TRAIN\DR5\MTDP0\SI2151.WAV,mtdp0,si2151,dr5
datasets\TIMIT\TRAIN\DR5\MTDP0\SX171.WAV,mtdp0,sx171,dr5
datasets\TIMIT\TRAIN\DR5\MTDP0\SX261.WAV,mtdp0,sx261,dr5
datasets\TIMIT\TRAIN\DR5\MTDP0\SX351.WAV,mtdp0,sx351,dr5
datasets\TIMIT\TRAIN\DR5\MTDP0\SX441.WAV,mtdp0,sx441,dr5
datasets\TIMIT\TRAIN\DR5\MTDP0\SX81.WAV,mtdp0,sx81,dr5
datasets\TIMIT\TRAIN\DR5\MTMT0\SA1.WAV,mtmt0,sa1,dr5
datasets\TIMIT\TRAIN\DR5\MTMT0\SA2.WAV,mtmt0,sa2,dr5
datasets\TIMIT\TRAIN\DR5\MTMT0\SI1118.WAV,mtmt0,si1118,dr5
datasets\TIMIT\TRAIN\DR5\MTMT0\SI1748.WAV,mtmt0,si1748,dr5
datasets\TIMIT\TRAIN\DR5\MTMT0\SI488.WAV,mtmt0,si488,dr5
datasets\TIMIT\TRAIN\DR5\MTMT0\SX128.WAV,mtmt0,sx128,dr5
datasets\TIMIT\TRAIN\DR5\MTMT0\SX218.WAV,mtmt0,sx218,dr5
datasets\TIMIT\TRAIN\DR5\MTMT0\SX308.WAV,mtmt0,sx308,dr5
datasets\TIMIT\TRAIN\DR5\MTMT0\SX38.WAV,mtmt0,sx38,dr5
datasets\TIMIT\TRAIN\DR5\MTMT0\SX398.WAV,mtmt0,sx398,dr5
datasets\TIMIT\TRAIN\DR5\MVLO0\SA1.WAV,mvlo0,sa1,dr5
datasets\TIMIT\TRAIN\DR5\MVLO0\SA2.WAV,mvlo0,sa2,dr5
datasets\TIMIT\TRAIN\DR5\MVLO0\SI1147.WAV,mvlo0,si1147,dr5
datasets\TIMIT\TRAIN\DR5\MVLO0\SI1777.WAV,mvlo0,si1777,dr5
datasets\TIMIT\TRAIN\DR5\MVLO0\SI517.WAV,mvlo0,si517,dr5
datasets\TIMIT\TRAIN\DR5\MVLO0\SX157.WAV,mvlo0,sx157,dr5
datasets\TIMIT\TRAIN\DR5\MVLO0\SX247.WAV,mvlo0,sx247,dr5
datasets\TIMIT\TRAIN\DR5\MVLO0\SX337.WAV,mvlo0,sx337,dr5
datasets\TIMIT\TRAIN\DR5\MVLO0\SX427.WAV,mvlo0,sx427,dr5
datasets\TIMIT\TRAIN\DR5\MVLO0\SX67.WAV,mvlo0,sx67,dr5
datasets\TIMIT\TRAIN\DR5\MWCH0\SA1.WAV,mwch0,sa1,dr5
datasets\TIMIT\TRAIN\DR5\MWCH0\SA2.WAV,mwch0,sa2,dr5
datasets\TIMIT\TRAIN\DR5\MWCH0\SI1622.WAV,mwch0,si1622,dr5
datasets\TIMIT\TRAIN\DR5\MWCH0\SI1895.WAV,mwch0,si1895,dr5
datasets\TIMIT\TRAIN\DR5\MWCH0\SI2252.WAV,mwch0,si2252,dr5
datasets\TIMIT\TRAIN\DR5\MWCH0\SX182.WAV,mwch0,sx182,dr5
datasets\TIMIT\TRAIN\DR5\MWCH0\SX272.WAV,mwch0,sx272,dr5
datasets\TIMIT\TRAIN\DR5\MWCH0\SX362.WAV,mwch0,sx362,dr5
datasets\TIMIT\TRAIN\DR5\MWCH0\SX452.WAV,mwch0,sx452,dr5
datasets\TIMIT\TRAIN\DR5\MWCH0\SX92.WAV,mwch0,sx92,dr5
datasets\TIMIT\TRAIN\DR5\MWEM0\SA1.WAV,mwem0,sa1,dr5
datasets\TIMIT\TRAIN\DR5\MWEM0\SA2.WAV,mwem0,sa2,dr5
datasets\TIMIT\TRAIN\DR5\MWEM0\SI1320.WAV,mwem0,si1320,dr5
datasets\TIMIT\TRAIN\DR5\MWEM0\SI1393.WAV,mwem0,si1393,dr5
datasets\TIMIT\TRAIN\DR5\MWEM0\SI1950.WAV,mwem0,si1950,dr5
datasets\TIMIT\TRAIN\DR5\MWEM0\SX150.WAV,mwem0,sx150,dr5
datasets\TIMIT\TRAIN\DR5\MWEM0\SX240.WAV,mwem0,sx240,dr5
datasets\TIMIT\TRAIN\DR5\MWEM0\SX330.WAV,mwem0,sx330,dr5
datasets\TIMIT\TRAIN\DR5\MWEM0\SX420.WAV,mwem0,sx420,dr5
datasets\TIMIT\TRAIN\DR5\MWEM0\SX60.WAV,mwem0,sx60,dr5
datasets\TIMIT\TRAIN\DR5\MWSH0\SA1.WAV,mwsh0,sa1,dr5
datasets\TIMIT\TRAIN\DR5\MWSH0\SA2.WAV,mwsh0,sa2,dr5
datasets\TIMIT\TRAIN\DR5\MWSH0\SI1426.WAV,mwsh0,si1426,dr5
datasets\TIMIT\TRAIN\DR5\MWSH0\SI2266.WAV,mwsh0,si2266,dr5
datasets\TIMIT\TRAIN\DR5\MWSH0\SI796.WAV,mwsh0,si796,dr5
datasets\TIMIT\TRAIN\DR5\MWSH0\SX166.WAV,mwsh0,sx166,dr5
datasets\TIMIT\TRAIN\DR5\MWSH0\SX256.WAV,mwsh0,sx256,dr5
datasets\TIMIT\TRAIN\DR5\MWSH0\SX346.WAV,mwsh0,sx346,dr5
datasets\TIMIT\TRAIN\DR5\MWSH0\SX436.WAV,mwsh0,sx436,dr5
datasets\TIMIT\TRAIN\DR5\MWSH0\SX76.WAV,mwsh0,sx76,dr5
datasets\TIMIT\TRAIN\DR6\FAPB0\SA1.WAV,fapb0,sa1,dr6
datasets\TIMIT\TRAIN\DR6\FAPB0\SA2.WAV,fapb0,sa2,dr6
datasets\TIMIT\TRAIN\DR6\FAPB0\SI1063.WAV,fapb0,si1063,dr6
datasets\TIMIT\TRAIN\DR6\FAPB0\SI1693.WAV,fapb0,si1693,dr6
datasets\TIMIT\TRAIN\DR6\FAPB0\SI2323.WAV,fapb0,si2323,dr6
datasets\TIMIT\TRAIN\DR6\FAPB0\SX163.WAV,fapb0,sx163,dr6
datasets\TIMIT\TRAIN\DR6\FAPB0\SX253.WAV,fapb0,sx253,dr6
datasets\TIMIT\TRAIN\DR6\FAPB0\SX343.WAV,fapb0,sx343,dr6
datasets\TIMIT\TRAIN\DR6\FAPB0\SX433.WAV,fapb0,sx433,dr6
datasets\TIMIT\TRAIN\DR6\FAPB0\SX73.WAV,fapb0,sx73,dr6
datasets\TIMIT\TRAIN\DR6\FBCH0\SA1.WAV,fbch0,sa1,dr6
datasets\TIMIT\TRAIN\DR6\FBCH0\SA2.WAV,fbch0,sa2,dr6
datasets\TIMIT\TRAIN\DR6\FBCH0\SI1586.WAV,fbch0,si1586,dr6
datasets\TIMIT\TRAIN\DR6\FBCH0\SI956.WAV,fbch0,si956,dr6
datasets\TIMIT\TRAIN\DR6\FBCH0\SI959.WAV,fbch0,si959,dr6
datasets\TIMIT\TRAIN\DR6\FBCH0\SX146.WAV,fbch0,sx146,dr6
datasets\TIMIT\TRAIN\DR6\FBCH0\SX236.WAV,fbch0,sx236,dr6
datasets\TIMIT\TRAIN\DR6\FBCH0\SX326.WAV,fbch0,sx326,dr6
datasets\TIMIT\TRAIN\DR6\FBCH0\SX416.WAV,fbch0,sx416,dr6
datasets\TIMIT\TRAIN\DR6\FBCH0\SX56.WAV,fbch0,sx56,dr6
datasets\TIMIT\TRAIN\DR6\FHXS0\SA1.WAV,fhxs0,sa1,dr6
datasets\TIMIT\TRAIN\DR6\FHXS0\SA2.WAV,fhxs0,sa2,dr6
datasets\TIMIT\TRAIN\DR6\FHXS0\SI1075.WAV,fhxs0,si1075,dr6
datasets\TIMIT\TRAIN\DR6\FHXS0\SI2302.WAV,fhxs0,si2302,dr6
datasets\TIMIT\TRAIN\DR6\FHXS0\SI2335.WAV,fhxs0,si2335,dr6
datasets\TIMIT\TRAIN\DR6\FHXS0\SX175.WAV,fhxs0,sx175,dr6
datasets\TIMIT\TRAIN\DR6\FHXS0\SX265.WAV,fhxs0,sx265,dr6
datasets\TIMIT\TRAIN\DR6\FHXS0\SX355.WAV,fhxs0,sx355,dr6
datasets\TIMIT\TRAIN\DR6\FHXS0\SX445.WAV,fhxs0,sx445,dr6
datasets\TIMIT\TRAIN\DR6\FHXS0\SX85.WAV,fhxs0,sx85,dr6
datasets\TIMIT\TRAIN\DR6\FJDM2\SA1.WAV,fjdm2,sa1,dr6
datasets\TIMIT\TRAIN\DR6\FJDM2\SA2.WAV,fjdm2,sa2,dr6
datasets\TIMIT\TRAIN\DR6\FJDM2\SI1582.WAV,fjdm2,si1582,dr6
datasets\TIMIT\TRAIN\DR6\FJDM2\SI1964.WAV,fjdm2,si1964,dr6
datasets\TIMIT\TRAIN\DR6\FJDM2\SI2212.WAV,fjdm2,si2212,dr6
datasets\TIMIT\TRAIN\DR6\FJDM2\SX142.WAV,fjdm2,sx142,dr6
datasets\TIMIT\TRAIN\DR6\FJDM2\SX232.WAV,fjdm2,sx232,dr6
datasets\TIMIT\TRAIN\DR6\FJDM2\SX322.WAV,fjdm2,sx322,dr6
datasets\TIMIT\TRAIN\DR6\FJDM2\SX412.WAV,fjdm2,sx412,dr6
datasets\TIMIT\TRAIN\DR6\FJDM2\SX52.WAV,fjdm2,sx52,dr6
datasets\TIMIT\TRAIN\DR6\FKLC1\SA1.WAV,fklc1,sa1,dr6
datasets\TIMIT\TRAIN\DR6\FKLC1\SA2.WAV,fklc1,sa2,dr6
datasets\TIMIT\TRAIN\DR6\FKLC1\SI1048.WAV,fklc1,si1048,dr6
datasets\TIMIT\TRAIN\DR6\FKLC1\SI1678.WAV,fklc1,si1678,dr6
datasets\TIMIT\TRAIN\DR6\FKLC1\SI2308.WAV,fklc1,si2308,dr6
datasets\TIMIT\TRAIN\DR6\FKLC1\SX148.WAV,fklc1,sx148,dr6
datasets\TIMIT\TRAIN\DR6\FKLC1\SX238.WAV,fklc1,sx238,dr6
datasets\TIMIT\TRAIN\DR6\FKLC1\SX328.WAV,fklc1,sx328,dr6
datasets\TIMIT\TRAIN\DR6\FKLC1\SX418.WAV,fklc1,sx418,dr6
datasets\TIMIT\TRAIN\DR6\FKLC1\SX58.WAV,fklc1,sx58,dr6
datasets\TIMIT\TRAIN\DR6\FLAG0\SA1.WAV,flag0,sa1,dr6
datasets\TIMIT\TRAIN\DR6\FLAG0\SA2.WAV,flag0,sa2,dr6
datasets\TIMIT\TRAIN\DR6\FLAG0\SI1464.WAV,flag0,si1464,dr6
datasets\TIMIT\TRAIN\DR6\FLAG0\SI2094.WAV,flag0,si2094,dr6
datasets\TIMIT\TRAIN\DR6\FLAG0\SI834.WAV,flag0,si834,dr6
datasets\TIMIT\TRAIN\DR6\FLAG0\SX114.WAV,flag0,sx114,dr6
datasets\TIMIT\TRAIN\DR6\FLAG0\SX204.WAV,flag0,sx204,dr6
datasets\TIMIT\TRAIN\DR6\FLAG0\SX24.WAV,flag0,sx24,dr6
datasets\TIMIT\TRAIN\DR6\FLAG0\SX294.WAV,flag0,sx294,dr6
datasets\TIMIT\TRAIN\DR6\FLAG0\SX384.WAV,flag0,sx384,dr6
datasets\TIMIT\TRAIN\DR6\FMJU0\SA1.WAV,fmju0,sa1,dr6
datasets\TIMIT\TRAIN\DR6\FMJU0\SA2.WAV,fmju0,sa2,dr6
datasets\TIMIT\TRAIN\DR6\FMJU0\SI1389.WAV,fmju0,si1389,dr6
datasets\TIMIT\TRAIN\DR6\FMJU0\SI2019.WAV,fmju0,si2019,dr6
datasets\TIMIT\TRAIN\DR6\FMJU0\SI759.WAV,fmju0,si759,dr6
datasets\TIMIT\TRAIN\DR6\FMJU0\SX129.WAV,fmju0,sx129,dr6
datasets\TIMIT\TRAIN\DR6\FMJU0\SX219.WAV,fmju0,sx219,dr6
datasets\TIMIT\TRAIN\DR6\FMJU0\SX309.WAV,fmju0,sx309,dr6
datasets\TIMIT\TRAIN\DR6\FMJU0\SX39.WAV,fmju0,sx39,dr6
datasets\TIMIT\TRAIN\DR6\FMJU0\SX399.WAV,fmju0,sx399,dr6
datasets\TIMIT\TRAIN\DR6\FPAD0\SA1.WAV,fpad0,sa1,dr6
datasets\TIMIT\TRAIN\DR6\FPAD0\SA2.WAV,fpad0,sa2,dr6
datasets\TIMIT\TRAIN\DR6\FPAD0\SI1346.WAV,fpad0,si1346,dr6
datasets\TIMIT\TRAIN\DR6\FPAD0\SI1976.WAV,fpad0,si1976,dr6
datasets\TIMIT\TRAIN\DR6\FPAD0\SI716.WAV,fpad0,si716,dr6
datasets\TIMIT\TRAIN\DR6\FPAD0\SX176.WAV,fpad0,sx176,dr6
datasets\TIMIT\TRAIN\DR6\FPAD0\SX266.WAV,fpad0,sx266,dr6
datasets\TIMIT\TRAIN\DR6\FPAD0\SX356.WAV,fpad0,sx356,dr6
datasets\TIMIT\TRAIN\DR6\FPAD0\SX446.WAV,fpad0,sx446,dr6
datasets\TIMIT\TRAIN\DR6\FPAD0\SX86.WAV,fpad0,sx86,dr6
datasets\TIMIT\TRAIN\DR6\FRJB0\SA1.WAV,frjb0,sa1,dr6
datasets\TIMIT\TRAIN\DR6\FRJB0\SA2.WAV,frjb0,sa2,dr6
datasets\TIMIT\TRAIN\DR6\FRJB0\SI1427.WAV,frjb0,si1427,dr6
datasets\TIMIT\TRAIN\DR6\FRJB0\SI1470.WAV,frjb0,si1470,dr6
datasets\TIMIT\TRAIN\DR6\FRJB0\SI1794.WAV,frjb0,si1794,dr6
datasets\TIMIT\TRAIN\DR6\FRJB0\SX167.WAV,frjb0,sx167,dr6
datasets\TIMIT\TRAIN\DR6\FRJB0\SX257.WAV,frjb0,sx257,dr6
datasets\TIMIT\TRAIN\DR6\FRJB0\SX347.WAV,frjb0,sx347,dr6
datasets\TIMIT\TRAIN\DR6\FRJB0\SX437.WAV,frjb0,sx437,dr6
datasets\TIMIT\TRAIN\DR6\FRJB0\SX77.WAV,frjb0,sx77,dr6
datasets\TIMIT\TRAIN\DR6\FSBK0\SA1.WAV,fsbk0,sa1,dr6
datasets\TIMIT\TRAIN\DR6\FSBK0\SA2.WAV,fsbk0,sa2,dr6
datasets\TIMIT\TRAIN\DR6\FSBK0\SI1069.WAV,fsbk0,si1069,dr6
datasets\TIMIT\TRAIN\DR6\FSBK0\SI1699.WAV,fsbk0,si1699,dr6
datasets\TIMIT\TRAIN\DR6\FSBK0\SI2329.WAV,fsbk0,si2329,dr6
datasets\TIMIT\TRAIN\DR6\FSBK0\SX169.WAV,fsbk0,sx169,dr6
datasets\TIMIT\TRAIN\DR6\FSBK0\SX259.WAV,fsbk0,sx259,dr6
datasets\TIMIT\TRAIN\DR6\FSBK0\SX349.WAV,fsbk0,sx349,dr6
datasets\TIMIT\TRAIN\DR6\FSBK0\SX439.WAV,fsbk0,sx439,dr6
datasets\TIMIT\TRAIN\DR6\FSBK0\SX79.WAV,fsbk0,sx79,dr6
datasets\TIMIT\TRAIN\DR6\FSDJ0\SA1.WAV,fsdj0,sa1,dr6
datasets\TIMIT\TRAIN\DR6\FSDJ0\SA2.WAV,fsdj0,sa2,dr6
datasets\TIMIT\TRAIN\DR6\FSDJ0\SI1115.WAV,fsdj0,si1115,dr6
datasets\TIMIT\TRAIN\DR6\FSDJ0\SI1745.WAV,fsdj0,si1745,dr6
datasets\TIMIT\TRAIN\DR6\FSDJ0\SI485.WAV,fsdj0,si485,dr6
datasets\TIMIT\TRAIN\DR6\FSDJ0\SX125.WAV,fsdj0,sx125,dr6
datasets\TIMIT\TRAIN\DR6\FSDJ0\SX215.WAV,fsdj0,sx215,dr6
datasets\TIMIT\TRAIN\DR6\FSDJ0\SX305.WAV,fsdj0,sx305,dr6
datasets\TIMIT\TRAIN\DR6\FSDJ0\SX35.WAV,fsdj0,sx35,dr6
datasets\TIMIT\TRAIN\DR6\FSDJ0\SX395.WAV,fsdj0,sx395,dr6
datasets\TIMIT\TRAIN\DR6\FSGF0\SA1.WAV,fsgf0,sa1,dr6
datasets\TIMIT\TRAIN\DR6\FSGF0\SA2.WAV,fsgf0,sa2,dr6
datasets\TIMIT\TRAIN\DR6\FSGF0\SI1557.WAV,fsgf0,si1557,dr6
datasets\TIMIT\TRAIN\DR6\FSGF0\SI2187.WAV,fsgf0,si2187,dr6
datasets\TIMIT\TRAIN\DR6\FSGF0\SI927.WAV,fsgf0,si927,dr6
datasets\TIMIT\TRAIN\DR6\FSGF0\SX117.WAV,fsgf0,sx117,dr6
datasets\TIMIT\TRAIN\DR6\FSGF0\SX207.WAV,fsgf0,sx207,dr6
datasets\TIMIT\TRAIN\DR6\FSGF0\SX27.WAV,fsgf0,sx27,dr6
datasets\TIMIT\TRAIN\DR6\FSGF0\SX297.WAV,fsgf0,sx297,dr6
datasets\TIMIT\TRAIN\DR6\FSGF0\SX387.WAV,fsgf0,sx387,dr6
datasets\TIMIT\TRAIN\DR6\FTAJ0\SA1.WAV,ftaj0,sa1,dr6
datasets\TIMIT\TRAIN\DR6\FTAJ0\SA2.WAV,ftaj0,sa2,dr6
datasets\TIMIT\TRAIN\DR6\FTAJ0\SI1329.WAV,ftaj0,si1329,dr6
datasets\TIMIT\TRAIN\DR6\FTAJ0\SI474.WAV,ftaj0,si474,dr6
datasets\TIMIT\TRAIN\DR6\FTAJ0\SI699.WAV,ftaj0,si699,dr6
datasets\TIMIT\TRAIN\DR6\FTAJ0\SX159.WAV,ftaj0,sx159,dr6
datasets\TIMIT\TRAIN\DR6\FTAJ0\SX249.WAV,ftaj0,sx249,dr6
datasets\TIMIT\TRAIN\DR6\FTAJ0\SX339.WAV,ftaj0,sx339,dr6
datasets\TIMIT\TRAIN\DR6\FTAJ0\SX429.WAV,ftaj0,sx429,dr6
datasets\TIMIT\TRAIN\DR6\FTAJ0\SX69.WAV,ftaj0,sx69,dr6
datasets\TIMIT\TRAIN\DR6\MABC0\SA1.WAV,mabc0,sa1,dr6
datasets\TIMIT\TRAIN\DR6\MABC0\SA2.WAV,mabc0,sa2,dr6
datasets\TIMIT\TRAIN\DR6\MABC0\SI1620.WAV,mabc0,si1620,dr6
datasets\TIMIT\TRAIN\DR6\MABC0\SI2041.WAV,mabc0,si2041,dr6
datasets\TIMIT\TRAIN\DR6\MABC0\SI781.WAV,mabc0,si781,dr6
datasets\TIMIT\TRAIN\DR6\MABC0\SX151.WAV,mabc0,sx151,dr6
datasets\TIMIT\TRAIN\DR6\MABC0\SX241.WAV,mabc0,sx241,dr6
datasets\TIMIT\TRAIN\DR6\MABC0\SX331.WAV,mabc0,sx331,dr6
datasets\TIMIT\TRAIN\DR6\MABC0\SX421.WAV,mabc0,sx421,dr6
datasets\TIMIT\TRAIN\DR6\MABC0\SX61.WAV,mabc0,sx61,dr6
datasets\TIMIT\TRAIN\DR6\MAJP0\SA1.WAV,majp0,sa1,dr6
datasets\TIMIT\TRAIN\DR6\MAJP0\SA2.WAV,majp0,sa2,dr6
datasets\TIMIT\TRAIN\DR6\MAJP0\SI1074.WAV,majp0,si1074,dr6
datasets\TIMIT\TRAIN\DR6\MAJP0\SI1704.WAV,majp0,si1704,dr6
datasets\TIMIT\TRAIN\DR6\MAJP0\SI2334.WAV,majp0,si2334,dr6
datasets\TIMIT\TRAIN\DR6\MAJP0\SX174.WAV,majp0,sx174,dr6
datasets\TIMIT\TRAIN\DR6\MAJP0\SX264.WAV,majp0,sx264,dr6
datasets\TIMIT\TRAIN\DR6\MAJP0\SX354.WAV,majp0,sx354,dr6
datasets\TIMIT\TRAIN\DR6\MAJP0\SX444.WAV,majp0,sx444,dr6
datasets\TIMIT\TRAIN\DR6\MAJP0\SX84.WAV,majp0,sx84,dr6
datasets\TIMIT\TRAIN\DR6\MBMA1\SA1.WAV,mbma1,sa1,dr6
datasets\TIMIT\TRAIN\DR6\MBMA1\SA2.WAV,mbma1,sa2,dr6
datasets\TIMIT\TRAIN\DR6\MBMA1\SI2207.WAV,mbma1,si2207,dr6
datasets\TIMIT\TRAIN\DR6\MBMA1\SI2214.WAV,mbma1,si2214,dr6
datasets\TIMIT\TRAIN\DR6\MBMA1\SI954.WAV,mbma1,si954,dr6
datasets\TIMIT\TRAIN\DR6\MBMA1\SX144.WAV,mbma1,sx144,dr6
datasets\TIMIT\TRAIN\DR6\MBMA1\SX234.WAV,mbma1,sx234,dr6
datasets\TIMIT\TRAIN\DR6\MBMA1\SX324.WAV,mbma1,sx324,dr6
datasets\TIMIT\TRAIN\DR6\MBMA1\SX414.WAV,mbma1,sx414,dr6
datasets\TIMIT\TRAIN\DR6\MBMA1\SX54.WAV,mbma1,sx54,dr6
datasets\TIMIT\TRAIN\DR6\MCAE0\SA1.WAV,mcae0,sa1,dr6
datasets\TIMIT\TRAIN\DR6\MCAE0\SA2.WAV,mcae0,sa2,dr6
datasets\TIMIT\TRAIN\DR6\MCAE0\SI1447.WAV,mcae0,si1447,dr6
datasets\TIMIT\TRAIN\DR6\MCAE0\SI2077.WAV,mcae0,si2077,dr6
datasets\TIMIT\TRAIN\DR6\MCAE0\SI817.WAV,mcae0,si817,dr6
datasets\TIMIT\TRAIN\DR6\MCAE0\SX187.WAV,mcae0,sx187,dr6
datasets\TIMIT\TRAIN\DR6\MCAE0\SX277.WAV,mcae0,sx277,dr6
datasets\TIMIT\TRAIN\DR6\MCAE0\SX367.WAV,mcae0,sx367,dr6
datasets\TIMIT\TRAIN\DR6\MCAE0\SX7.WAV,mcae0,sx7,dr6
datasets\TIMIT\TRAIN\DR6\MCAE0\SX97.WAV,mcae0,sx97,dr6
datasets\TIMIT\TRAIN\DR6\MDRD0\SA1.WAV,mdrd0,sa1,dr6
datasets\TIMIT\TRAIN\DR6\MDRD0\SA2.WAV,mdrd0,sa2,dr6
datasets\TIMIT\TRAIN\DR6\MDRD0\SI1382.WAV,mdrd0,si1382,dr6
datasets\TIMIT\TRAIN\DR6\MDRD0\SI2012.WAV,mdrd0,si2012,dr6
datasets\TIMIT\TRAIN\DR6\MDRD0\SI752.WAV,mdrd0,si752,dr6
datasets\TIMIT\TRAIN\DR6\MDRD0\SX122.WAV,mdrd0,sx122,dr6
datasets\TIMIT\TRAIN\DR6\MDRD0\SX212.WAV,mdrd0,sx212,dr6
datasets\TIMIT\TRAIN\DR6\MDRD0\SX302.WAV,mdrd0,sx302,dr6
datasets\TIMIT\TRAIN\DR6\MDRD0\SX32.WAV,mdrd0,sx32,dr6
datasets\TIMIT\TRAIN\DR6\MDRD0\SX392.WAV,mdrd0,sx392,dr6
datasets\TIMIT\TRAIN\DR6\MEAL0\SA1.WAV,meal0,sa1,dr6
datasets\TIMIT\TRAIN\DR6\MEAL0\SA2.WAV,meal0,sa2,dr6
datasets\TIMIT\TRAIN\DR6\MEAL0\SI1547.WAV,meal0,si1547,dr6
datasets\TIMIT\TRAIN\DR6\MEAL0\SI2177.WAV,meal0,si2177,dr6
datasets\TIMIT\TRAIN\DR6\MEAL0\SI917.WAV,meal0,si917,dr6
datasets\TIMIT\TRAIN\DR6\MEAL0\SX107.WAV,meal0,sx107,dr6
datasets\TIMIT\TRAIN\DR6\MEAL0\SX197.WAV,meal0,sx197,dr6
datasets\TIMIT\TRAIN\DR6\MEAL0\SX287.WAV,meal0,sx287,dr6
datasets\TIMIT\TRAIN\DR6\MEAL0\SX347.WAV,meal0,sx347,dr6
datasets\TIMIT\TRAIN\DR6\MEAL0\SX377.WAV,meal0,sx377,dr6
datasets\TIMIT\TRAIN\DR6\MEJL0\SA1.WAV,mejl0,sa1,dr6
datasets\TIMIT\TRAIN\DR6\MEJL0\SA2.WAV,mejl0,sa2,dr6
datasets\TIMIT\TRAIN\DR6\MEJL0\SI1592.WAV,mejl0,si1592,dr6
datasets\TIMIT\TRAIN\DR6\MEJL0\SI1654.WAV,mejl0,si1654,dr6
datasets\TIMIT\TRAIN\DR6\MEJL0\SI962.WAV,mejl0,si962,dr6
datasets\TIMIT\TRAIN\DR6\MEJL0\SX152.WAV,mejl0,sx152,dr6
datasets\TIMIT\TRAIN\DR6\MEJL0\SX242.WAV,mejl0,sx242,dr6
datasets\TIMIT\TRAIN\DR6\MEJL0\SX332.WAV,mejl0,sx332,dr6
datasets\TIMIT\TRAIN\DR6\MEJL0\SX422.WAV,mejl0,sx422,dr6
datasets\TIMIT\TRAIN\DR6\MEJL0\SX62.WAV,mejl0,sx62,dr6
datasets\TIMIT\TRAIN\DR6\MESJ0\SA1.WAV,mesj0,sa1,dr6
datasets\TIMIT\TRAIN\DR6\MESJ0\SA2.WAV,mesj0,sa2,dr6
datasets\TIMIT\TRAIN\DR6\MESJ0\SI2039.WAV,mesj0,si2039,dr6
datasets\TIMIT\TRAIN\DR6\MESJ0\SI2257.WAV,mesj0,si2257,dr6
datasets\TIMIT\TRAIN\DR6\MESJ0\SI997.WAV,mesj0,si997,dr6
datasets\TIMIT\TRAIN\DR6\MESJ0\SX187.WAV,mesj0,sx187,dr6
datasets\TIMIT\TRAIN\DR6\MESJ0\SX277.WAV,mesj0,sx277,dr6
datasets\TIMIT\TRAIN\DR6\MESJ0\SX367.WAV,mesj0,sx367,dr6
datasets\TIMIT\TRAIN\DR6\MESJ0\SX7.WAV,mesj0,sx7,dr6
datasets\TIMIT\TRAIN\DR6\MESJ0\SX97.WAV,mesj0,sx97,dr6
datasets\TIMIT\TRAIN\DR6\MJRK0\SA1.WAV,mjrk0,sa1,dr6
datasets\TIMIT\TRAIN\DR6\MJRK0\SA2.WAV,mjrk0,sa2,dr6
datasets\TIMIT\TRAIN\DR6\MJRK0\SI1662.WAV,mjrk0,si1662,dr6
datasets\TIMIT\TRAIN\DR6\MJRK0\SI2103.WAV,mjrk0,si2103,dr6
datasets\TIMIT\TRAIN\DR6\MJRK0\SI880.WAV,mjrk0,si880,dr6
datasets\TIMIT\TRAIN\DR6\MJRK0\SX160.WAV,mjrk0,sx160,dr6
datasets\TIMIT\TRAIN\DR6\MJRK0\SX250.WAV,mjrk0,sx250,dr6
datasets\TIMIT\TRAIN\DR6\MJRK0\SX340.WAV,mjrk0,sx340,dr6
datasets\TIMIT\TRAIN\DR6\MJRK0\SX430.WAV,mjrk0,sx430,dr6
datasets\TIMIT\TRAIN\DR6\MJRK0\SX70.WAV,mjrk0,sx70,dr6
datasets\TIMIT\TRAIN\DR6\MKES0\SA1.WAV,mkes0,sa1,dr6
datasets\TIMIT\TRAIN\DR6\MKES0\SA2.WAV,mkes0,sa2,dr6
datasets\TIMIT\TRAIN\DR6\MKES0\SI1253.WAV,mkes0,si1253,dr6
datasets\TIMIT\TRAIN\DR6\MKES0\SI1883.WAV,mkes0,si1883,dr6
datasets\TIMIT\TRAIN\DR6\MKES0\SI623.WAV,mkes0,si623,dr6
datasets\TIMIT\TRAIN\DR6\MKES0\SX173.WAV,mkes0,sx173,dr6
datasets\TIMIT\TRAIN\DR6\MKES0\SX263.WAV,mkes0,sx263,dr6
datasets\TIMIT\TRAIN\DR6\MKES0\SX353.WAV,mkes0,sx353,dr6
datasets\TIMIT\TRAIN\DR6\MKES0\SX443.WAV,mkes0,sx443,dr6
datasets\TIMIT\TRAIN\DR6\MKES0\SX83.WAV,mkes0,sx83,dr6
datasets\TIMIT\TRAIN\DR6\MKLN0\SA1.WAV,mkln0,sa1,dr6
datasets\TIMIT\TRAIN\DR6\MKLN0\SA2.WAV,mkln0,sa2,dr6
datasets\TIMIT\TRAIN\DR6\MKLN0\SI1598.WAV,mkln0,si1598,dr6
datasets\TIMIT\TRAIN\DR6\MKLN0\SI2228.WAV,mkln0,si2228,dr6
datasets\TIMIT\TRAIN\DR6\MKLN0\SI968.WAV,mkln0,si968,dr6
datasets\TIMIT\TRAIN\DR6\MKLN0\SX158.WAV,mkln0,sx158,dr6
datasets\TIMIT\TRAIN\DR6\MKLN0\SX248.WAV,mkln0,sx248,dr6
datasets\TIMIT\TRAIN\DR6\MKLN0\SX338.WAV,mkln0,sx338,dr6
datasets\TIMIT\TRAIN\DR6\MKLN0\SX428.WAV,mkln0,sx428,dr6
datasets\TIMIT\TRAIN\DR6\MKLN0\SX68.WAV,mkln0,sx68,dr6
datasets\TIMIT\TRAIN\DR6\MMDB0\SA1.WAV,mmdb0,sa1,dr6
datasets\TIMIT\TRAIN\DR6\MMDB0\SA2.WAV,mmdb0,sa2,dr6
datasets\TIMIT\TRAIN\DR6\MMDB0\SI1358.WAV,mmdb0,si1358,dr6
datasets\TIMIT\TRAIN\DR6\MMDB0\SI1617.WAV,mmdb0,si1617,dr6
datasets\TIMIT\TRAIN\DR6\MMDB0\SI987.WAV,mmdb0,si987,dr6
datasets\TIMIT\TRAIN\DR6\MMDB0\SX177.WAV,mmdb0,sx177,dr6
datasets\TIMIT\TRAIN\DR6\MMDB0\SX267.WAV,mmdb0,sx267,dr6
datasets\TIMIT\TRAIN\DR6\MMDB0\SX357.WAV,mmdb0,sx357,dr6
datasets\TIMIT\TRAIN\DR6\MMDB0\SX447.WAV,mmdb0,sx447,dr6
datasets\TIMIT\TRAIN\DR6\MMDB0\SX87.WAV,mmdb0,sx87,dr6
datasets\TIMIT\TRAIN\DR6\MRMB0\SA1.WAV,mrmb0,sa1,dr6
datasets\TIMIT\TRAIN\DR6\MRMB0\SA2.WAV,mrmb0,sa2,dr6
datasets\TIMIT\TRAIN\DR6\MRMB0\SI1581.WAV,mrmb0,si1581,dr6
datasets\TIMIT\TRAIN\DR6\MRMB0\SI2211.WAV,mrmb0,si2211,dr6
datasets\TIMIT\TRAIN\DR6\MRMB0\SI951.WAV,mrmb0,si951,dr6
datasets\TIMIT\TRAIN\DR6\MRMB0\SX141.WAV,mrmb0,sx141,dr6
datasets\TIMIT\TRAIN\DR6\MRMB0\SX231.WAV,mrmb0,sx231,dr6
datasets\TIMIT\TRAIN\DR6\MRMB0\SX321.WAV,mrmb0,sx321,dr6
datasets\TIMIT\TRAIN\DR6\MRMB0\SX411.WAV,mrmb0,sx411,dr6
datasets\TIMIT\TRAIN\DR6\MRMB0\SX51.WAV,mrmb0,sx51,dr6
datasets\TIMIT\TRAIN\DR6\MRXB0\SA1.WAV,mrxb0,sa1,dr6
datasets\TIMIT\TRAIN\DR6\MRXB0\SA2.WAV,mrxb0,sa2,dr6
datasets\TIMIT\TRAIN\DR6\MRXB0\SI1585.WAV,mrxb0,si1585,dr6
datasets\TIMIT\TRAIN\DR6\MRXB0\SI2215.WAV,mrxb0,si2215,dr6
datasets\TIMIT\TRAIN\DR6\MRXB0\SI955.WAV,mrxb0,si955,dr6
datasets\TIMIT\TRAIN\DR6\MRXB0\SX145.WAV,mrxb0,sx145,dr6
datasets\TIMIT\TRAIN\DR6\MRXB0\SX235.WAV,mrxb0,sx235,dr6
datasets\TIMIT\TRAIN\DR6\MRXB0\SX325.WAV,mrxb0,sx325,dr6
datasets\TIMIT\TRAIN\DR6\MRXB0\SX415.WAV,mrxb0,sx415,dr6
datasets\TIMIT\TRAIN\DR6\MRXB0\SX55.WAV,mrxb0,sx55,dr6
datasets\TIMIT\TRAIN\DR6\MSAT1\SA1.WAV,msat1,sa1,dr6
datasets\TIMIT\TRAIN\DR6\MSAT1\SA2.WAV,msat1,sa2,dr6
datasets\TIMIT\TRAIN\DR6\MSAT1\SI1073.WAV,msat1,si1073,dr6
datasets\TIMIT\TRAIN\DR6\MSAT1\SI1703.WAV,msat1,si1703,dr6
datasets\TIMIT\TRAIN\DR6\MSAT1\SI2333.WAV,msat1,si2333,dr6
datasets\TIMIT\TRAIN\DR6\MSAT1\SX173.WAV,msat1,sx173,dr6
datasets\TIMIT\TRAIN\DR6\MSAT1\SX263.WAV,msat1,sx263,dr6
datasets\TIMIT\TRAIN\DR6\MSAT1\SX353.WAV,msat1,sx353,dr6
datasets\TIMIT\TRAIN\DR6\MSAT1\SX443.WAV,msat1,sx443,dr6
datasets\TIMIT\TRAIN\DR6\MSAT1\SX83.WAV,msat1,sx83,dr6
datasets\TIMIT\TRAIN\DR6\MSJK0\SA1.WAV,msjk0,sa1,dr6
datasets\TIMIT\TRAIN\DR6\MSJK0\SA2.WAV,msjk0,sa2,dr6
datasets\TIMIT\TRAIN\DR6\MSJK0\SI1596.WAV,msjk0,si1596,dr6
datasets\TIMIT\TRAIN\DR6\MSJK0\SI2226.WAV,msjk0,si2226,dr6
datasets\TIMIT\TRAIN\DR6\MSJK0\SI966.WAV,msjk0,si966,dr6
datasets\TIMIT\TRAIN\DR6\MSJK0\SX156.WAV,msjk0,sx156,dr6
datasets\TIMIT\TRAIN\DR6\MSJK0\SX246.WAV,msjk0,sx246,dr6
datasets\TIMIT\TRAIN\DR6\MSJK0\SX336.WAV,msjk0,sx336,dr6
datasets\TIMIT\TRAIN\DR6\MSJK0\SX426.WAV,msjk0,sx426,dr6
datasets\TIMIT\TRAIN\DR6\MSJK0\SX66.WAV,msjk0,sx66,dr6
datasets\TIMIT\TRAIN\DR6\MSMR0\SA1.WAV,msmr0,sa1,dr6
datasets\TIMIT\TRAIN\DR6\MSMR0\SA2.WAV,msmr0,sa2,dr6
datasets\TIMIT\TRAIN\DR6\MSMR0\SI1150.WAV,msmr0,si1150,dr6
datasets\TIMIT\TRAIN\DR6\MSMR0\SI1405.WAV,msmr0,si1405,dr6
datasets\TIMIT\TRAIN\DR6\MSMR0\SI775.WAV,msmr0,si775,dr6
datasets\TIMIT\TRAIN\DR6\MSMR0\SX145.WAV,msmr0,sx145,dr6
datasets\TIMIT\TRAIN\DR6\MSMR0\SX235.WAV,msmr0,sx235,dr6
datasets\TIMIT\TRAIN\DR6\MSMR0\SX325.WAV,msmr0,sx325,dr6
datasets\TIMIT\TRAIN\DR6\MSMR0\SX415.WAV,msmr0,sx415,dr6
datasets\TIMIT\TRAIN\DR6\MSMR0\SX55.WAV,msmr0,sx55,dr6
datasets\TIMIT\TRAIN\DR6\MSVS0\SA1.WAV,msvs0,sa1,dr6
datasets\TIMIT\TRAIN\DR6\MSVS0\SA2.WAV,msvs0,sa2,dr6
datasets\TIMIT\TRAIN\DR6\MSVS0\SI1568.WAV,msvs0,si1568,dr6
datasets\TIMIT\TRAIN\DR6\MSVS0\SI2198.WAV,msvs0,si2198,dr6
datasets\TIMIT\TRAIN\DR6\MSVS0\SI938.WAV,msvs0,si938,dr6
datasets\TIMIT\TRAIN\DR6\MSVS0\SX128.WAV,msvs0,sx128,dr6
datasets\TIMIT\TRAIN\DR6\MSVS0\SX218.WAV,msvs0,sx218,dr6
datasets\TIMIT\TRAIN\DR6\MSVS0\SX308.WAV,msvs0,sx308,dr6
datasets\TIMIT\TRAIN\DR6\MSVS0\SX38.WAV,msvs0,sx38,dr6
datasets\TIMIT\TRAIN\DR6\MSVS0\SX398.WAV,msvs0,sx398,dr6
datasets\TIMIT\TRAIN\DR6\MTJU0\SA1.WAV,mtju0,sa1,dr6
datasets\TIMIT\TRAIN\DR6\MTJU0\SA2.WAV,mtju0,sa2,dr6
datasets\TIMIT\TRAIN\DR6\MTJU0\SI2020.WAV,mtju0,si2020,dr6
datasets\TIMIT\TRAIN\DR6\MTJU0\SI2269.WAV,mtju0,si2269,dr6
datasets\TIMIT\TRAIN\DR6\MTJU0\SI760.WAV,mtju0,si760,dr6
datasets\TIMIT\TRAIN\DR6\MTJU0\SX130.WAV,mtju0,sx130,dr6
datasets\TIMIT\TRAIN\DR6\MTJU0\SX220.WAV,mtju0,sx220,dr6
datasets\TIMIT\TRAIN\DR6\MTJU0\SX310.WAV,mtju0,sx310,dr6
datasets\TIMIT\TRAIN\DR6\MTJU0\SX40.WAV,mtju0,sx40,dr6
datasets\TIMIT\TRAIN\DR6\MTJU0\SX400.WAV,mtju0,sx400,dr6
datasets\TIMIT\TRAIN\DR7\FBLV0\SA1.WAV,fblv0,sa1,dr7
datasets\TIMIT\TRAIN\DR7\FBLV0\SA2.WAV,fblv0,sa2,dr7
datasets\TIMIT\TRAIN\DR7\FBLV0\SI1058.WAV,fblv0,si1058,dr7
datasets\TIMIT\TRAIN\DR7\FBLV0\SI1688.WAV,fblv0,si1688,dr7
datasets\TIMIT\TRAIN\DR7\FBLV0\SI2318.WAV,fblv0,si2318,dr7
datasets\TIMIT\TRAIN\DR7\FBLV0\SX158.WAV,fblv0,sx158,dr7
datasets\TIMIT\TRAIN\DR7\FBLV0\SX248.WAV,fblv0,sx248,dr7
datasets\TIMIT\TRAIN\DR7\FBLV0\SX338.WAV,fblv0,sx338,dr7
datasets\TIMIT\TRAIN\DR7\FBLV0\SX428.WAV,fblv0,sx428,dr7
datasets\TIMIT\TRAIN\DR7\FBLV0\SX68.WAV,fblv0,sx68,dr7
datasets\TIMIT\TRAIN\DR7\FCRZ0\SA1.WAV,fcrz0,sa1,dr7
datasets\TIMIT\TRAIN\DR7\FCRZ0\SA2.WAV,fcrz0,sa2,dr7
datasets\TIMIT\TRAIN\DR7\FCRZ0\SI1913.WAV,fcrz0,si1913,dr7
datasets\TIMIT\TRAIN\DR7\FCRZ0\SI2053.WAV,fcrz0,si2053,dr7
datasets\TIMIT\TRAIN\DR7\FCRZ0\SI793.WAV,fcrz0,si793,dr7
datasets\TIMIT\TRAIN\DR7\FCRZ0\SX163.WAV,fcrz0,sx163,dr7
datasets\TIMIT\TRAIN\DR7\FCRZ0\SX253.WAV,fcrz0,sx253,dr7
datasets\TIMIT\TRAIN\DR7\FCRZ0\SX343.WAV,fcrz0,sx343,dr7
datasets\TIMIT\TRAIN\DR7\FCRZ0\SX433.WAV,fcrz0,sx433,dr7
datasets\TIMIT\TRAIN\DR7\FCRZ0\SX73.WAV,fcrz0,sx73,dr7
datasets\TIMIT\TRAIN\DR7\FJEN0\SA1.WAV,fjen0,sa1,dr7
datasets\TIMIT\TRAIN\DR7\FJEN0\SA2.WAV,fjen0,sa2,dr7
datasets\TIMIT\TRAIN\DR7\FJEN0\SI1047.WAV,fjen0,si1047,dr7
datasets\TIMIT\TRAIN\DR7\FJEN0\SI1677.WAV,fjen0,si1677,dr7
datasets\TIMIT\TRAIN\DR7\FJEN0\SI2307.WAV,fjen0,si2307,dr7
datasets\TIMIT\TRAIN\DR7\FJEN0\SX147.WAV,fjen0,sx147,dr7
datasets\TIMIT\TRAIN\DR7\FJEN0\SX237.WAV,fjen0,sx237,dr7
datasets\TIMIT\TRAIN\DR7\FJEN0\SX327.WAV,fjen0,sx327,dr7
datasets\TIMIT\TRAIN\DR7\FJEN0\SX417.WAV,fjen0,sx417,dr7
datasets\TIMIT\TRAIN\DR7\FJEN0\SX57.WAV,fjen0,sx57,dr7
datasets\TIMIT\TRAIN\DR7\FJHK0\SA1.WAV,fjhk0,sa1,dr7
datasets\TIMIT\TRAIN\DR7\FJHK0\SA2.WAV,fjhk0,sa2,dr7
datasets\TIMIT\TRAIN\DR7\FJHK0\SI1022.WAV,fjhk0,si1022,dr7
datasets\TIMIT\TRAIN\DR7\FJHK0\SI1652.WAV,fjhk0,si1652,dr7
datasets\TIMIT\TRAIN\DR7\FJHK0\SI2282.WAV,fjhk0,si2282,dr7
datasets\TIMIT\TRAIN\DR7\FJHK0\SX122.WAV,fjhk0,sx122,dr7
datasets\TIMIT\TRAIN\DR7\FJHK0\SX212.WAV,fjhk0,sx212,dr7
datasets\TIMIT\TRAIN\DR7\FJHK0\SX302.WAV,fjhk0,sx302,dr7
datasets\TIMIT\TRAIN\DR7\FJHK0\SX32.WAV,fjhk0,sx32,dr7
datasets\TIMIT\TRAIN\DR7\FJHK0\SX392.WAV,fjhk0,sx392,dr7
datasets\TIMIT\TRAIN\DR7\FJRP1\SA1.WAV,fjrp1,sa1,dr7
datasets\TIMIT\TRAIN\DR7\FJRP1\SA2.WAV,fjrp1,sa2,dr7
datasets\TIMIT\TRAIN\DR7\FJRP1\SI1432.WAV,fjrp1,si1432,dr7
datasets\TIMIT\TRAIN\DR7\FJRP1\SI2062.WAV,fjrp1,si2062,dr7
datasets\TIMIT\TRAIN\DR7\FJRP1\SI802.WAV,fjrp1,si802,dr7
datasets\TIMIT\TRAIN\DR7\FJRP1\SX172.WAV,fjrp1,sx172,dr7
datasets\TIMIT\TRAIN\DR7\FJRP1\SX262.WAV,fjrp1,sx262,dr7
datasets\TIMIT\TRAIN\DR7\FJRP1\SX352.WAV,fjrp1,sx352,dr7
datasets\TIMIT\TRAIN\DR7\FJRP1\SX442.WAV,fjrp1,sx442,dr7
datasets\TIMIT\TRAIN\DR7\FJRP1\SX82.WAV,fjrp1,sx82,dr7
datasets\TIMIT\TRAIN\DR7\FJSK0\SA1.WAV,fjsk0,sa1,dr7
datasets\TIMIT\TRAIN\DR7\FJSK0\SA2.WAV,fjsk0,sa2,dr7
datasets\TIMIT\TRAIN\DR7\FJSK0\SI1052.WAV,fjsk0,si1052,dr7
datasets\TIMIT\TRAIN\DR7\FJSK0\SI1682.WAV,fjsk0,si1682,dr7
datasets\TIMIT\TRAIN\DR7\FJSK0\SI2312.WAV,fjsk0,si2312,dr7
datasets\TIMIT\TRAIN\DR7\FJSK0\SX152.WAV,fjsk0,sx152,dr7
datasets\TIMIT\TRAIN\DR7\FJSK0\SX242.WAV,fjsk0,sx242,dr7
datasets\TIMIT\TRAIN\DR7\FJSK0\SX332.WAV,fjsk0,sx332,dr7
datasets\TIMIT\TRAIN\DR7\FJSK0\SX422.WAV,fjsk0,sx422,dr7
datasets\TIMIT\TRAIN\DR7\FJSK0\SX62.WAV,fjsk0,sx62,dr7
datasets\TIMIT\TRAIN\DR7\FKDE0\SA1.WAV,fkde0,sa1,dr7
datasets\TIMIT\TRAIN\DR7\FKDE0\SA2.WAV,fkde0,sa2,dr7
datasets\TIMIT\TRAIN\DR7\FKDE0\SI1141.WAV,fkde0,si1141,dr7
datasets\TIMIT\TRAIN\DR7\FKDE0\SI1771.WAV,fkde0,si1771,dr7
datasets\TIMIT\TRAIN\DR7\FKDE0\SI2221.WAV,fkde0,si2221,dr7
datasets\TIMIT\TRAIN\DR7\FKDE0\SX151.WAV,fkde0,sx151,dr7
datasets\TIMIT\TRAIN\DR7\FKDE0\SX241.WAV,fkde0,sx241,dr7
datasets\TIMIT\TRAIN\DR7\FKDE0\SX331.WAV,fkde0,sx331,dr7
datasets\TIMIT\TRAIN\DR7\FKDE0\SX421.WAV,fkde0,sx421,dr7
datasets\TIMIT\TRAIN\DR7\FKDE0\SX61.WAV,fkde0,sx61,dr7
datasets\TIMIT\TRAIN\DR7\FKSR0\SA1.WAV,fksr0,sa1,dr7
datasets\TIMIT\TRAIN\DR7\FKSR0\SA2.WAV,fksr0,sa2,dr7
datasets\TIMIT\TRAIN\DR7\FKSR0\SI1117.WAV,fksr0,si1117,dr7
datasets\TIMIT\TRAIN\DR7\FKSR0\SI1747.WAV,fksr0,si1747,dr7
datasets\TIMIT\TRAIN\DR7\FKSR0\SI487.WAV,fksr0,si487,dr7
datasets\TIMIT\TRAIN\DR7\FKSR0\SX161.WAV,fksr0,sx161,dr7
datasets\TIMIT\TRAIN\DR7\FKSR0\SX217.WAV,fksr0,sx217,dr7
datasets\TIMIT\TRAIN\DR7\FKSR0\SX366.WAV,fksr0,sx366,dr7
datasets\TIMIT\TRAIN\DR7\FKSR0\SX37.WAV,fksr0,sx37,dr7
datasets\TIMIT\TRAIN\DR7\FKSR0\SX397.WAV,fksr0,sx397,dr7
datasets\TIMIT\TRAIN\DR7\FLEH0\SA1.WAV,fleh0,sa1,dr7
datasets\TIMIT\TRAIN\DR7\FLEH0\SA2.WAV,fleh0,sa2,dr7
datasets\TIMIT\TRAIN\DR7\FLEH0\SI1051.WAV,fleh0,si1051,dr7
datasets\TIMIT\TRAIN\DR7\FLEH0\SI1681.WAV,fleh0,si1681,dr7
datasets\TIMIT\TRAIN\DR7\FLEH0\SI2311.WAV,fleh0,si2311,dr7
datasets\TIMIT\TRAIN\DR7\FLEH0\SX151.WAV,fleh0,sx151,dr7
datasets\TIMIT\TRAIN\DR7\FLEH0\SX241.WAV,fleh0,sx241,dr7
datasets\TIMIT\TRAIN\DR7\FLEH0\SX331.WAV,fleh0,sx331,dr7
datasets\TIMIT\TRAIN\DR7\FLEH0\SX421.WAV,fleh0,sx421,dr7
datasets\TIMIT\TRAIN\DR7\FLEH0\SX61.WAV,fleh0,sx61,dr7
datasets\TIMIT\TRAIN\DR7\FLET0\SA1.WAV,flet0,sa1,dr7
datasets\TIMIT\TRAIN\DR7\FLET0\SA2.WAV,flet0,sa2,dr7
datasets\TIMIT\TRAIN\DR7\FLET0\SI1137.WAV,flet0,si1137,dr7
datasets\TIMIT\TRAIN\DR7\FLET0\SI1767.WAV,flet0,si1767,dr7
datasets\TIMIT\TRAIN\DR7\FLET0\SI507.WAV,flet0,si507,dr7
datasets\TIMIT\TRAIN\DR7\FLET0\SX147.WAV,flet0,sx147,dr7
datasets\TIMIT\TRAIN\DR7\FLET0\SX237.WAV,flet0,sx237,dr7
datasets\TIMIT\TRAIN\DR7\FLET0\SX277.WAV,flet0,sx277,dr7
datasets\TIMIT\TRAIN\DR7\FLET0\SX417.WAV,flet0,sx417,dr7
datasets\TIMIT\TRAIN\DR7\FLET0\SX57.WAV,flet0,sx57,dr7
datasets\TIMIT\TRAIN\DR7\FMAH1\SA1.WAV,fmah1,sa1,dr7
datasets\TIMIT\TRAIN\DR7\FMAH1\SA2.WAV,fmah1,sa2,dr7
datasets\TIMIT\TRAIN\DR7\FMAH1\SI1509.WAV,fmah1,si1509,dr7
datasets\TIMIT\TRAIN\DR7\FMAH1\SI2139.WAV,fmah1,si2139,dr7
datasets\TIMIT\TRAIN\DR7\FMAH1\SI879.WAV,fmah1,si879,dr7
datasets\TIMIT\TRAIN\DR7\FMAH1\SX159.WAV,fmah1,sx159,dr7
datasets\TIMIT\TRAIN\DR7\FMAH1\SX249.WAV,fmah1,sx249,dr7
datasets\TIMIT\TRAIN\DR7\FMAH1\SX339.WAV,fmah1,sx339,dr7
datasets\TIMIT\TRAIN\DR7\FMAH1\SX429.WAV,fmah1,sx429,dr7
datasets\TIMIT\TRAIN\DR7\FMAH1\SX69.WAV,fmah1,sx69,dr7
datasets\TIMIT\TRAIN\DR7\FMKC0\SA1.WAV,fmkc0,sa1,dr7
datasets\TIMIT\TRAIN\DR7\FMKC0\SA2.WAV,fmkc0,sa2,dr7
datasets\TIMIT\TRAIN\DR7\FMKC0\SI1041.WAV,fmkc0,si1041,dr7
datasets\TIMIT\TRAIN\DR7\FMKC0\SI1072.WAV,fmkc0,si1072,dr7
datasets\TIMIT\TRAIN\DR7\FMKC0\SI1702.WAV,fmkc0,si1702,dr7
datasets\TIMIT\TRAIN\DR7\FMKC0\SX172.WAV,fmkc0,sx172,dr7
datasets\TIMIT\TRAIN\DR7\FMKC0\SX262.WAV,fmkc0,sx262,dr7
datasets\TIMIT\TRAIN\DR7\FMKC0\SX352.WAV,fmkc0,sx352,dr7
datasets\TIMIT\TRAIN\DR7\FMKC0\SX442.WAV,fmkc0,sx442,dr7
datasets\TIMIT\TRAIN\DR7\FMKC0\SX82.WAV,fmkc0,sx82,dr7
datasets\TIMIT\TRAIN\DR7\FPAC0\SA1.WAV,fpac0,sa1,dr7
datasets\TIMIT\TRAIN\DR7\FPAC0\SA2.WAV,fpac0,sa2,dr7
datasets\TIMIT\TRAIN\DR7\FPAC0\SI1921.WAV,fpac0,si1921,dr7
datasets\TIMIT\TRAIN\DR7\FPAC0\SI2011.WAV,fpac0,si2011,dr7
datasets\TIMIT\TRAIN\DR7\FPAC0\SI661.WAV,fpac0,si661,dr7
datasets\TIMIT\TRAIN\DR7\FPAC0\SX121.WAV,fpac0,sx121,dr7
datasets\TIMIT\TRAIN\DR7\FPAC0\SX211.WAV,fpac0,sx211,dr7
datasets\TIMIT\TRAIN\DR7\FPAC0\SX301.WAV,fpac0,sx301,dr7
datasets\TIMIT\TRAIN\DR7\FPAC0\SX31.WAV,fpac0,sx31,dr7
datasets\TIMIT\TRAIN\DR7\FPAC0\SX391.WAV,fpac0,sx391,dr7
datasets\TIMIT\TRAIN\DR7\FREH0\SA1.WAV,freh0,sa1,dr7
datasets\TIMIT\TRAIN\DR7\FREH0\SA2.WAV,freh0,sa2,dr7
datasets\TIMIT\TRAIN\DR7\FREH0\SI1315.WAV,freh0,si1315,dr7
datasets\TIMIT\TRAIN\DR7\FREH0\SI1945.WAV,freh0,si1945,dr7
datasets\TIMIT\TRAIN\DR7\FREH0\SI685.WAV,freh0,si685,dr7
datasets\TIMIT\TRAIN\DR7\FREH0\SX145.WAV,freh0,sx145,dr7
datasets\TIMIT\TRAIN\DR7\FREH0\SX235.WAV,freh0,sx235,dr7
datasets\TIMIT\TRAIN\DR7\FREH0\SX325.WAV,freh0,sx325,dr7
datasets\TIMIT\TRAIN\DR7\FREH0\SX415.WAV,freh0,sx415,dr7
datasets\TIMIT\TRAIN\DR7\FREH0\SX55.WAV,freh0,sx55,dr7
datasets\TIMIT\TRAIN\DR7\FSPM0\SA1.WAV,fspm0,sa1,dr7
datasets\TIMIT\TRAIN\DR7\FSPM0\SA2.WAV,fspm0,sa2,dr7
datasets\TIMIT\TRAIN\DR7\FSPM0\SI1241.WAV,fspm0,si1241,dr7
datasets\TIMIT\TRAIN\DR7\FSPM0\SI1871.WAV,fspm0,si1871,dr7
datasets\TIMIT\TRAIN\DR7\FSPM0\SI611.WAV,fspm0,si611,dr7
datasets\TIMIT\TRAIN\DR7\FSPM0\SX161.WAV,fspm0,sx161,dr7
datasets\TIMIT\TRAIN\DR7\FSPM0\SX251.WAV,fspm0,sx251,dr7
datasets\TIMIT\TRAIN\DR7\FSPM0\SX341.WAV,fspm0,sx341,dr7
datasets\TIMIT\TRAIN\DR7\FSPM0\SX431.WAV,fspm0,sx431,dr7
datasets\TIMIT\TRAIN\DR7\FSPM0\SX71.WAV,fspm0,sx71,dr7
datasets\TIMIT\TRAIN\DR7\FVKB0\SA1.WAV,fvkb0,sa1,dr7
datasets\TIMIT\TRAIN\DR7\FVKB0\SA2.WAV,fvkb0,sa2,dr7
datasets\TIMIT\TRAIN\DR7\FVKB0\SI1159.WAV,fvkb0,si1159,dr7
datasets\TIMIT\TRAIN\DR7\FVKB0\SI1789.WAV,fvkb0,si1789,dr7
datasets\TIMIT\TRAIN\DR7\FVKB0\SI529.WAV,fvkb0,si529,dr7
datasets\TIMIT\TRAIN\DR7\FVKB0\SX169.WAV,fvkb0,sx169,dr7
datasets\TIMIT\TRAIN\DR7\FVKB0\SX259.WAV,fvkb0,sx259,dr7
datasets\TIMIT\TRAIN\DR7\FVKB0\SX349.WAV,fvkb0,sx349,dr7
datasets\TIMIT\TRAIN\DR7\FVKB0\SX439.WAV,fvkb0,sx439,dr7
datasets\TIMIT\TRAIN\DR7\FVKB0\SX79.WAV,fvkb0,sx79,dr7
datasets\TIMIT\TRAIN\DR7\MADD0\SA1.WAV,madd0,sa1,dr7
datasets\TIMIT\TRAIN\DR7\MADD0\SA2.WAV,madd0,sa2,dr7
datasets\TIMIT\TRAIN\DR7\MADD0\SI1295.WAV,madd0,si1295,dr7
datasets\TIMIT\TRAIN\DR7\MADD0\SI1798.WAV,madd0,si1798,dr7
datasets\TIMIT\TRAIN\DR7\MADD0\SI538.WAV,madd0,si538,dr7
datasets\TIMIT\TRAIN\DR7\MADD0\SX178.WAV,madd0,sx178,dr7
datasets\TIMIT\TRAIN\DR7\MADD0\SX268.WAV,madd0,sx268,dr7
datasets\TIMIT\TRAIN\DR7\MADD0\SX358.WAV,madd0,sx358,dr7
datasets\TIMIT\TRAIN\DR7\MADD0\SX448.WAV,madd0,sx448,dr7
datasets\TIMIT\TRAIN\DR7\MADD0\SX88.WAV,madd0,sx88,dr7
datasets\TIMIT\TRAIN\DR7\MAEO0\SA1.WAV,maeo0,sa1,dr7
datasets\TIMIT\TRAIN\DR7\MAEO0\SA2.WAV,maeo0,sa2,dr7
datasets\TIMIT\TRAIN\DR7\MAEO0\SI1326.WAV,maeo0,si1326,dr7
datasets\TIMIT\TRAIN\DR7\MAEO0\SI1655.WAV,maeo0,si1655,dr7
datasets\TIMIT\TRAIN\DR7\MAEO0\SI1956.WAV,maeo0,si1956,dr7
datasets\TIMIT\TRAIN\DR7\MAEO0\SX156.WAV,maeo0,sx156,dr7
datasets\TIMIT\TRAIN\DR7\MAEO0\SX246.WAV,maeo0,sx246,dr7
datasets\TIMIT\TRAIN\DR7\MAEO0\SX336.WAV,maeo0,sx336,dr7
datasets\TIMIT\TRAIN\DR7\MAEO0\SX426.WAV,maeo0,sx426,dr7
datasets\TIMIT\TRAIN\DR7\MAEO0\SX66.WAV,maeo0,sx66,dr7
datasets\TIMIT\TRAIN\DR7\MAFM0\SA1.WAV,mafm0,sa1,dr7
datasets\TIMIT\TRAIN\DR7\MAFM0\SA2.WAV,mafm0,sa2,dr7
datasets\TIMIT\TRAIN\DR7\MAFM0\SI1569.WAV,mafm0,si1569,dr7
datasets\TIMIT\TRAIN\DR7\MAFM0\SI2199.WAV,mafm0,si2199,dr7
datasets\TIMIT\TRAIN\DR7\MAFM0\SI939.WAV,mafm0,si939,dr7
datasets\TIMIT\TRAIN\DR7\MAFM0\SX129.WAV,mafm0,sx129,dr7
datasets\TIMIT\TRAIN\DR7\MAFM0\SX219.WAV,mafm0,sx219,dr7
datasets\TIMIT\TRAIN\DR7\MAFM0\SX309.WAV,mafm0,sx309,dr7
datasets\TIMIT\TRAIN\DR7\MAFM0\SX39.WAV,mafm0,sx39,dr7
datasets\TIMIT\TRAIN\DR7\MAFM0\SX399.WAV,mafm0,sx399,dr7
datasets\TIMIT\TRAIN\DR7\MBAR0\SA1.WAV,mbar0,sa1,dr7
datasets\TIMIT\TRAIN\DR7\MBAR0\SA2.WAV,mbar0,sa2,dr7
datasets\TIMIT\TRAIN\DR7\MBAR0\SI1319.WAV,mbar0,si1319,dr7
datasets\TIMIT\TRAIN\DR7\MBAR0\SI1949.WAV,mbar0,si1949,dr7
datasets\TIMIT\TRAIN\DR7\MBAR0\SI689.WAV,mbar0,si689,dr7
datasets\TIMIT\TRAIN\DR7\MBAR0\SX149.WAV,mbar0,sx149,dr7
datasets\TIMIT\TRAIN\DR7\MBAR0\SX239.WAV,mbar0,sx239,dr7
datasets\TIMIT\TRAIN\DR7\MBAR0\SX329.WAV,mbar0,sx329,dr7
datasets\TIMIT\TRAIN\DR7\MBAR0\SX419.WAV,mbar0,sx419,dr7
datasets\TIMIT\TRAIN\DR7\MBAR0\SX59.WAV,mbar0,sx59,dr7
datasets\TIMIT\TRAIN\DR7\MBBR0\SA1.WAV,mbbr0,sa1,dr7
datasets\TIMIT\TRAIN\DR7\MBBR0\SA2.WAV,mbbr0,sa2,dr7
datasets\TIMIT\TRAIN\DR7\MBBR0\SI1055.WAV,mbbr0,si1055,dr7
datasets\TIMIT\TRAIN\DR7\MBBR0\SI1685.WAV,mbbr0,si1685,dr7
datasets\TIMIT\TRAIN\DR7\MBBR0\SI2315.WAV,mbbr0,si2315,dr7
datasets\TIMIT\TRAIN\DR7\MBBR0\SX155.WAV,mbbr0,sx155,dr7
datasets\TIMIT\TRAIN\DR7\MBBR0\SX245.WAV,mbbr0,sx245,dr7
datasets\TIMIT\TRAIN\DR7\MBBR0\SX335.WAV,mbbr0,sx335,dr7
datasets\TIMIT\TRAIN\DR7\MBBR0\SX425.WAV,mbbr0,sx425,dr7
datasets\TIMIT\TRAIN\DR7\MBBR0\SX65.WAV,mbbr0,sx65,dr7
datasets\TIMIT\TRAIN\DR7\MBML0\SA1.WAV,mbml0,sa1,dr7
datasets\TIMIT\TRAIN\DR7\MBML0\SA2.WAV,mbml0,sa2,dr7
datasets\TIMIT\TRAIN\DR7\MBML0\SI1169.WAV,mbml0,si1169,dr7
datasets\TIMIT\TRAIN\DR7\MBML0\SI1799.WAV,mbml0,si1799,dr7
datasets\TIMIT\TRAIN\DR7\MBML0\SI539.WAV,mbml0,si539,dr7
datasets\TIMIT\TRAIN\DR7\MBML0\SX179.WAV,mbml0,sx179,dr7
datasets\TIMIT\TRAIN\DR7\MBML0\SX269.WAV,mbml0,sx269,dr7
datasets\TIMIT\TRAIN\DR7\MBML0\SX359.WAV,mbml0,sx359,dr7
datasets\TIMIT\TRAIN\DR7\MBML0\SX449.WAV,mbml0,sx449,dr7
datasets\TIMIT\TRAIN\DR7\MBML0\SX89.WAV,mbml0,sx89,dr7
datasets\TIMIT\TRAIN\DR7\MBOM0\SA1.WAV,mbom0,sa1,dr7
datasets\TIMIT\TRAIN\DR7\MBOM0\SA2.WAV,mbom0,sa2,dr7
datasets\TIMIT\TRAIN\DR7\MBOM0\SI1014.WAV,mbom0,si1014,dr7
datasets\TIMIT\TRAIN\DR7\MBOM0\SI1644.WAV,mbom0,si1644,dr7
datasets\TIMIT\TRAIN\DR7\MBOM0\SI2274.WAV,mbom0,si2274,dr7
datasets\TIMIT\TRAIN\DR7\MBOM0\SX114.WAV,mbom0,sx114,dr7
datasets\TIMIT\TRAIN\DR7\MBOM0\SX204.WAV,mbom0,sx204,dr7
datasets\TIMIT\TRAIN\DR7\MBOM0\SX294.WAV,mbom0,sx294,dr7
datasets\TIMIT\TRAIN\DR7\MBOM0\SX311.WAV,mbom0,sx311,dr7
datasets\TIMIT\TRAIN\DR7\MBOM0\SX384.WAV,mbom0,sx384,dr7
datasets\TIMIT\TRAIN\DR7\MBTH0\SA1.WAV,mbth0,sa1,dr7
datasets\TIMIT\TRAIN\DR7\MBTH0\SA2.WAV,mbth0,sa2,dr7
datasets\TIMIT\TRAIN\DR7\MBTH0\SI2102.WAV,mbth0,si2102,dr7
datasets\TIMIT\TRAIN\DR7\MBTH0\SI505.WAV,mbth0,si505,dr7
datasets\TIMIT\TRAIN\DR7\MBTH0\SI757.WAV,mbth0,si757,dr7
datasets\TIMIT\TRAIN\DR7\MBTH0\SX122.WAV,mbth0,sx122,dr7
datasets\TIMIT\TRAIN\DR7\MBTH0\SX212.WAV,mbth0,sx212,dr7
datasets\TIMIT\TRAIN\DR7\MBTH0\SX302.WAV,mbth0,sx302,dr7
datasets\TIMIT\TRAIN\DR7\MBTH0\SX32.WAV,mbth0,sx32,dr7
datasets\TIMIT\TRAIN\DR7\MBTH0\SX392.WAV,mbth0,sx392,dr7
datasets\TIMIT\TRAIN\DR7\MCLK0\SA1.WAV,mclk0,sa1,dr7
datasets\TIMIT\TRAIN\DR7\MCLK0\SA2.WAV,mclk0,sa2,dr7
datasets\TIMIT\TRAIN\DR7\MCLK0\SI1660.WAV,mclk0,si1660,dr7
datasets\TIMIT\TRAIN\DR7\MCLK0\SI2290.WAV,mclk0,si2290,dr7
datasets\TIMIT\TRAIN\DR7\MCLK0\SI650.WAV,mclk0,si650,dr7
datasets\TIMIT\TRAIN\DR7\MCLK0\SX130.WAV,mclk0,sx130,dr7
datasets\TIMIT\TRAIN\DR7\MCLK0\SX220.WAV,mclk0,sx220,dr7
datasets\TIMIT\TRAIN\DR7\MCLK0\SX310.WAV,mclk0,sx310,dr7
datasets\TIMIT\TRAIN\DR7\MCLK0\SX40.WAV,mclk0,sx40,dr7
datasets\TIMIT\TRAIN\DR7\MCLK0\SX400.WAV,mclk0,sx400,dr7
datasets\TIMIT\TRAIN\DR7\MCRE0\SA1.WAV,mcre0,sa1,dr7
datasets\TIMIT\TRAIN\DR7\MCRE0\SA2.WAV,mcre0,sa2,dr7
datasets\TIMIT\TRAIN\DR7\MCRE0\SI1121.WAV,mcre0,si1121,dr7
datasets\TIMIT\TRAIN\DR7\MCRE0\SI1725.WAV,mcre0,si1725,dr7
datasets\TIMIT\TRAIN\DR7\MCRE0\SI1751.WAV,mcre0,si1751,dr7
datasets\TIMIT\TRAIN\DR7\MCRE0\SX131.WAV,mcre0,sx131,dr7
datasets\TIMIT\TRAIN\DR7\MCRE0\SX221.WAV,mcre0,sx221,dr7
datasets\TIMIT\TRAIN\DR7\MCRE0\SX24.WAV,mcre0,sx24,dr7
datasets\TIMIT\TRAIN\DR7\MCRE0\SX401.WAV,mcre0,sx401,dr7
datasets\TIMIT\TRAIN\DR7\MCRE0\SX41.WAV,mcre0,sx41,dr7
datasets\TIMIT\TRAIN\DR7\MDCM0\SA1.WAV,mdcm0,sa1,dr7
datasets\TIMIT\TRAIN\DR7\MDCM0\SA2.WAV,mdcm0,sa2,dr7
datasets\TIMIT\TRAIN\DR7\MDCM0\SI1480.WAV,mdcm0,si1480,dr7
datasets\TIMIT\TRAIN\DR7\MDCM0\SI2110.WAV,mdcm0,si2110,dr7
datasets\TIMIT\TRAIN\DR7\MDCM0\SI850.WAV,mdcm0,si850,dr7
datasets\TIMIT\TRAIN\DR7\MDCM0\SX130.WAV,mdcm0,sx130,dr7
datasets\TIMIT\TRAIN\DR7\MDCM0\SX220.WAV,mdcm0,sx220,dr7
datasets\TIMIT\TRAIN\DR7\MDCM0\SX310.WAV,mdcm0,sx310,dr7
datasets\TIMIT\TRAIN\DR7\MDCM0\SX40.WAV,mdcm0,sx40,dr7
datasets\TIMIT\TRAIN\DR7\MDCM0\SX400.WAV,mdcm0,sx400,dr7
datasets\TIMIT\TRAIN\DR7\MDED0\SA1.WAV,mded0,sa1,dr7
datasets\TIMIT\TRAIN\DR7\MDED0\SA2.WAV,mded0,sa2,dr7
datasets\TIMIT\TRAIN\DR7\MDED0\SI1170.WAV,mded0,si1170,dr7
datasets\TIMIT\TRAIN\DR7\MDED0\SI1800.WAV,mded0,si1800,dr7
datasets\TIMIT\TRAIN\DR7\MDED0\SI540.WAV,mded0,si540,dr7
datasets\TIMIT\TRAIN\DR7\MDED0\SX180.WAV,mded0,sx180,dr7
datasets\TIMIT\TRAIN\DR7\MDED0\SX270.WAV,mded0,sx270,dr7
datasets\TIMIT\TRAIN\DR7\MDED0\SX360.WAV,mded0,sx360,dr7
datasets\TIMIT\TRAIN\DR7\MDED0\SX450.WAV,mded0,sx450,dr7
datasets\TIMIT\TRAIN\DR7\MDED0\SX90.WAV,mded0,sx90,dr7
datasets\TIMIT\TRAIN\DR7\MDKS0\SA1.WAV,mdks0,sa1,dr7
datasets\TIMIT\TRAIN\DR7\MDKS0\SA2.WAV,mdks0,sa2,dr7
datasets\TIMIT\TRAIN\DR7\MDKS0\SI1066.WAV,mdks0,si1066,dr7
datasets\TIMIT\TRAIN\DR7\MDKS0\SI1696.WAV,mdks0,si1696,dr7
datasets\TIMIT\TRAIN\DR7\MDKS0\SI2326.WAV,mdks0,si2326,dr7
datasets\TIMIT\TRAIN\DR7\MDKS0\SX166.WAV,mdks0,sx166,dr7
datasets\TIMIT\TRAIN\DR7\MDKS0\SX256.WAV,mdks0,sx256,dr7
datasets\TIMIT\TRAIN\DR7\MDKS0\SX346.WAV,mdks0,sx346,dr7
datasets\TIMIT\TRAIN\DR7\MDKS0\SX436.WAV,mdks0,sx436,dr7
datasets\TIMIT\TRAIN\DR7\MDKS0\SX76.WAV,mdks0,sx76,dr7
datasets\TIMIT\TRAIN\DR7\MDLC1\SA1.WAV,mdlc1,sa1,dr7
datasets\TIMIT\TRAIN\DR7\MDLC1\SA2.WAV,mdlc1,sa2,dr7
datasets\TIMIT\TRAIN\DR7\MDLC1\SI1435.WAV,mdlc1,si1435,dr7
datasets\TIMIT\TRAIN\DR7\MDLC1\SI2065.WAV,mdlc1,si2065,dr7
datasets\TIMIT\TRAIN\DR7\MDLC1\SI2144.WAV,mdlc1,si2144,dr7
datasets\TIMIT\TRAIN\DR7\MDLC1\SX175.WAV,mdlc1,sx175,dr7
datasets\TIMIT\TRAIN\DR7\MDLC1\SX265.WAV,mdlc1,sx265,dr7
datasets\TIMIT\TRAIN\DR7\MDLC1\SX355.WAV,mdlc1,sx355,dr7
datasets\TIMIT\TRAIN\DR7\MDLC1\SX445.WAV,mdlc1,sx445,dr7
datasets\TIMIT\TRAIN\DR7\MDLC1\SX85.WAV,mdlc1,sx85,dr7
datasets\TIMIT\TRAIN\DR7\MDLM0\SA1.WAV,mdlm0,sa1,dr7
datasets\TIMIT\TRAIN\DR7\MDLM0\SA2.WAV,mdlm0,sa2,dr7
datasets\TIMIT\TRAIN\DR7\MDLM0\SI1234.WAV,mdlm0,si1234,dr7
datasets\TIMIT\TRAIN\DR7\MDLM0\SI1864.WAV,mdlm0,si1864,dr7
datasets\TIMIT\TRAIN\DR7\MDLM0\SI604.WAV,mdlm0,si604,dr7
datasets\TIMIT\TRAIN\DR7\MDLM0\SX154.WAV,mdlm0,sx154,dr7
datasets\TIMIT\TRAIN\DR7\MDLM0\SX244.WAV,mdlm0,sx244,dr7
datasets\TIMIT\TRAIN\DR7\MDLM0\SX334.WAV,mdlm0,sx334,dr7
datasets\TIMIT\TRAIN\DR7\MDLM0\SX424.WAV,mdlm0,sx424,dr7
datasets\TIMIT\TRAIN\DR7\MDLM0\SX64.WAV,mdlm0,sx64,dr7
datasets\TIMIT\TRAIN\DR7\MDLR1\SA1.WAV,mdlr1,sa1,dr7
datasets\TIMIT\TRAIN\DR7\MDLR1\SA2.WAV,mdlr1,sa2,dr7
datasets\TIMIT\TRAIN\DR7\MDLR1\SI1299.WAV,mdlr1,si1299,dr7
datasets\TIMIT\TRAIN\DR7\MDLR1\SI1929.WAV,mdlr1,si1929,dr7
datasets\TIMIT\TRAIN\DR7\MDLR1\SI669.WAV,mdlr1,si669,dr7
datasets\TIMIT\TRAIN\DR7\MDLR1\SX129.WAV,mdlr1,sx129,dr7
datasets\TIMIT\TRAIN\DR7\MDLR1\SX219.WAV,mdlr1,sx219,dr7
datasets\TIMIT\TRAIN\DR7\MDLR1\SX309.WAV,mdlr1,sx309,dr7
datasets\TIMIT\TRAIN\DR7\MDLR1\SX39.WAV,mdlr1,sx39,dr7
datasets\TIMIT\TRAIN\DR7\MDLR1\SX399.WAV,mdlr1,sx399,dr7
datasets\TIMIT\TRAIN\DR7\MDPB0\SA1.WAV,mdpb0,sa1,dr7
datasets\TIMIT\TRAIN\DR7\MDPB0\SA2.WAV,mdpb0,sa2,dr7
datasets\TIMIT\TRAIN\DR7\MDPB0\SI1760.WAV,mdpb0,si1760,dr7
datasets\TIMIT\TRAIN\DR7\MDPB0\SI2126.WAV,mdpb0,si2126,dr7
datasets\TIMIT\TRAIN\DR7\MDPB0\SI866.WAV,mdpb0,si866,dr7
datasets\TIMIT\TRAIN\DR7\MDPB0\SX146.WAV,mdpb0,sx146,dr7
datasets\TIMIT\TRAIN\DR7\MDPB0\SX236.WAV,mdpb0,sx236,dr7
datasets\TIMIT\TRAIN\DR7\MDPB0\SX326.WAV,mdpb0,sx326,dr7
datasets\TIMIT\TRAIN\DR7\MDPB0\SX416.WAV,mdpb0,sx416,dr7
datasets\TIMIT\TRAIN\DR7\MDPB0\SX56.WAV,mdpb0,sx56,dr7
datasets\TIMIT\TRAIN\DR7\MFXS0\SA1.WAV,mfxs0,sa1,dr7
datasets\TIMIT\TRAIN\DR7\MFXS0\SA2.WAV,mfxs0,sa2,dr7
datasets\TIMIT\TRAIN\DR7\MFXS0\SI1674.WAV,mfxs0,si1674,dr7
datasets\TIMIT\TRAIN\DR7\MFXS0\SI2225.WAV,mfxs0,si2225,dr7
datasets\TIMIT\TRAIN\DR7\MFXS0\SI2304.WAV,mfxs0,si2304,dr7
datasets\TIMIT\TRAIN\DR7\MFXS0\SX144.WAV,mfxs0,sx144,dr7
datasets\TIMIT\TRAIN\DR7\MFXS0\SX234.WAV,mfxs0,sx234,dr7
datasets\TIMIT\TRAIN\DR7\MFXS0\SX324.WAV,mfxs0,sx324,dr7
datasets\TIMIT\TRAIN\DR7\MFXS0\SX414.WAV,mfxs0,sx414,dr7
datasets\TIMIT\TRAIN\DR7\MFXS0\SX54.WAV,mfxs0,sx54,dr7
datasets\TIMIT\TRAIN\DR7\MGAK0\SA1.WAV,mgak0,sa1,dr7
datasets\TIMIT\TRAIN\DR7\MGAK0\SA2.WAV,mgak0,sa2,dr7
datasets\TIMIT\TRAIN\DR7\MGAK0\SI1036.WAV,mgak0,si1036,dr7
datasets\TIMIT\TRAIN\DR7\MGAK0\SI1666.WAV,mgak0,si1666,dr7
datasets\TIMIT\TRAIN\DR7\MGAK0\SI2296.WAV,mgak0,si2296,dr7
datasets\TIMIT\TRAIN\DR7\MGAK0\SX136.WAV,mgak0,sx136,dr7
datasets\TIMIT\TRAIN\DR7\MGAK0\SX226.WAV,mgak0,sx226,dr7
datasets\TIMIT\TRAIN\DR7\MGAK0\SX316.WAV,mgak0,sx316,dr7
datasets\TIMIT\TRAIN\DR7\MGAK0\SX406.WAV,mgak0,sx406,dr7
datasets\TIMIT\TRAIN\DR7\MGAK0\SX46.WAV,mgak0,sx46,dr7
datasets\TIMIT\TRAIN\DR7\MGAR0\SA1.WAV,mgar0,sa1,dr7
datasets\TIMIT\TRAIN\DR7\MGAR0\SA2.WAV,mgar0,sa2,dr7
datasets\TIMIT\TRAIN\DR7\MGAR0\SI1212.WAV,mgar0,si1212,dr7
datasets\TIMIT\TRAIN\DR7\MGAR0\SI1694.WAV,mgar0,si1694,dr7
datasets\TIMIT\TRAIN\DR7\MGAR0\SI1842.WAV,mgar0,si1842,dr7
datasets\TIMIT\TRAIN\DR7\MGAR0\SX132.WAV,mgar0,sx132,dr7
datasets\TIMIT\TRAIN\DR7\MGAR0\SX222.WAV,mgar0,sx222,dr7
datasets\TIMIT\TRAIN\DR7\MGAR0\SX312.WAV,mgar0,sx312,dr7
datasets\TIMIT\TRAIN\DR7\MGAR0\SX402.WAV,mgar0,sx402,dr7
datasets\TIMIT\TRAIN\DR7\MGAR0\SX42.WAV,mgar0,sx42,dr7
datasets\TIMIT\TRAIN\DR7\MGAW0\SA1.WAV,mgaw0,sa1,dr7
datasets\TIMIT\TRAIN\DR7\MGAW0\SA2.WAV,mgaw0,sa2,dr7
datasets\TIMIT\TRAIN\DR7\MGAW0\SI1165.WAV,mgaw0,si1165,dr7
datasets\TIMIT\TRAIN\DR7\MGAW0\SI1802.WAV,mgaw0,si1802,dr7
datasets\TIMIT\TRAIN\DR7\MGAW0\SI535.WAV,mgaw0,si535,dr7
datasets\TIMIT\TRAIN\DR7\MGAW0\SX175.WAV,mgaw0,sx175,dr7
datasets\TIMIT\TRAIN\DR7\MGAW0\SX265.WAV,mgaw0,sx265,dr7
datasets\TIMIT\TRAIN\DR7\MGAW0\SX355.WAV,mgaw0,sx355,dr7
datasets\TIMIT\TRAIN\DR7\MGAW0\SX445.WAV,mgaw0,sx445,dr7
datasets\TIMIT\TRAIN\DR7\MGAW0\SX85.WAV,mgaw0,sx85,dr7
datasets\TIMIT\TRAIN\DR7\MGSL0\SA1.WAV,mgsl0,sa1,dr7
datasets\TIMIT\TRAIN\DR7\MGSL0\SA2.WAV,mgsl0,sa2,dr7
datasets\TIMIT\TRAIN\DR7\MGSL0\SI1164.WAV,mgsl0,si1164,dr7
datasets\TIMIT\TRAIN\DR7\MGSL0\SI534.WAV,mgsl0,si534,dr7
datasets\TIMIT\TRAIN\DR7\MGSL0\SI797.WAV,mgsl0,si797,dr7
datasets\TIMIT\TRAIN\DR7\MGSL0\SX174.WAV,mgsl0,sx174,dr7
datasets\TIMIT\TRAIN\DR7\MGSL0\SX264.WAV,mgsl0,sx264,dr7
datasets\TIMIT\TRAIN\DR7\MGSL0\SX354.WAV,mgsl0,sx354,dr7
datasets\TIMIT\TRAIN\DR7\MGSL0\SX444.WAV,mgsl0,sx444,dr7
datasets\TIMIT\TRAIN\DR7\MGSL0\SX84.WAV,mgsl0,sx84,dr7
datasets\TIMIT\TRAIN\DR7\MHXL0\SA1.WAV,mhxl0,sa1,dr7
datasets\TIMIT\TRAIN\DR7\MHXL0\SA2.WAV,mhxl0,sa2,dr7
datasets\TIMIT\TRAIN\DR7\MHXL0\SI1772.WAV,mhxl0,si1772,dr7
datasets\TIMIT\TRAIN\DR7\MHXL0\SI512.WAV,mhxl0,si512,dr7
datasets\TIMIT\TRAIN\DR7\MHXL0\SI612.WAV,mhxl0,si612,dr7
datasets\TIMIT\TRAIN\DR7\MHXL0\SX152.WAV,mhxl0,sx152,dr7
datasets\TIMIT\TRAIN\DR7\MHXL0\SX242.WAV,mhxl0,sx242,dr7
datasets\TIMIT\TRAIN\DR7\MHXL0\SX332.WAV,mhxl0,sx332,dr7
datasets\TIMIT\TRAIN\DR7\MHXL0\SX422.WAV,mhxl0,sx422,dr7
datasets\TIMIT\TRAIN\DR7\MHXL0\SX62.WAV,mhxl0,sx62,dr7
datasets\TIMIT\TRAIN\DR7\MJDG0\SA1.WAV,mjdg0,sa1,dr7
datasets\TIMIT\TRAIN\DR7\MJDG0\SA2.WAV,mjdg0,sa2,dr7
datasets\TIMIT\TRAIN\DR7\MJDG0\SI1042.WAV,mjdg0,si1042,dr7
datasets\TIMIT\TRAIN\DR7\MJDG0\SI1672.WAV,mjdg0,si1672,dr7
datasets\TIMIT\TRAIN\DR7\MJDG0\SI1705.WAV,mjdg0,si1705,dr7
datasets\TIMIT\TRAIN\DR7\MJDG0\SX142.WAV,mjdg0,sx142,dr7
datasets\TIMIT\TRAIN\DR7\MJDG0\SX232.WAV,mjdg0,sx232,dr7
datasets\TIMIT\TRAIN\DR7\MJDG0\SX322.WAV,mjdg0,sx322,dr7
datasets\TIMIT\TRAIN\DR7\MJDG0\SX412.WAV,mjdg0,sx412,dr7
datasets\TIMIT\TRAIN\DR7\MJDG0\SX52.WAV,mjdg0,sx52,dr7
datasets\TIMIT\TRAIN\DR7\MJFR0\SA1.WAV,mjfr0,sa1,dr7
datasets\TIMIT\TRAIN\DR7\MJFR0\SA2.WAV,mjfr0,sa2,dr7
datasets\TIMIT\TRAIN\DR7\MJFR0\SI1605.WAV,mjfr0,si1605,dr7
datasets\TIMIT\TRAIN\DR7\MJFR0\SI2235.WAV,mjfr0,si2235,dr7
datasets\TIMIT\TRAIN\DR7\MJFR0\SI975.WAV,mjfr0,si975,dr7
datasets\TIMIT\TRAIN\DR7\MJFR0\SX165.WAV,mjfr0,sx165,dr7
datasets\TIMIT\TRAIN\DR7\MJFR0\SX255.WAV,mjfr0,sx255,dr7
datasets\TIMIT\TRAIN\DR7\MJFR0\SX345.WAV,mjfr0,sx345,dr7
datasets\TIMIT\TRAIN\DR7\MJFR0\SX435.WAV,mjfr0,sx435,dr7
datasets\TIMIT\TRAIN\DR7\MJFR0\SX75.WAV,mjfr0,sx75,dr7
datasets\TIMIT\TRAIN\DR7\MJJM0\SA1.WAV,mjjm0,sa1,dr7
datasets\TIMIT\TRAIN\DR7\MJJM0\SA2.WAV,mjjm0,sa2,dr7
datasets\TIMIT\TRAIN\DR7\MJJM0\SI1251.WAV,mjjm0,si1251,dr7
datasets\TIMIT\TRAIN\DR7\MJJM0\SI1457.WAV,mjjm0,si1457,dr7
datasets\TIMIT\TRAIN\DR7\MJJM0\SI827.WAV,mjjm0,si827,dr7
datasets\TIMIT\TRAIN\DR7\MJJM0\SX107.WAV,mjjm0,sx107,dr7
datasets\TIMIT\TRAIN\DR7\MJJM0\SX17.WAV,mjjm0,sx17,dr7
datasets\TIMIT\TRAIN\DR7\MJJM0\SX197.WAV,mjjm0,sx197,dr7
datasets\TIMIT\TRAIN\DR7\MJJM0\SX287.WAV,mjjm0,sx287,dr7
datasets\TIMIT\TRAIN\DR7\MJJM0\SX377.WAV,mjjm0,sx377,dr7
datasets\TIMIT\TRAIN\DR7\MJRA0\SA1.WAV,mjra0,sa1,dr7
datasets\TIMIT\TRAIN\DR7\MJRA0\SA2.WAV,mjra0,sa2,dr7
datasets\TIMIT\TRAIN\DR7\MJRA0\SI1236.WAV,mjra0,si1236,dr7
datasets\TIMIT\TRAIN\DR7\MJRA0\SI1866.WAV,mjra0,si1866,dr7
datasets\TIMIT\TRAIN\DR7\MJRA0\SI606.WAV,mjra0,si606,dr7
datasets\TIMIT\TRAIN\DR7\MJRA0\SX156.WAV,mjra0,sx156,dr7
datasets\TIMIT\TRAIN\DR7\MJRA0\SX246.WAV,mjra0,sx246,dr7
datasets\TIMIT\TRAIN\DR7\MJRA0\SX336.WAV,mjra0,sx336,dr7
datasets\TIMIT\TRAIN\DR7\MJRA0\SX426.WAV,mjra0,sx426,dr7
datasets\TIMIT\TRAIN\DR7\MJRA0\SX66.WAV,mjra0,sx66,dr7
datasets\TIMIT\TRAIN\DR7\MKAG0\SA1.WAV,mkag0,sa1,dr7
datasets\TIMIT\TRAIN\DR7\MKAG0\SA2.WAV,mkag0,sa2,dr7
datasets\TIMIT\TRAIN\DR7\MKAG0\SI1609.WAV,mkag0,si1609,dr7
datasets\TIMIT\TRAIN\DR7\MKAG0\SI2239.WAV,mkag0,si2239,dr7
datasets\TIMIT\TRAIN\DR7\MKAG0\SI979.WAV,mkag0,si979,dr7
datasets\TIMIT\TRAIN\DR7\MKAG0\SX169.WAV,mkag0,sx169,dr7
datasets\TIMIT\TRAIN\DR7\MKAG0\SX259.WAV,mkag0,sx259,dr7
datasets\TIMIT\TRAIN\DR7\MKAG0\SX30.WAV,mkag0,sx30,dr7
datasets\TIMIT\TRAIN\DR7\MKAG0\SX439.WAV,mkag0,sx439,dr7
datasets\TIMIT\TRAIN\DR7\MKAG0\SX79.WAV,mkag0,sx79,dr7
datasets\TIMIT\TRAIN\DR7\MKDB0\SA1.WAV,mkdb0,sa1,dr7
datasets\TIMIT\TRAIN\DR7\MKDB0\SA2.WAV,mkdb0,sa2,dr7
datasets\TIMIT\TRAIN\DR7\MKDB0\SI2132.WAV,mkdb0,si2132,dr7
datasets\TIMIT\TRAIN\DR7\MKDB0\SI588.WAV,mkdb0,si588,dr7
datasets\TIMIT\TRAIN\DR7\MKDB0\SI872.WAV,mkdb0,si872,dr7
datasets\TIMIT\TRAIN\DR7\MKDB0\SX152.WAV,mkdb0,sx152,dr7
datasets\TIMIT\TRAIN\DR7\MKDB0\SX242.WAV,mkdb0,sx242,dr7
datasets\TIMIT\TRAIN\DR7\MKDB0\SX332.WAV,mkdb0,sx332,dr7
datasets\TIMIT\TRAIN\DR7\MKDB0\SX422.WAV,mkdb0,sx422,dr7
datasets\TIMIT\TRAIN\DR7\MKDB0\SX62.WAV,mkdb0,sx62,dr7
datasets\TIMIT\TRAIN\DR7\MMDG0\SA1.WAV,mmdg0,sa1,dr7
datasets\TIMIT\TRAIN\DR7\MMDG0\SA2.WAV,mmdg0,sa2,dr7
datasets\TIMIT\TRAIN\DR7\MMDG0\SI1780.WAV,mmdg0,si1780,dr7
datasets\TIMIT\TRAIN\DR7\MMDG0\SI2035.WAV,mmdg0,si2035,dr7
datasets\TIMIT\TRAIN\DR7\MMDG0\SI520.WAV,mmdg0,si520,dr7
datasets\TIMIT\TRAIN\DR7\MMDG0\SX160.WAV,mmdg0,sx160,dr7
datasets\TIMIT\TRAIN\DR7\MMDG0\SX250.WAV,mmdg0,sx250,dr7
datasets\TIMIT\TRAIN\DR7\MMDG0\SX340.WAV,mmdg0,sx340,dr7
datasets\TIMIT\TRAIN\DR7\MMDG0\SX430.WAV,mmdg0,sx430,dr7
datasets\TIMIT\TRAIN\DR7\MMDG0\SX70.WAV,mmdg0,sx70,dr7
datasets\TIMIT\TRAIN\DR7\MNTW0\SA1.WAV,mntw0,sa1,dr7
datasets\TIMIT\TRAIN\DR7\MNTW0\SA2.WAV,mntw0,sa2,dr7
datasets\TIMIT\TRAIN\DR7\MNTW0\SI1068.WAV,mntw0,si1068,dr7
datasets\TIMIT\TRAIN\DR7\MNTW0\SI1698.WAV,mntw0,si1698,dr7
datasets\TIMIT\TRAIN\DR7\MNTW0\SI2328.WAV,mntw0,si2328,dr7
datasets\TIMIT\TRAIN\DR7\MNTW0\SX168.WAV,mntw0,sx168,dr7
datasets\TIMIT\TRAIN\DR7\MNTW0\SX202.WAV,mntw0,sx202,dr7
datasets\TIMIT\TRAIN\DR7\MNTW0\SX258.WAV,mntw0,sx258,dr7
datasets\TIMIT\TRAIN\DR7\MNTW0\SX348.WAV,mntw0,sx348,dr7
datasets\TIMIT\TRAIN\DR7\MNTW0\SX78.WAV,mntw0,sx78,dr7
datasets\TIMIT\TRAIN\DR7\MREM0\SA1.WAV,mrem0,sa1,dr7
datasets\TIMIT\TRAIN\DR7\MREM0\SA2.WAV,mrem0,sa2,dr7
datasets\TIMIT\TRAIN\DR7\MREM0\SI1591.WAV,mrem0,si1591,dr7
datasets\TIMIT\TRAIN\DR7\MREM0\SI511.WAV,mrem0,si511,dr7
datasets\TIMIT\TRAIN\DR7\MREM0\SI961.WAV,mrem0,si961,dr7
datasets\TIMIT\TRAIN\DR7\MREM0\SX151.WAV,mrem0,sx151,dr7
datasets\TIMIT\TRAIN\DR7\MREM0\SX241.WAV,mrem0,sx241,dr7
datasets\TIMIT\TRAIN\DR7\MREM0\SX331.WAV,mrem0,sx331,dr7
datasets\TIMIT\TRAIN\DR7\MREM0\SX421.WAV,mrem0,sx421,dr7
datasets\TIMIT\TRAIN\DR7\MREM0\SX61.WAV,mrem0,sx61,dr7
datasets\TIMIT\TRAIN\DR7\MRLJ1\SA1.WAV,mrlj1,sa1,dr7
datasets\TIMIT\TRAIN\DR7\MRLJ1\SA2.WAV,mrlj1,sa2,dr7
datasets\TIMIT\TRAIN\DR7\MRLJ1\SI1671.WAV,mrlj1,si1671,dr7
datasets\TIMIT\TRAIN\DR7\MRLJ1\SI2301.WAV,mrlj1,si2301,dr7
datasets\TIMIT\TRAIN\DR7\MRLJ1\SI2332.WAV,mrlj1,si2332,dr7
datasets\TIMIT\TRAIN\DR7\MRLJ1\SX141.WAV,mrlj1,sx141,dr7
datasets\TIMIT\TRAIN\DR7\MRLJ1\SX231.WAV,mrlj1,sx231,dr7
datasets\TIMIT\TRAIN\DR7\MRLJ1\SX321.WAV,mrlj1,sx321,dr7
datasets\TIMIT\TRAIN\DR7\MRLJ1\SX411.WAV,mrlj1,sx411,dr7
datasets\TIMIT\TRAIN\DR7\MRLJ1\SX51.WAV,mrlj1,sx51,dr7
datasets\TIMIT\TRAIN\DR7\MRMG0\SA1.WAV,mrmg0,sa1,dr7
datasets\TIMIT\TRAIN\DR7\MRMG0\SA2.WAV,mrmg0,sa2,dr7
datasets\TIMIT\TRAIN\DR7\MRMG0\SI1080.WAV,mrmg0,si1080,dr7
datasets\TIMIT\TRAIN\DR7\MRMG0\SI1710.WAV,mrmg0,si1710,dr7
datasets\TIMIT\TRAIN\DR7\MRMG0\SI2340.WAV,mrmg0,si2340,dr7
datasets\TIMIT\TRAIN\DR7\MRMG0\SX180.WAV,mrmg0,sx180,dr7
datasets\TIMIT\TRAIN\DR7\MRMG0\SX270.WAV,mrmg0,sx270,dr7
datasets\TIMIT\TRAIN\DR7\MRMG0\SX360.WAV,mrmg0,sx360,dr7
datasets\TIMIT\TRAIN\DR7\MRMG0\SX450.WAV,mrmg0,sx450,dr7
datasets\TIMIT\TRAIN\DR7\MRMG0\SX90.WAV,mrmg0,sx90,dr7
datasets\TIMIT\TRAIN\DR7\MRMH0\SA1.WAV,mrmh0,sa1,dr7
datasets\TIMIT\TRAIN\DR7\MRMH0\SA2.WAV,mrmh0,sa2,dr7
datasets\TIMIT\TRAIN\DR7\MRMH0\SI1021.WAV,mrmh0,si1021,dr7
datasets\TIMIT\TRAIN\DR7\MRMH0\SI1349.WAV,mrmh0,si1349,dr7
datasets\TIMIT\TRAIN\DR7\MRMH0\SI2281.WAV,mrmh0,si2281,dr7
datasets\TIMIT\TRAIN\DR7\MRMH0\SX121.WAV,mrmh0,sx121,dr7
datasets\TIMIT\TRAIN\DR7\MRMH0\SX211.WAV,mrmh0,sx211,dr7
datasets\TIMIT\TRAIN\DR7\MRMH0\SX301.WAV,mrmh0,sx301,dr7
datasets\TIMIT\TRAIN\DR7\MRMH0\SX31.WAV,mrmh0,sx31,dr7
datasets\TIMIT\TRAIN\DR7\MRMH0\SX391.WAV,mrmh0,sx391,dr7
datasets\TIMIT\TRAIN\DR7\MRPC1\SA1.WAV,mrpc1,sa1,dr7
datasets\TIMIT\TRAIN\DR7\MRPC1\SA2.WAV,mrpc1,sa2,dr7
datasets\TIMIT\TRAIN\DR7\MRPC1\SI1482.WAV,mrpc1,si1482,dr7
datasets\TIMIT\TRAIN\DR7\MRPC1\SI2026.WAV,mrpc1,si2026,dr7
datasets\TIMIT\TRAIN\DR7\MRPC1\SI2112.WAV,mrpc1,si2112,dr7
datasets\TIMIT\TRAIN\DR7\MRPC1\SX132.WAV,mrpc1,sx132,dr7
datasets\TIMIT\TRAIN\DR7\MRPC1\SX222.WAV,mrpc1,sx222,dr7
datasets\TIMIT\TRAIN\DR7\MRPC1\SX312.WAV,mrpc1,sx312,dr7
datasets\TIMIT\TRAIN\DR7\MRPC1\SX402.WAV,mrpc1,sx402,dr7
datasets\TIMIT\TRAIN\DR7\MRPC1\SX42.WAV,mrpc1,sx42,dr7
datasets\TIMIT\TRAIN\DR7\MSAH1\SA1.WAV,msah1,sa1,dr7
datasets\TIMIT\TRAIN\DR7\MSAH1\SA2.WAV,msah1,sa2,dr7
datasets\TIMIT\TRAIN\DR7\MSAH1\SI1049.WAV,msah1,si1049,dr7
datasets\TIMIT\TRAIN\DR7\MSAH1\SI1679.WAV,msah1,si1679,dr7
datasets\TIMIT\TRAIN\DR7\MSAH1\SI2309.WAV,msah1,si2309,dr7
datasets\TIMIT\TRAIN\DR7\MSAH1\SX149.WAV,msah1,sx149,dr7
datasets\TIMIT\TRAIN\DR7\MSAH1\SX239.WAV,msah1,sx239,dr7
datasets\TIMIT\TRAIN\DR7\MSAH1\SX329.WAV,msah1,sx329,dr7
datasets\TIMIT\TRAIN\DR7\MSAH1\SX419.WAV,msah1,sx419,dr7
datasets\TIMIT\TRAIN\DR7\MSAH1\SX59.WAV,msah1,sx59,dr7
datasets\TIMIT\TRAIN\DR7\MSES0\SA1.WAV,mses0,sa1,dr7
datasets\TIMIT\TRAIN\DR7\MSES0\SA2.WAV,mses0,sa2,dr7
datasets\TIMIT\TRAIN\DR7\MSES0\SI1589.WAV,mses0,si1589,dr7
datasets\TIMIT\TRAIN\DR7\MSES0\SI2216.WAV,mses0,si2216,dr7
datasets\TIMIT\TRAIN\DR7\MSES0\SI2219.WAV,mses0,si2219,dr7
datasets\TIMIT\TRAIN\DR7\MSES0\SX149.WAV,mses0,sx149,dr7
datasets\TIMIT\TRAIN\DR7\MSES0\SX239.WAV,mses0,sx239,dr7
datasets\TIMIT\TRAIN\DR7\MSES0\SX329.WAV,mses0,sx329,dr7
datasets\TIMIT\TRAIN\DR7\MSES0\SX419.WAV,mses0,sx419,dr7
datasets\TIMIT\TRAIN\DR7\MSES0\SX59.WAV,mses0,sx59,dr7
datasets\TIMIT\TRAIN\DR7\MTAB0\SA1.WAV,mtab0,sa1,dr7
datasets\TIMIT\TRAIN\DR7\MTAB0\SA2.WAV,mtab0,sa2,dr7
datasets\TIMIT\TRAIN\DR7\MTAB0\SI1572.WAV,mtab0,si1572,dr7
datasets\TIMIT\TRAIN\DR7\MTAB0\SI2202.WAV,mtab0,si2202,dr7
datasets\TIMIT\TRAIN\DR7\MTAB0\SI942.WAV,mtab0,si942,dr7
datasets\TIMIT\TRAIN\DR7\MTAB0\SX132.WAV,mtab0,sx132,dr7
datasets\TIMIT\TRAIN\DR7\MTAB0\SX222.WAV,mtab0,sx222,dr7
datasets\TIMIT\TRAIN\DR7\MTAB0\SX312.WAV,mtab0,sx312,dr7
datasets\TIMIT\TRAIN\DR7\MTAB0\SX402.WAV,mtab0,sx402,dr7
datasets\TIMIT\TRAIN\DR7\MTAB0\SX42.WAV,mtab0,sx42,dr7
datasets\TIMIT\TRAIN\DR7\MTER0\SA1.WAV,mter0,sa1,dr7
datasets\TIMIT\TRAIN\DR7\MTER0\SA2.WAV,mter0,sa2,dr7
datasets\TIMIT\TRAIN\DR7\MTER0\SI1157.WAV,mter0,si1157,dr7
datasets\TIMIT\TRAIN\DR7\MTER0\SI1787.WAV,mter0,si1787,dr7
datasets\TIMIT\TRAIN\DR7\MTER0\SI527.WAV,mter0,si527,dr7
datasets\TIMIT\TRAIN\DR7\MTER0\SX167.WAV,mter0,sx167,dr7
datasets\TIMIT\TRAIN\DR7\MTER0\SX17.WAV,mter0,sx17,dr7
datasets\TIMIT\TRAIN\DR7\MTER0\SX257.WAV,mter0,sx257,dr7
datasets\TIMIT\TRAIN\DR7\MTER0\SX437.WAV,mter0,sx437,dr7
datasets\TIMIT\TRAIN\DR7\MTER0\SX77.WAV,mter0,sx77,dr7
datasets\TIMIT\TRAIN\DR7\MTKD0\SA1.WAV,mtkd0,sa1,dr7
datasets\TIMIT\TRAIN\DR7\MTKD0\SA2.WAV,mtkd0,sa2,dr7
datasets\TIMIT\TRAIN\DR7\MTKD0\SI1187.WAV,mtkd0,si1187,dr7
datasets\TIMIT\TRAIN\DR7\MTKD0\SI1817.WAV,mtkd0,si1817,dr7
datasets\TIMIT\TRAIN\DR7\MTKD0\SI630.WAV,mtkd0,si630,dr7
datasets\TIMIT\TRAIN\DR7\MTKD0\SX107.WAV,mtkd0,sx107,dr7
datasets\TIMIT\TRAIN\DR7\MTKD0\SX17.WAV,mtkd0,sx17,dr7
datasets\TIMIT\TRAIN\DR7\MTKD0\SX197.WAV,mtkd0,sx197,dr7
datasets\TIMIT\TRAIN\DR7\MTKD0\SX287.WAV,mtkd0,sx287,dr7
datasets\TIMIT\TRAIN\DR7\MTKD0\SX377.WAV,mtkd0,sx377,dr7
datasets\TIMIT\TRAIN\DR7\MTLC0\SA1.WAV,mtlc0,sa1,dr7
datasets\TIMIT\TRAIN\DR7\MTLC0\SA2.WAV,mtlc0,sa2,dr7
datasets\TIMIT\TRAIN\DR7\MTLC0\SI1313.WAV,mtlc0,si1313,dr7
datasets\TIMIT\TRAIN\DR7\MTLC0\SI1477.WAV,mtlc0,si1477,dr7
datasets\TIMIT\TRAIN\DR7\MTLC0\SI847.WAV,mtlc0,si847,dr7
datasets\TIMIT\TRAIN\DR7\MTLC0\SX127.WAV,mtlc0,sx127,dr7
datasets\TIMIT\TRAIN\DR7\MTLC0\SX217.WAV,mtlc0,sx217,dr7
datasets\TIMIT\TRAIN\DR7\MTLC0\SX307.WAV,mtlc0,sx307,dr7
datasets\TIMIT\TRAIN\DR7\MTLC0\SX37.WAV,mtlc0,sx37,dr7
datasets\TIMIT\TRAIN\DR7\MTLC0\SX397.WAV,mtlc0,sx397,dr7
datasets\TIMIT\TRAIN\DR7\MTML0\SA1.WAV,mtml0,sa1,dr7
datasets\TIMIT\TRAIN\DR7\MTML0\SA2.WAV,mtml0,sa2,dr7
datasets\TIMIT\TRAIN\DR7\MTML0\SI1065.WAV,mtml0,si1065,dr7
datasets\TIMIT\TRAIN\DR7\MTML0\SI1695.WAV,mtml0,si1695,dr7
datasets\TIMIT\TRAIN\DR7\MTML0\SI2325.WAV,mtml0,si2325,dr7
datasets\TIMIT\TRAIN\DR7\MTML0\SX165.WAV,mtml0,sx165,dr7
datasets\TIMIT\TRAIN\DR7\MTML0\SX255.WAV,mtml0,sx255,dr7
datasets\TIMIT\TRAIN\DR7\MTML0\SX345.WAV,mtml0,sx345,dr7
datasets\TIMIT\TRAIN\DR7\MTML0\SX435.WAV,mtml0,sx435,dr7
datasets\TIMIT\TRAIN\DR7\MTML0\SX75.WAV,mtml0,sx75,dr7
datasets\TIMIT\TRAIN\DR7\MTMN0\SA1.WAV,mtmn0,sa1,dr7
datasets\TIMIT\TRAIN\DR7\MTMN0\SA2.WAV,mtmn0,sa2,dr7
datasets\TIMIT\TRAIN\DR7\MTMN0\SI1064.WAV,mtmn0,si1064,dr7
datasets\TIMIT\TRAIN\DR7\MTMN0\SI2324.WAV,mtmn0,si2324,dr7
datasets\TIMIT\TRAIN\DR7\MTMN0\SI582.WAV,mtmn0,si582,dr7
datasets\TIMIT\TRAIN\DR7\MTMN0\SX164.WAV,mtmn0,sx164,dr7
datasets\TIMIT\TRAIN\DR7\MTMN0\SX254.WAV,mtmn0,sx254,dr7
datasets\TIMIT\TRAIN\DR7\MTMN0\SX344.WAV,mtmn0,sx344,dr7
datasets\TIMIT\TRAIN\DR7\MTMN0\SX434.WAV,mtmn0,sx434,dr7
datasets\TIMIT\TRAIN\DR7\MTMN0\SX74.WAV,mtmn0,sx74,dr7
datasets\TIMIT\TRAIN\DR7\MTPR0\SA1.WAV,mtpr0,sa1,dr7
datasets\TIMIT\TRAIN\DR7\MTPR0\SA2.WAV,mtpr0,sa2,dr7
datasets\TIMIT\TRAIN\DR7\MTPR0\SI1600.WAV,mtpr0,si1600,dr7
datasets\TIMIT\TRAIN\DR7\MTPR0\SI2230.WAV,mtpr0,si2230,dr7
datasets\TIMIT\TRAIN\DR7\MTPR0\SI506.WAV,mtpr0,si506,dr7
datasets\TIMIT\TRAIN\DR7\MTPR0\SX160.WAV,mtpr0,sx160,dr7
datasets\TIMIT\TRAIN\DR7\MTPR0\SX250.WAV,mtpr0,sx250,dr7
datasets\TIMIT\TRAIN\DR7\MTPR0\SX340.WAV,mtpr0,sx340,dr7
datasets\TIMIT\TRAIN\DR7\MTPR0\SX430.WAV,mtpr0,sx430,dr7
datasets\TIMIT\TRAIN\DR7\MTPR0\SX70.WAV,mtpr0,sx70,dr7
datasets\TIMIT\TRAIN\DR7\MTWH1\SA1.WAV,mtwh1,sa1,dr7
datasets\TIMIT\TRAIN\DR7\MTWH1\SA2.WAV,mtwh1,sa2,dr7
datasets\TIMIT\TRAIN\DR7\MTWH1\SI1512.WAV,mtwh1,si1512,dr7
datasets\TIMIT\TRAIN\DR7\MTWH1\SI2142.WAV,mtwh1,si2142,dr7
datasets\TIMIT\TRAIN\DR7\MTWH1\SI882.WAV,mtwh1,si882,dr7
datasets\TIMIT\TRAIN\DR7\MTWH1\SX162.WAV,mtwh1,sx162,dr7
datasets\TIMIT\TRAIN\DR7\MTWH1\SX252.WAV,mtwh1,sx252,dr7
datasets\TIMIT\TRAIN\DR7\MTWH1\SX342.WAV,mtwh1,sx342,dr7
datasets\TIMIT\TRAIN\DR7\MTWH1\SX432.WAV,mtwh1,sx432,dr7
datasets\TIMIT\TRAIN\DR7\MTWH1\SX72.WAV,mtwh1,sx72,dr7
datasets\TIMIT\TRAIN\DR7\MVRW0\SA1.WAV,mvrw0,sa1,dr7
datasets\TIMIT\TRAIN\DR7\MVRW0\SA2.WAV,mvrw0,sa2,dr7
datasets\TIMIT\TRAIN\DR7\MVRW0\SI1485.WAV,mvrw0,si1485,dr7
datasets\TIMIT\TRAIN\DR7\MVRW0\SI2115.WAV,mvrw0,si2115,dr7
datasets\TIMIT\TRAIN\DR7\MVRW0\SI855.WAV,mvrw0,si855,dr7
datasets\TIMIT\TRAIN\DR7\MVRW0\SX135.WAV,mvrw0,sx135,dr7
datasets\TIMIT\TRAIN\DR7\MVRW0\SX225.WAV,mvrw0,sx225,dr7
datasets\TIMIT\TRAIN\DR7\MVRW0\SX315.WAV,mvrw0,sx315,dr7
datasets\TIMIT\TRAIN\DR7\MVRW0\SX405.WAV,mvrw0,sx405,dr7
datasets\TIMIT\TRAIN\DR7\MVRW0\SX45.WAV,mvrw0,sx45,dr7
datasets\TIMIT\TRAIN\DR7\MWRE0\SA1.WAV,mwre0,sa1,dr7
datasets\TIMIT\TRAIN\DR7\MWRE0\SA2.WAV,mwre0,sa2,dr7
datasets\TIMIT\TRAIN\DR7\MWRE0\SI1057.WAV,mwre0,si1057,dr7
datasets\TIMIT\TRAIN\DR7\MWRE0\SI1687.WAV,mwre0,si1687,dr7
datasets\TIMIT\TRAIN\DR7\MWRE0\SI2317.WAV,mwre0,si2317,dr7
datasets\TIMIT\TRAIN\DR7\MWRE0\SX157.WAV,mwre0,sx157,dr7
datasets\TIMIT\TRAIN\DR7\MWRE0\SX247.WAV,mwre0,sx247,dr7
datasets\TIMIT\TRAIN\DR7\MWRE0\SX337.WAV,mwre0,sx337,dr7
datasets\TIMIT\TRAIN\DR7\MWRE0\SX427.WAV,mwre0,sx427,dr7
datasets\TIMIT\TRAIN\DR7\MWRE0\SX67.WAV,mwre0,sx67,dr7
datasets\TIMIT\TRAIN\DR7\MWRP0\SA1.WAV,mwrp0,sa1,dr7
datasets\TIMIT\TRAIN\DR7\MWRP0\SA2.WAV,mwrp0,sa2,dr7
datasets\TIMIT\TRAIN\DR7\MWRP0\SI1443.WAV,mwrp0,si1443,dr7
datasets\TIMIT\TRAIN\DR7\MWRP0\SI1525.WAV,mwrp0,si1525,dr7
datasets\TIMIT\TRAIN\DR7\MWRP0\SI2073.WAV,mwrp0,si2073,dr7
datasets\TIMIT\TRAIN\DR7\MWRP0\SX183.WAV,mwrp0,sx183,dr7
datasets\TIMIT\TRAIN\DR7\MWRP0\SX273.WAV,mwrp0,sx273,dr7
datasets\TIMIT\TRAIN\DR7\MWRP0\SX3.WAV,mwrp0,sx3,dr7
datasets\TIMIT\TRAIN\DR7\MWRP0\SX363.WAV,mwrp0,sx363,dr7
datasets\TIMIT\TRAIN\DR7\MWRP0\SX93.WAV,mwrp0,sx93,dr7
datasets\TIMIT\TRAIN\DR8\FBCG1\SA1.WAV,fbcg1,sa1,dr8
datasets\TIMIT\TRAIN\DR8\FBCG1\SA2.WAV,fbcg1,sa2,dr8
datasets\TIMIT\TRAIN\DR8\FBCG1\SI1612.WAV,fbcg1,si1612,dr8
datasets\TIMIT\TRAIN\DR8\FBCG1\SI2242.WAV,fbcg1,si2242,dr8
datasets\TIMIT\TRAIN\DR8\FBCG1\SI982.WAV,fbcg1,si982,dr8
datasets\TIMIT\TRAIN\DR8\FBCG1\SX172.WAV,fbcg1,sx172,dr8
datasets\TIMIT\TRAIN\DR8\FBCG1\SX262.WAV,fbcg1,sx262,dr8
datasets\TIMIT\TRAIN\DR8\FBCG1\SX352.WAV,fbcg1,sx352,dr8
datasets\TIMIT\TRAIN\DR8\FBCG1\SX442.WAV,fbcg1,sx442,dr8
datasets\TIMIT\TRAIN\DR8\FBCG1\SX82.WAV,fbcg1,sx82,dr8
datasets\TIMIT\TRAIN\DR8\FCEG0\SA1.WAV,fceg0,sa1,dr8
datasets\TIMIT\TRAIN\DR8\FCEG0\SA2.WAV,fceg0,sa2,dr8
datasets\TIMIT\TRAIN\DR8\FCEG0\SI1248.WAV,fceg0,si1248,dr8
datasets\TIMIT\TRAIN\DR8\FCEG0\SI1878.WAV,fceg0,si1878,dr8
datasets\TIMIT\TRAIN\DR8\FCEG0\SI618.WAV,fceg0,si618,dr8
datasets\TIMIT\TRAIN\DR8\FCEG0\SX168.WAV,fceg0,sx168,dr8
datasets\TIMIT\TRAIN\DR8\FCEG0\SX258.WAV,fceg0,sx258,dr8
datasets\TIMIT\TRAIN\DR8\FCEG0\SX348.WAV,fceg0,sx348,dr8
datasets\TIMIT\TRAIN\DR8\FCEG0\SX438.WAV,fceg0,sx438,dr8
datasets\TIMIT\TRAIN\DR8\FCEG0\SX78.WAV,fceg0,sx78,dr8
datasets\TIMIT\TRAIN\DR8\FJRB0\SA1.WAV,fjrb0,sa1,dr8
datasets\TIMIT\TRAIN\DR8\FJRB0\SA2.WAV,fjrb0,sa2,dr8
datasets\TIMIT\TRAIN\DR8\FJRB0\SI1302.WAV,fjrb0,si1302,dr8
datasets\TIMIT\TRAIN\DR8\FJRB0\SI1932.WAV,fjrb0,si1932,dr8
datasets\TIMIT\TRAIN\DR8\FJRB0\SI672.WAV,fjrb0,si672,dr8
datasets\TIMIT\TRAIN\DR8\FJRB0\SX132.WAV,fjrb0,sx132,dr8
datasets\TIMIT\TRAIN\DR8\FJRB0\SX222.WAV,fjrb0,sx222,dr8
datasets\TIMIT\TRAIN\DR8\FJRB0\SX312.WAV,fjrb0,sx312,dr8
datasets\TIMIT\TRAIN\DR8\FJRB0\SX402.WAV,fjrb0,sx402,dr8
datasets\TIMIT\TRAIN\DR8\FJRB0\SX42.WAV,fjrb0,sx42,dr8
datasets\TIMIT\TRAIN\DR8\FKLH0\SA1.WAV,fklh0,sa1,dr8
datasets\TIMIT\TRAIN\DR8\FKLH0\SA2.WAV,fklh0,sa2,dr8
datasets\TIMIT\TRAIN\DR8\FKLH0\SI1257.WAV,fklh0,si1257,dr8
datasets\TIMIT\TRAIN\DR8\FKLH0\SI1887.WAV,fklh0,si1887,dr8
datasets\TIMIT\TRAIN\DR8\FKLH0\SI627.WAV,fklh0,si627,dr8
datasets\TIMIT\TRAIN\DR8\FKLH0\SX177.WAV,fklh0,sx177,dr8
datasets\TIMIT\TRAIN\DR8\FKLH0\SX267.WAV,fklh0,sx267,dr8
datasets\TIMIT\TRAIN\DR8\FKLH0\SX357.WAV,fklh0,sx357,dr8
datasets\TIMIT\TRAIN\DR8\FKLH0\SX447.WAV,fklh0,sx447,dr8
datasets\TIMIT\TRAIN\DR8\FKLH0\SX87.WAV,fklh0,sx87,dr8
datasets\TIMIT\TRAIN\DR8\FMBG0\SA1.WAV,fmbg0,sa1,dr8
datasets\TIMIT\TRAIN\DR8\FMBG0\SA2.WAV,fmbg0,sa2,dr8
datasets\TIMIT\TRAIN\DR8\FMBG0\SI1160.WAV,fmbg0,si1160,dr8
datasets\TIMIT\TRAIN\DR8\FMBG0\SI1790.WAV,fmbg0,si1790,dr8
datasets\TIMIT\TRAIN\DR8\FMBG0\SI2264.WAV,fmbg0,si2264,dr8
datasets\TIMIT\TRAIN\DR8\FMBG0\SX260.WAV,fmbg0,sx260,dr8
datasets\TIMIT\TRAIN\DR8\FMBG0\SX3.WAV,fmbg0,sx3,dr8
datasets\TIMIT\TRAIN\DR8\FMBG0\SX350.WAV,fmbg0,sx350,dr8
datasets\TIMIT\TRAIN\DR8\FMBG0\SX440.WAV,fmbg0,sx440,dr8
datasets\TIMIT\TRAIN\DR8\FMBG0\SX80.WAV,fmbg0,sx80,dr8
datasets\TIMIT\TRAIN\DR8\FNKL0\SA1.WAV,fnkl0,sa1,dr8
datasets\TIMIT\TRAIN\DR8\FNKL0\SA2.WAV,fnkl0,sa2,dr8
datasets\TIMIT\TRAIN\DR8\FNKL0\SI1522.WAV,fnkl0,si1522,dr8
datasets\TIMIT\TRAIN\DR8\FNKL0\SI2152.WAV,fnkl0,si2152,dr8
datasets\TIMIT\TRAIN\DR8\FNKL0\SI892.WAV,fnkl0,si892,dr8
datasets\TIMIT\TRAIN\DR8\FNKL0\SX172.WAV,fnkl0,sx172,dr8
datasets\TIMIT\TRAIN\DR8\FNKL0\SX196.WAV,fnkl0,sx196,dr8
datasets\TIMIT\TRAIN\DR8\FNKL0\SX262.WAV,fnkl0,sx262,dr8
datasets\TIMIT\TRAIN\DR8\FNKL0\SX442.WAV,fnkl0,sx442,dr8
datasets\TIMIT\TRAIN\DR8\FNKL0\SX82.WAV,fnkl0,sx82,dr8
datasets\TIMIT\TRAIN\DR8\MCXM0\SA1.WAV,mcxm0,sa1,dr8
datasets\TIMIT\TRAIN\DR8\MCXM0\SA2.WAV,mcxm0,sa2,dr8
datasets\TIMIT\TRAIN\DR8\MCXM0\SI1351.WAV,mcxm0,si1351,dr8
datasets\TIMIT\TRAIN\DR8\MCXM0\SI1981.WAV,mcxm0,si1981,dr8
datasets\TIMIT\TRAIN\DR8\MCXM0\SI721.WAV,mcxm0,si721,dr8
datasets\TIMIT\TRAIN\DR8\MCXM0\SX181.WAV,mcxm0,sx181,dr8
datasets\TIMIT\TRAIN\DR8\MCXM0\SX271.WAV,mcxm0,sx271,dr8
datasets\TIMIT\TRAIN\DR8\MCXM0\SX361.WAV,mcxm0,sx361,dr8
datasets\TIMIT\TRAIN\DR8\MCXM0\SX451.WAV,mcxm0,sx451,dr8
datasets\TIMIT\TRAIN\DR8\MCXM0\SX91.WAV,mcxm0,sx91,dr8
datasets\TIMIT\TRAIN\DR8\MEJS0\SA1.WAV,mejs0,sa1,dr8
datasets\TIMIT\TRAIN\DR8\MEJS0\SA2.WAV,mejs0,sa2,dr8
datasets\TIMIT\TRAIN\DR8\MEJS0\SI1240.WAV,mejs0,si1240,dr8
datasets\TIMIT\TRAIN\DR8\MEJS0\SI1870.WAV,mejs0,si1870,dr8
datasets\TIMIT\TRAIN\DR8\MEJS0\SI610.WAV,mejs0,si610,dr8
datasets\TIMIT\TRAIN\DR8\MEJS0\SX160.WAV,mejs0,sx160,dr8
datasets\TIMIT\TRAIN\DR8\MEJS0\SX250.WAV,mejs0,sx250,dr8
datasets\TIMIT\TRAIN\DR8\MEJS0\SX340.WAV,mejs0,sx340,dr8
datasets\TIMIT\TRAIN\DR8\MEJS0\SX430.WAV,mejs0,sx430,dr8
datasets\TIMIT\TRAIN\DR8\MEJS0\SX70.WAV,mejs0,sx70,dr8
datasets\TIMIT\TRAIN\DR8\MKDD0\SA1.WAV,mkdd0,sa1,dr8
datasets\TIMIT\TRAIN\DR8\MKDD0\SA2.WAV,mkdd0,sa2,dr8
datasets\TIMIT\TRAIN\DR8\MKDD0\SI1567.WAV,mkdd0,si1567,dr8
datasets\TIMIT\TRAIN\DR8\MKDD0\SI2197.WAV,mkdd0,si2197,dr8
datasets\TIMIT\TRAIN\DR8\MKDD0\SI937.WAV,mkdd0,si937,dr8
datasets\TIMIT\TRAIN\DR8\MKDD0\SX127.WAV,mkdd0,sx127,dr8
datasets\TIMIT\TRAIN\DR8\MKDD0\SX217.WAV,mkdd0,sx217,dr8
datasets\TIMIT\TRAIN\DR8\MKDD0\SX307.WAV,mkdd0,sx307,dr8
datasets\TIMIT\TRAIN\DR8\MKDD0\SX37.WAV,mkdd0,sx37,dr8
datasets\TIMIT\TRAIN\DR8\MKDD0\SX397.WAV,mkdd0,sx397,dr8
datasets\TIMIT\TRAIN\DR8\MMEA0\SA1.WAV,mmea0,sa1,dr8
datasets\TIMIT\TRAIN\DR8\MMEA0\SA2.WAV,mmea0,sa2,dr8
datasets\TIMIT\TRAIN\DR8\MMEA0\SI1388.WAV,mmea0,si1388,dr8
datasets\TIMIT\TRAIN\DR8\MMEA0\SI2018.WAV,mmea0,si2018,dr8
datasets\TIMIT\TRAIN\DR8\MMEA0\SI758.WAV,mmea0,si758,dr8
datasets\TIMIT\TRAIN\DR8\MMEA0\SX128.WAV,mmea0,sx128,dr8
datasets\TIMIT\TRAIN\DR8\MMEA0\SX218.WAV,mmea0,sx218,dr8
datasets\TIMIT\TRAIN\DR8\MMEA0\SX308.WAV,mmea0,sx308,dr8
datasets\TIMIT\TRAIN\DR8\MMEA0\SX38.WAV,mmea0,sx38,dr8
datasets\TIMIT\TRAIN\DR8\MMEA0\SX398.WAV,mmea0,sx398,dr8
datasets\TIMIT\TRAIN\DR8\MMLM0\SA1.WAV,mmlm0,sa1,dr8
datasets\TIMIT\TRAIN\DR8\MMLM0\SA2.WAV,mmlm0,sa2,dr8
datasets\TIMIT\TRAIN\DR8\MMLM0\SI1527.WAV,mmlm0,si1527,dr8
datasets\TIMIT\TRAIN\DR8\MMLM0\SI2150.WAV,mmlm0,si2150,dr8
datasets\TIMIT\TRAIN\DR8\MMLM0\SI897.WAV,mmlm0,si897,dr8
datasets\TIMIT\TRAIN\DR8\MMLM0\SX177.WAV,mmlm0,sx177,dr8
datasets\TIMIT\TRAIN\DR8\MMLM0\SX267.WAV,mmlm0,sx267,dr8
datasets\TIMIT\TRAIN\DR8\MMLM0\SX357.WAV,mmlm0,sx357,dr8
datasets\TIMIT\TRAIN\DR8\MMLM0\SX447.WAV,mmlm0,sx447,dr8
datasets\TIMIT\TRAIN\DR8\MMLM0\SX87.WAV,mmlm0,sx87,dr8
datasets\TIMIT\TRAIN\DR8\MRDM0\SA1.WAV,mrdm0,sa1,dr8
datasets\TIMIT\TRAIN\DR8\MRDM0\SA2.WAV,mrdm0,sa2,dr8
datasets\TIMIT\TRAIN\DR8\MRDM0\SI1044.WAV,mrdm0,si1044,dr8
datasets\TIMIT\TRAIN\DR8\MRDM0\SI1595.WAV,mrdm0,si1595,dr8
datasets\TIMIT\TRAIN\DR8\MRDM0\SI965.WAV,mrdm0,si965,dr8
datasets\TIMIT\TRAIN\DR8\MRDM0\SX155.WAV,mrdm0,sx155,dr8
datasets\TIMIT\TRAIN\DR8\MRDM0\SX245.WAV,mrdm0,sx245,dr8
datasets\TIMIT\TRAIN\DR8\MRDM0\SX335.WAV,mrdm0,sx335,dr8
datasets\TIMIT\TRAIN\DR8\MRDM0\SX425.WAV,mrdm0,sx425,dr8
datasets\TIMIT\TRAIN\DR8\MRDM0\SX65.WAV,mrdm0,sx65,dr8
datasets\TIMIT\TRAIN\DR8\MRLK0\SA1.WAV,mrlk0,sa1,dr8
datasets\TIMIT\TRAIN\DR8\MRLK0\SA2.WAV,mrlk0,sa2,dr8
datasets\TIMIT\TRAIN\DR8\MRLK0\SI1468.WAV,mrlk0,si1468,dr8
datasets\TIMIT\TRAIN\DR8\MRLK0\SI2140.WAV,mrlk0,si2140,dr8
datasets\TIMIT\TRAIN\DR8\MRLK0\SI843.WAV,mrlk0,si843,dr8
datasets\TIMIT\TRAIN\DR8\MRLK0\SX123.WAV,mrlk0,sx123,dr8
datasets\TIMIT\TRAIN\DR8\MRLK0\SX213.WAV,mrlk0,sx213,dr8
datasets\TIMIT\TRAIN\DR8\MRLK0\SX303.WAV,mrlk0,sx303,dr8
datasets\TIMIT\TRAIN\DR8\MRLK0\SX33.WAV,mrlk0,sx33,dr8
datasets\TIMIT\TRAIN\DR8\MRLK0\SX393.WAV,mrlk0,sx393,dr8
datasets\TIMIT\TRAIN\DR8\MRRE0\SA1.WAV,mrre0,sa1,dr8
datasets\TIMIT\TRAIN\DR8\MRRE0\SA2.WAV,mrre0,sa2,dr8
datasets\TIMIT\TRAIN\DR8\MRRE0\SI1334.WAV,mrre0,si1334,dr8
datasets\TIMIT\TRAIN\DR8\MRRE0\SI704.WAV,mrre0,si704,dr8
datasets\TIMIT\TRAIN\DR8\MRRE0\SI952.WAV,mrre0,si952,dr8
datasets\TIMIT\TRAIN\DR8\MRRE0\SX164.WAV,mrre0,sx164,dr8
datasets\TIMIT\TRAIN\DR8\MRRE0\SX254.WAV,mrre0,sx254,dr8
datasets\TIMIT\TRAIN\DR8\MRRE0\SX344.WAV,mrre0,sx344,dr8
datasets\TIMIT\TRAIN\DR8\MRRE0\SX434.WAV,mrre0,sx434,dr8
datasets\TIMIT\TRAIN\DR8\MRRE0\SX74.WAV,mrre0,sx74,dr8
datasets\TIMIT\TRAIN\DR8\MTCS0\SA1.WAV,mtcs0,sa1,dr8
datasets\TIMIT\TRAIN\DR8\MTCS0\SA2.WAV,mtcs0,sa2,dr8
datasets\TIMIT\TRAIN\DR8\MTCS0\SI1972.WAV,mtcs0,si1972,dr8
datasets\TIMIT\TRAIN\DR8\MTCS0\SI2265.WAV,mtcs0,si2265,dr8
datasets\TIMIT\TRAIN\DR8\MTCS0\SI712.WAV,mtcs0,si712,dr8
datasets\TIMIT\TRAIN\DR8\MTCS0\SX172.WAV,mtcs0,sx172,dr8
datasets\TIMIT\TRAIN\DR8\MTCS0\SX262.WAV,mtcs0,sx262,dr8
datasets\TIMIT\TRAIN\DR8\MTCS0\SX352.WAV,mtcs0,sx352,dr8
datasets\TIMIT\TRAIN\DR8\MTCS0\SX442.WAV,mtcs0,sx442,dr8
datasets\TIMIT\TRAIN\DR8\MTCS0\SX82.WAV,mtcs0,sx82,dr8
